rank,shell,particles,count,percentage,cumulative_pct,top_exemplars
1,CV1C,3,818,37.73,37.73,"दध्, वद्, भद्, मद्, मुद्"
2,CCV1C,4,208,9.59,47.32,"स्कुद्, श्विद्, स्पद्, क्लिद्, ष्वद्"
3,CV1CC,4,203,9.36,56.69,"कुर्द्, खुर्द्, गुर्द्, पर्द्, कत्थ्"
4,CV2CV1,4,105,4.84,61.53,"गाधृ, बाधृ, नाधृ, नाथृ, वेथृ"
5,CV2C,3,101,4.66,66.19,"षूद्, काच्, लाच्, वाच्, कूज्"
6,CV2,2,87,4.01,70.20,"भू, दॄ, नॄ, जॄ, णी"
7,V1C,2,65,3.00,73.20,"अत्, अद्, इद्, अक्, अघ्"
8,CV1,2,65,3.00,76.20,"जि, न, भृ, हृ, धृ"
9,CV1CV2,4,55,2.54,78.74,"यती, चिती, षिधू, भृजी, कटे"
10,CCV2,3,49,2.26,81.00,"श्रा, ग्ला, स्ना, ग्लै, म्लै"
11,CCV1CC,5,43,1.98,82.98,"स्पर्ध्, स्वर्द्, ष्वस्क्, क्रुञ्च्, त्वञ्च्"
12,CCV2CV1,5,40,1.85,84.82,"श्लोकृ, स्रोकृ, द्रेकृ, ध्रेकृ, स्रेकृ"
13,CCV1,3,35,1.61,86.44,"क्षि, स्मृ, श्रि, ह्वृ, स्वृ"
14,V1CC,3,30,1.38,87.82,"उर्द्, अर्द्, अञ्च्, अर्च्, अर्ज्"
15,CV1CV1,4,30,1.38,89.21,"युतृ, जुतृ, विथृ, टिकृ, तिकृ"
16,CV2CC,4,23,1.06,90.27,"वेष्ट्, चेष्ट्, गोष्ट्, लोष्ट्, घूर्ण्"
17,CCV2C,4,21,0.97,91.24,"ह्राद्, स्वाद्, म्लेच्, ह्रीच्, क्षीज्"
18,V2C,2,19,0.88,92.11,"एध्, ईख्, ईज्, आच्, एठ्"
19,CV1CV1C,5,17,0.78,92.90,"घुषिर्, तुहिर्, दुहिर्, चदिर्, बुधिर्"
20,CV2CV2,4,15,0.69,93.59,"पूयी, गाहू, दीधी, वेवी, दीपी"
21,CV1CCV2,5,14,0.65,94.23,"हुर्चा, मुर्चा, तुर्वी, थुर्वी, दुर्वी"
22,CCV1CV2,5,13,0.60,94.83,"त्रपू, क्षमू, श्विता, ह्रगे, ह्लगे"
23,V2CV1,3,8,0.37,95.20,"ओखृ, एजृ, ओणृ, एषृ, आपॢ"
24,CCV1CV1C,6,6,0.28,95.48,"च्युतिर्, श्चुतिर्, ज्युतिर्, स्फुटिर्, स्खदिर्"
25,V2CV1C,4,6,0.28,95.76,"आङः्, ओलड्"
26,CV1CV2C,5,6,0.28,96.03,"वमां्, चमाम्, कुमार्, गवेष्, निवास्"
27,V1,1,5,0.23,96.26,"ऋ, उ, इ"
28,V1CV2,3,4,0.18,96.45,"उची, अशू, ऋषी"
29,CV1CV1CV2,6,4,0.18,96.63,"ञिफला, ञिमिदा, ञिधृषा"
30,V1CCV2,4,4,0.18,96.82,"उर्वी, अक्षू, उन्दी, अञ्जू"
31,CV1CCC,5,4,0.18,97.00,"षर्क्ष्, जर्त्स्, झर्त्स्, भर्त्स्"
32,CCV2CC,5,4,0.18,97.19,"द्राक्ष्, ध्राक्ष्, ध्वाक्ष्, ट्वोश्व्"
33,CCV2CV2,5,3,0.14,97.32,"ह्लादी, क्नूयी, स्फायी"
34,CCV1CCV2,6,3,0.14,97.46,"स्फुर्चा, त्वक्षू, स्यन्दू"
35,V2CV2,3,3,0.14,97.60,"ऊयी, ओवै, ओहा"
36,V2CC,3,3,0.14,97.74,"ईक्ष्, ऊर्ण्, ऊर्ज्"
37,CV1CCV1CV2,7,3,0.14,97.88,"ञिष्विदा, ञित्वरा, कम्पने"
38,CV1CCCV1CV2,8,3,0.14,98.02,ञिक्ष्विदा
39,V2CV1CV2,5,3,0.14,98.15,"ओविजी, ओलजी"
40,V1CCV1C,5,3,0.14,98.29,"उध्रस्, उघ्रस्"
41,CV2CCC,5,2,0.09,98.39,"सूर्क्ष्, षान्त्व्"
42,CCCV2,4,2,0.09,98.48,"स्त्यै, ष्ट्यै"
43,V2,1,2,0.09,98.57,"ई, ॠ"
44,V1CV1CV1C,6,2,0.09,98.66,"उचृदिर्, उतृदिर्"
45,CV1CCV2C,6,2,0.09,98.75,"पल्यूल्, सङ्केत्"
46,CCCV1CV1C,7,1,0.05,98.80,श्च्युतिर्
47,CCV2CCV2CCV2,9,1,0.05,98.85,ट्वोस्फूर्जा
48,CCV1CV1,5,1,0.05,98.89,ष्टिपृ
49,CCCV2CV2,6,1,0.05,98.94,क्ष्मायी
50,V2CCV2CV2,6,1,0.05,98.99,ओप्यायी
51,CV2CCCC,6,1,0.05,99.03,षूर्क्ष्य्
52,V2CCCC,5,1,0.05,99.08,ईर्क्ष्य्
53,V2CCC,4,1,0.05,99.12,ईर्ष्य्
54,CCCV2C,5,1,0.05,99.17,क्ष्मील्
55,CCCV2CV1,6,1,0.05,99.22,क्ष्वेलृ
56,CCCV1CC,6,1,0.05,99.26,ष्ट्रक्ष्
57,V1CV1C,4,1,0.05,99.31,उहिर्
58,V1CV1CCV1C,7,1,0.05,99.35,उबुन्दिर्
59,CCV1CCV1C,7,1,0.05,99.40,स्कन्दिर्
60,CCCV1,4,1,0.05,99.45,क्ष्णु
61,CV1CCV1C,6,1,0.05,99.49,ञिष्वप्
62,CV1CV1CCV2,7,1,0.05,99.54,दरिद्रा
63,CV1CV2CV1,6,1,0.05,99.58,चकासृ
64,V2CV2C,4,1,0.05,99.63,ओहाक्
65,CV2CV1C,5,1,0.05,99.68,वावृत्
66,V2CV1CV1C,6,1,0.05,99.72,ईशुचिर्
67,V1CV2CV1C,6,1,0.05,99.77,अनोरुध्
68,V2CV1CCV2,6,1,0.05,99.82,ओलस्जी
69,V2CCV1CCV2,7,1,0.05,99.86,ओव्रश्चू
70,CV1V1CCV2,6,1,0.05,99.91,ञिइन्धी
71,CV1CV2CC,6,1,0.05,99.95,कृपेश्च्
72,CV1CCCV2C,7,1,0.05,100.00,सङ्ग्राम्
