catalog_id,engine_id,source_variant,visible_suffix,semantic_contexts,semantic_descriptions,direct_rule_refs,implementation_files,selected_operation_id,classification_disposition,count_status,semantic_families,productivity_class,counting_decision
taddhita:a,a,a,,TatraJata,Where this was born. (4.3.25),4.3.31,vidyut-taddhita-pragdivyatiya.rs,,conditioned_semantic_relation_deferred,not_admitted,place_origin_association,conditioned_inputs_only,requires an input satisfying the rule's named semantic condition
taddhita:akac,akac,akac,aka,,,5.3.71,vidyut-taddhita-pragiviya.rs,,self_meaning_or_structural_relation_deferred,not_admitted,same_meaning_or_structural,form_capacity_not_new_meaning,a new form is not counted without evidence of a distinct meaning
taddhita:ac,ac,ac,a,,,,,,engine_identifier_not_reached_in_archived_implementation,not_admitted,unreached_in_pinned_implementation,unreached_not_counted,the pinned implementation does not establish an operation here
taddhita:aWac,aWac,aWac,aWa,,,5.2.35,vidyut-taddhita-panchami.rs,,self_meaning_or_structural_relation_deferred,not_admitted,same_meaning_or_structural,form_capacity_not_new_meaning,a new form is not counted without evidence of a distinct meaning
taddhita:aR,aR,aR,a,AsyaNivasa;Caturarthika;IvePratikrtau;Janapada;Matsye;Nirmita;SaAsyaDevata;Shilpam;TadAsmaiDiyateNiyuktam;TadAsyaAstiAsmin;TadAsyaPramanam;TadVahati;TasyaApatyam;TasyaDharmyam;TasyaIdam;TasyaSamuha;TasyaVikara;TataAgata;TatraBhava;TatraJata;TenaHarati;TenaProktam;TenaSamskrtam;TenaSamsrshte,"Dwelling. (4.3.89) | Country, by entities present (4.2.67), creator (4.2.68), dwelling place (4.2.69), or nearby features (4.2.70). | TODO | Country. (4.1.168) | TODO | Made of this. (4.4.93) | Having this as a god. (4.2.24) | One who has this art. (4.4.55) | To whom this is given rightfully. (4.4.66) | What one has or is in. (5.2.94) | Measure. (5.2.37) | What one bears. (4.4.78) | Descendant. (4.1.92) | One who has this custom. (4.4.47) | One who has this. (4.3.120) | A collection of this. (4.2.37) | Modification of this. (4.3.134) | Where one came from. (4.3.74) | Where this stays or exists. (4.3.53) | Where this was born. (4.3.25) | One who conveys with this. (4.4.15) | What is proclaimed by this person. (4.3.101) | Cultured or processed. (4.4.3) | Mixed with. (4.4.22)",4.1.112;4.1.116;4.1.117;4.1.118;4.1.170;4.1.84;4.2.132;4.2.133;4.2.38;4.2.77;4.2.78;4.2.79;4.3.108;4.3.132;4.3.136;4.3.137;4.3.138;4.3.16;4.3.164;4.3.165;4.3.22;4.3.76;4.4.112;4.4.18;4.4.25;4.4.4;4.4.48;4.4.56;4.4.68;4.4.80;4.4.94.b;5.1.105;5.1.27;5.2.61;5.3.107;5.4.16,vidyut-taddhita-matvartha.rs;vidyut-taddhita-panchami.rs;vidyut-taddhita-pragdivyatiya.rs;vidyut-taddhita-pragghitiya.rs;vidyut-taddhita-pragvahatiya.rs;vidyut-taddhita-pragvatiya.rs;vidyut-taddhita-svarthika.rs,,conditioned_semantic_relation_deferred,not_admitted,descent_identity_community;place_origin_association;material_transformation_preparation;possession_state_measure;purpose_suitability_value;action_occupation_instrument;knowledge_devotion_relation;evaluation_comparison_degree;other_conditioned_relation,conditioned_inputs_only,requires an input satisfying the rule's named semantic condition
taddhita:aY,aY,aY,a,AsyaNivasa;Caturarthika;Gotra;Janapada;TadarthamVikrtehPrakrtau;TasyaApatyam;TasyaDharmyam;TasyaIdam;TasyaSamuha;TasyaVikara;TatraJata;TenaKrte,"Dwelling. (4.3.89) | Country, by entities present (4.2.67), creator (4.2.68), dwelling place (4.2.69), or nearby features (4.2.70). | Patronymic lineage. (4.1.98) | Country. (4.1.168) | What could be created from this raw material. (5.1.12) | Descendant. (4.1.92) | One who has this custom. (4.4.47) | One who has this. (4.3.120) | A collection of this. (4.2.37) | Modification of this. (4.3.134) | Where this was born. (4.3.25) | By whom this is made. (4.3.116)",4.1.104;4.1.168;4.1.169;4.1.86;4.2.45;4.2.71;4.2.72;4.2.75;4.3.119;4.3.123;4.3.139;4.3.141;4.3.154;4.4.49;5.1.15;5.1.26,vidyut-taddhita-pragdivyatiya.rs;vidyut-taddhita-pragvahatiya.rs;vidyut-taddhita-pragvatiya.rs;vidyut-taddhita-prakkritiya.rs,,conditioned_semantic_relation_deferred,not_admitted,descent_identity_community;place_origin_association;material_transformation_preparation;possession_state_measure;knowledge_devotion_relation,conditioned_inputs_only,requires an input satisfying the rule's named semantic condition
taddhita:at,at,at,a,,,,,,engine_identifier_not_reached_in_archived_implementation,not_admitted,unreached_in_pinned_implementation,unreached_not_counted,the pinned implementation does not establish an operation here
taddhita:atasu~c,atasu~c,atasuc,atas,DigDeshaKala,"Words meaning direction, location, or time. (5.3.27)",5.3.28;5.3.29,vidyut-taddhita-pragiviya.rs,,conditioned_semantic_relation_deferred,not_admitted,place_origin_association,conditioned_inputs_only,requires an input satisfying the rule's named semantic condition
taddhita:ani~c,ani~c,anic,an,,,,,,engine_identifier_not_reached_in_archived_implementation,not_admitted,unreached_in_pinned_implementation,unreached_not_counted,the pinned implementation does not establish an operation here
taddhita:ap,ap,ap,a,,,,,,engine_identifier_not_reached_in_archived_implementation,not_admitted,unreached_in_pinned_implementation,unreached_not_counted,the pinned implementation does not establish an operation here
taddhita:asi~c,asi~c,asic,as,,,,,,engine_identifier_not_reached_in_archived_implementation,not_admitted,unreached_in_pinned_implementation,unreached_not_counted,the pinned implementation does not establish an operation here
taddhita:astAti~,astAti~,astAti,astAt,DigDeshaKala,"Words meaning direction, location, or time. (5.3.27)",5.3.27,vidyut-taddhita-pragiviya.rs,,conditioned_semantic_relation_deferred,not_admitted,place_origin_association,conditioned_inputs_only,requires an input satisfying the rule's named semantic condition
taddhita:Akini~c,Akini~c,Akinic,Akin,,,5.3.52,vidyut-taddhita-pragiviya.rs,,self_meaning_or_structural_relation_deferred,not_admitted,same_meaning_or_structural,form_capacity_not_new_meaning,a new form is not counted without evidence of a distinct meaning
taddhita:Arak,Arak,Arak,Ara,TasyaApatyam,Descendant. (4.1.92),4.1.130,vidyut-taddhita-pragdivyatiya.rs,,conditioned_semantic_relation_deferred,not_admitted,descent_identity_community,conditioned_inputs_only,requires an input satisfying the rule's named semantic condition
taddhita:iY,iY,iY,i,Janapada;TasyaApatyam,Country. (4.1.168) | Descendant. (4.1.92),4.1.173;4.1.95;4.1.96;4.1.97,vidyut-taddhita-pragdivyatiya.rs,,conditioned_semantic_relation_deferred,not_admitted,descent_identity_community,conditioned_inputs_only,requires an input satisfying the rule's named semantic condition
taddhita:itac,itac,itac,ita,TadAsyaSamjatam,Of which this is observed. (5.2.36),5.2.36,vidyut-taddhita-panchami.rs,,conditioned_semantic_relation_deferred,not_admitted,possession_state_measure,conditioned_inputs_only,requires an input satisfying the rule's named semantic condition
taddhita:inac,inac,inac,ina,,,,vidyut-taddhita-panchami.rs,,self_meaning_or_structural_relation_deferred,not_admitted,same_meaning_or_structural,form_capacity_not_new_meaning,a new form is not counted without evidence of a distinct meaning
taddhita:ini~,ini~,ini,in,TadAsyaAstiAsmin;TenaProktam;TenaSamsrshte,What one has or is in. (5.2.94) | What is proclaimed by this person. (4.3.101) | Mixed with. (4.4.22),4.3.111;4.4.23,vidyut-taddhita-matvartha.rs;vidyut-taddhita-pragdivyatiya.rs;vidyut-taddhita-pragvahatiya.rs,,conditioned_semantic_relation_deferred,not_admitted,material_transformation_preparation;possession_state_measure;knowledge_devotion_relation,conditioned_inputs_only,requires an input satisfying the rule's named semantic condition
taddhita:imani~c,imani~c,imanic,iman,TasyaBhava,The existence of which. (5.1.119),5.1.122,vidyut-taddhita-nan-snan.rs,,conditioned_semantic_relation_deferred,not_admitted,possession_state_measure,conditioned_inputs_only,requires an input satisfying the rule's named semantic condition
taddhita:ila,ila,ila,ila,,,,,,engine_identifier_not_reached_in_archived_implementation,not_admitted,unreached_in_pinned_implementation,unreached_not_counted,the pinned implementation does not establish an operation here
taddhita:ilac,ilac,ilac,ila,TadAsyaAstiAsmin,What one has or is in. (5.2.94),,vidyut-taddhita-matvartha.rs,,conditioned_semantic_relation_deferred,not_admitted,possession_state_measure,conditioned_inputs_only,requires an input satisfying the rule's named semantic condition
taddhita:izWan,izWan,izWan,izWa,,,,vidyut-taddhita-pragiviya.rs,,self_meaning_or_structural_relation_deferred,not_admitted,same_meaning_or_structural,form_capacity_not_new_meaning,a new form is not counted without evidence of a distinct meaning
taddhita:Ikak,Ikak,Ikak,Ika,IvePratikrtau;Praharanam,TODO | One who has this weapon. (4.4.57),4.4.59;5.3.110,vidyut-taddhita-pragvahatiya.rs;vidyut-taddhita-svarthika.rs,,conditioned_semantic_relation_deferred,not_admitted,action_occupation_instrument;evaluation_comparison_degree,conditioned_inputs_only,requires an input satisfying the rule's named semantic condition
taddhita:Ikan,Ikan,Ikan,Ika,,,,vidyut-taddhita-pragvatiya.rs,,self_meaning_or_structural_relation_deferred,not_admitted,same_meaning_or_structural,form_capacity_not_new_meaning,a new form is not counted without evidence of a distinct meaning
taddhita:Iyasu~n,Iyasu~n,Iyasun,Iyas,,,,vidyut-taddhita-pragiviya.rs,,self_meaning_or_structural_relation_deferred,not_admitted,same_meaning_or_structural,form_capacity_not_new_meaning,a new form is not counted without evidence of a distinct meaning
taddhita:eRya,eRya,eRya,eRya,,,4.3.17,vidyut-taddhita-pragdivyatiya.rs,,self_meaning_or_structural_relation_deferred,not_admitted,same_meaning_or_structural,form_capacity_not_new_meaning,a new form is not counted without evidence of a distinct meaning
taddhita:Erak,Erak,Erak,Era,TasyaApatyam,Descendant. (4.1.92),4.1.128,vidyut-taddhita-pragdivyatiya.rs,,conditioned_semantic_relation_deferred,not_admitted,descent_identity_community,conditioned_inputs_only,requires an input satisfying the rule's named semantic condition
taddhita:ka,ka,ka,ka,,,5.3.70;5.4.28,vidyut-taddhita-pragiviya.rs;vidyut-taddhita-svarthika.rs,,self_meaning_or_structural_relation_deferred,not_admitted,same_meaning_or_structural,form_capacity_not_new_meaning,a new form is not counted without evidence of a distinct meaning
taddhita:kak,kak,kak,ka,,,,,,engine_identifier_not_reached_in_archived_implementation,not_admitted,unreached_in_pinned_implementation,unreached_not_counted,the pinned implementation does not establish an operation here
taddhita:kawac,kawac,kawac,kawa,,,5.2.29,vidyut-taddhita-panchami.rs,,self_meaning_or_structural_relation_deferred,not_admitted,same_meaning_or_structural,form_capacity_not_new_meaning,a new form is not counted without evidence of a distinct meaning
taddhita:kan,kan,kan,ka,Acchadana;AnatyantaGati;Avakshepane;Hrasve;IvePratikrtau;Kutsite;PrakaraVacane;TasyaVikara;TatraBhava;TatraJata;TatraKushala,TODO | TODO | Derision. (5.3.95) | TODO | TODO | Contempt. (5.3.75) | Expressing manner. (5.4.3) | Modification of this. (4.3.134) | Where this stays or exists. (4.3.53) | Where this was born. (4.3.25) | Skilled in this. (5.2.63),4.2.131;4.3.147;4.3.32;4.3.65;5.1.22;5.1.23;5.2.64;5.3.75;5.3.87;5.3.95;5.3.96;5.4.29;5.4.3;5.4.30;5.4.31;5.4.32;5.4.33;5.4.4;5.4.6,vidyut-taddhita-matvartha.rs;vidyut-taddhita-pragdivyatiya.rs;vidyut-taddhita-pragiviya.rs;vidyut-taddhita-pragvatiya.rs;vidyut-taddhita-svarthika.rs,,conditioned_semantic_relation_deferred,not_admitted,place_origin_association;material_transformation_preparation;action_occupation_instrument;evaluation_comparison_degree,conditioned_inputs_only,requires an input satisfying the rule's named semantic condition
taddhita:kap,kap,kap,ka,,,,,,engine_identifier_not_reached_in_archived_implementation,not_admitted,unreached_in_pinned_implementation,unreached_not_counted,the pinned implementation does not establish an operation here
taddhita:kalpap,kalpap,kalpap,kalpa,,,,vidyut-taddhita-pragiviya.rs,,self_meaning_or_structural_relation_deferred,not_admitted,same_meaning_or_structural,form_capacity_not_new_meaning,a new form is not counted without evidence of a distinct meaning
taddhita:kftvasu~c,kftvasu~c,kftvasuc,kftvas,KriyaAbhyavrttiGanana,TODO,5.4.17,vidyut-taddhita-svarthika.rs,,conditioned_semantic_relation_deferred,not_admitted,time_quantity_repetition,conditioned_inputs_only,requires an input satisfying the rule's named semantic condition
taddhita:kuwArac,kuwArac,kuwArac,kuwAra,,,,vidyut-taddhita-panchami.rs,,self_meaning_or_structural_relation_deferred,not_admitted,same_meaning_or_structural,form_capacity_not_new_meaning,a new form is not counted without evidence of a distinct meaning
taddhita:kuRap,kuRap,kuRap,kura,TasyaPakamula,The ripening season of this. (5.2.24),,vidyut-taddhita-panchami.rs,,conditioned_semantic_relation_deferred,not_admitted,time_quantity_repetition,conditioned_inputs_only,requires an input satisfying the rule's named semantic condition
taddhita:Ka,Ka,Ka,Ina,AlamGami;Darshana;Gami;Krta;Prapnoti;SambhavatiAharatiPacati;Svarthe;TadAnubhavati;TadVahati;TamAdhisteBhrtoBhutoBhavi;TasmaiHitam;TasyaApatyam;Vyapnoti,"Fit to go. (5.2.15) | Mirror. (5.2.6) | Who intends to go. (5.2.11) | Wholly made of this. (5.2.5) | Obtains. (5.2.8) | What is capable of this, or holds this, or cooks this. (5.152) | TODO | Who witnesses this. (5.2.10) | What one bears. (4.4.78) | For which time one instructs, is paid, existed, or will exist. (5.1.80) | One for whom this is good. (5.1.7) | Descendant. (4.1.92) | Pervades. (5.2.7)",4.1.139;4.4.78;5.1.53;5.1.85;5.1.9;5.2.10;5.2.11;5.2.15;5.2.6;5.2.7;5.2.8;5.2.9;5.4.7,vidyut-taddhita-panchami.rs;vidyut-taddhita-pragdivyatiya.rs;vidyut-taddhita-pragghitiya.rs;vidyut-taddhita-pragvatiya.rs;vidyut-taddhita-prakkritiya.rs;vidyut-taddhita-svarthika.rs,,conditioned_semantic_relation_deferred,not_admitted,descent_identity_community;material_transformation_preparation;purpose_suitability_value;action_occupation_instrument;time_quantity_repetition;other_conditioned_relation,conditioned_inputs_only,requires an input satisfying the rule's named semantic condition
taddhita:KaY,KaY,KaY,Ina,BhutaPurva;DhanyanamBhavaneKshetre;EkahaGama;Krta;TasmaiHitam;TasyaApatyam;TatraSadhu;TenaJivati;Vayasi,"Formerly this. (5.2.18) | A place of growing, when that place is a field. (5.2.1) | What can be traveled in one day. (5.2.19) | Wholly made of this. (5.2.5) | One for whom this is good. (5.1.7) | Descendant. (4.1.92) | Skilled in this. (4.4.98) | One who lives with this. (4.4.12) | Age. (5.1.81)",4.4.99;5.1.11;5.2.1;5.2.18;5.2.19;5.2.21,vidyut-taddhita-panchami.rs;vidyut-taddhita-pragdivyatiya.rs;vidyut-taddhita-pragghitiya.rs;vidyut-taddhita-pragvatiya.rs;vidyut-taddhita-prakkritiya.rs,,conditioned_semantic_relation_deferred,not_admitted,descent_identity_community;material_transformation_preparation;purpose_suitability_value;action_occupation_instrument;time_quantity_repetition;other_conditioned_relation,conditioned_inputs_only,requires an input satisfying the rule's named semantic condition
taddhita:Ga,Ga,Ga,iya,SaAsyaDevata;TasyaApatyam;TatraBhava,Having this as a god. (4.2.24) | Descendant. (4.1.92) | Where this stays or exists. (4.3.53),4.1.138;4.2.27;4.4.118,vidyut-taddhita-pragdivyatiya.rs;vidyut-taddhita-pragghitiya.rs,,conditioned_semantic_relation_deferred,not_admitted,descent_identity_community;place_origin_association;knowledge_devotion_relation,conditioned_inputs_only,requires an input satisfying the rule's named semantic condition
taddhita:Gac,Gac,Gac,iya,,,,,,engine_identifier_not_reached_in_archived_implementation,not_admitted,unreached_in_pinned_implementation,unreached_not_counted,the pinned implementation does not establish an operation here
taddhita:Gan,Gan,Gan,iya,SaAsyaDevata;TadArhati;TatraBhava,Having this as a god. (4.2.24) | One deserves this. (5.1.63) | Where this stays or exists. (4.3.53),4.2.26;4.4.115,vidyut-taddhita-pragdivyatiya.rs;vidyut-taddhita-pragghitiya.rs;vidyut-taddhita-pragvatiya.rs,,conditioned_semantic_relation_deferred,not_admitted,place_origin_association;purpose_suitability_value;knowledge_devotion_relation,conditioned_inputs_only,requires an input satisfying the rule's named semantic condition
taddhita:Gas,Gas,Gas,iya,,,5.1.106,vidyut-taddhita-pragvatiya.rs,,self_meaning_or_structural_relation_deferred,not_admitted,same_meaning_or_structural,form_capacity_not_new_meaning,a new form is not counted without evidence of a distinct meaning
taddhita:caRap,caRap,caRap,caRa,TenaVitta,Celebrated through this. (5.2.26),,vidyut-taddhita-panchami.rs,,conditioned_semantic_relation_deferred,not_admitted,other_conditioned_relation,conditioned_inputs_only,requires an input satisfying the rule's named semantic condition
taddhita:caraw,caraw,caraw,cara,,,5.3.53,vidyut-taddhita-pragiviya.rs,,self_meaning_or_structural_relation_deferred,not_admitted,same_meaning_or_structural,form_capacity_not_new_meaning,a new form is not counted without evidence of a distinct meaning
taddhita:cuYcup,cuYcup,cuYcup,cuYcu,TenaVitta,Celebrated through this. (5.2.26),,vidyut-taddhita-panchami.rs,,conditioned_semantic_relation_deferred,not_admitted,other_conditioned_relation,conditioned_inputs_only,requires an input satisfying the rule's named semantic condition
taddhita:cPaY,cPaY,cPaY,Ayana,Gotra,Patronymic lineage. (4.1.98),4.1.98,vidyut-taddhita-pragdivyatiya.rs,,conditioned_semantic_relation_deferred,not_admitted,descent_identity_community,conditioned_inputs_only,requires an input satisfying the rule's named semantic condition
taddhita:cvi~,cvi~,cvi,-,AbhutaTadbhava,Becoming what one was not. (5.4.50),5.4.50;5.4.51,vidyut-taddhita-svarthika.rs,,conditioned_semantic_relation_deferred,not_admitted,material_transformation_preparation,conditioned_inputs_only,requires an input satisfying the rule's named semantic condition
taddhita:Ca,Ca,Ca,Iya,AlamGami;AyudhaJiviSangha;Caturarthika;IvePratikrtau;SaAsyaDevata;Svarthe;TadArhati;TasyaApatyam;TasyaIdam;TasyaNimittamSamyogotpattau;TatraBhava;TenaJivati,"Fit to go. (5.2.15) | Those who make a living by arms. (5.3.114) | Country, by entities present (4.2.67), creator (4.2.68), dwelling place (4.2.69), or nearby features (4.2.70). | TODO | Having this as a god. (4.2.24) | TODO | One deserves this. (5.1.63) | Descendant. (4.1.92) | One who has this. (4.3.120) | For the sake of this, when the meaning is a relation or appearance. (5.1.38) | Where this stays or exists. (4.3.53) | One who lives with this. (4.4.12)",4.1.143;4.2.114;4.2.138;4.2.143;4.2.28;4.3.131;4.3.62;4.3.63;5.1.1;5.3.105;5.3.116,vidyut-taddhita-panchami.rs;vidyut-taddhita-pragdivyatiya.rs;vidyut-taddhita-pragghitiya.rs;vidyut-taddhita-pragvahatiya.rs;vidyut-taddhita-pragvatiya.rs;vidyut-taddhita-prakkritiya.rs;vidyut-taddhita-svarthika.rs,,conditioned_semantic_relation_deferred,not_admitted,descent_identity_community;place_origin_association;possession_state_measure;purpose_suitability_value;action_occupation_instrument;knowledge_devotion_relation;evaluation_comparison_degree;other_conditioned_relation,conditioned_inputs_only,requires an input satisfying the rule's named semantic condition
taddhita:CaR,CaR,CaR,Iya,TasyaApatyam;TenaProktam,Descendant. (4.1.92) | What is proclaimed by this person. (4.3.101),4.1.132;4.1.134;4.3.102,vidyut-taddhita-pragdivyatiya.rs,,conditioned_semantic_relation_deferred,not_admitted,descent_identity_community;knowledge_devotion_relation,conditioned_inputs_only,requires an input satisfying the rule's named semantic condition
taddhita:Cas,Cas,Cas,Iya,,,,vidyut-taddhita-pragdivyatiya.rs,,self_meaning_or_structural_relation_deferred,not_admitted,same_meaning_or_structural,form_capacity_not_new_meaning,a new form is not counted without evidence of a distinct meaning
taddhita:jAtIyar,jAtIyar,jAtIyar,jAtIya,PrakaraVacane,Expressing manner. (5.4.3),5.3.69,vidyut-taddhita-svarthika.rs,,conditioned_semantic_relation_deferred,not_admitted,evaluation_comparison_degree,conditioned_inputs_only,requires an input satisfying the rule's named semantic condition
taddhita:jAhac,jAhac,jAhac,jAha,TasyaPakamula,The ripening season of this. (5.2.24),,vidyut-taddhita-panchami.rs,,conditioned_semantic_relation_deferred,not_admitted,time_quantity_repetition,conditioned_inputs_only,requires an input satisfying the rule's named semantic condition
taddhita:Ya,Ya,Ya,a,,,,,,engine_identifier_not_reached_in_archived_implementation,not_admitted,unreached_in_pinned_implementation,unreached_not_counted,the pinned implementation does not establish an operation here
taddhita:Yi~Wa,Yi~Wa,YiWa,ika,,,,vidyut-taddhita-pragdivyatiya.rs,,self_meaning_or_structural_relation_deferred,not_admitted,same_meaning_or_structural,form_capacity_not_new_meaning,a new form is not counted without evidence of a distinct meaning
taddhita:Yya,Yya,Yya,ya,AsyaNivasa;Samyukta;Svarthe;TadarthamVikrtehPrakrtau;Tadarthye;TasyaIdam;TatraBhava,Dwelling. (4.3.89) | Joined with this. (4.4.90) | TODO | What could be created from this raw material. (5.1.12) | For the sake of which. (5.4.24) | One who has this. (4.3.120) | Where this stays or exists. (4.3.53),4.3.129;4.3.58;4.3.92;4.4.90;5.1.14;5.4.23;5.4.26,vidyut-taddhita-pragdivyatiya.rs;vidyut-taddhita-pragghitiya.rs;vidyut-taddhita-prakkritiya.rs;vidyut-taddhita-svarthika.rs,,conditioned_semantic_relation_deferred,not_admitted,place_origin_association;material_transformation_preparation;possession_state_measure;purpose_suitability_value;other_conditioned_relation,conditioned_inputs_only,requires an input satisfying the rule's named semantic condition
taddhita:YyaN,YyaN,YyaN,ya,Janapada,Country. (4.1.168),4.1.171,vidyut-taddhita-pragdivyatiya.rs,,conditioned_semantic_relation_deferred,not_admitted,descent_identity_community,conditioned_inputs_only,requires an input satisfying the rule's named semantic condition
taddhita:Yyaw,Yyaw,Yyaw,ya,AyudhaJiviSangha,Those who make a living by arms. (5.3.114),5.3.114,vidyut-taddhita-svarthika.rs,,conditioned_semantic_relation_deferred,not_admitted,descent_identity_community,conditioned_inputs_only,requires an input satisfying the rule's named semantic condition
taddhita:wac,wac,wac,a,,,,,,engine_identifier_not_reached_in_archived_implementation,not_admitted,unreached_in_pinned_implementation,unreached_not_counted,the pinned implementation does not establish an operation here
taddhita:waq,waq,waq,a,,,,,,engine_identifier_not_reached_in_archived_implementation,not_admitted,unreached_in_pinned_implementation,unreached_not_counted,the pinned implementation does not establish an operation here
taddhita:wi~Wan,wi~Wan,wiWan,iWa,TadAsmaiDiyateNiyuktam,To whom this is given rightfully. (4.4.66),4.4.67;5.1.25,vidyut-taddhita-pragvahatiya.rs;vidyut-taddhita-pragvatiya.rs,,conditioned_semantic_relation_deferred,not_admitted,purpose_suitability_value,conditioned_inputs_only,requires an input satisfying the rule's named semantic condition
taddhita:wIwac,wIwac,wIwac,wIwa,,,,vidyut-taddhita-panchami.rs,,self_meaning_or_structural_relation_deferred,not_admitted,same_meaning_or_structural,form_capacity_not_new_meaning,a new form is not counted without evidence of a distinct meaning
taddhita:weRyaR,weRyaR,weRyaR,eRya,AyudhaJiviSangha,Those who make a living by arms. (5.3.114),5.3.115,vidyut-taddhita-svarthika.rs,,conditioned_semantic_relation_deferred,not_admitted,descent_identity_community,conditioned_inputs_only,requires an input satisfying the rule's named semantic condition
taddhita:wyaR,wyaR,wyaR,ya,SaAsyaDevata,Having this as a god. (4.2.24),4.2.30,vidyut-taddhita-pragdivyatiya.rs,,conditioned_semantic_relation_deferred,not_admitted,knowledge_devotion_relation,conditioned_inputs_only,requires an input satisfying the rule's named semantic condition
taddhita:wyu~,wyu~,wyu,ana,,,,vidyut-taddhita-pragdivyatiya.rs,,self_meaning_or_structural_relation_deferred,not_admitted,same_meaning_or_structural,form_capacity_not_new_meaning,a new form is not counted without evidence of a distinct meaning
taddhita:wyu~l,wyu~l,wyul,ana,,,,vidyut-taddhita-pragdivyatiya.rs,,self_meaning_or_structural_relation_deferred,not_admitted,same_meaning_or_structural,form_capacity_not_new_meaning,a new form is not counted without evidence of a distinct meaning
taddhita:wlaY,wlaY,wlaY,la,TasyaVikara,Modification of this. (4.3.134),4.3.142,vidyut-taddhita-pragdivyatiya.rs,,conditioned_semantic_relation_deferred,not_admitted,material_transformation_preparation,conditioned_inputs_only,requires an input satisfying the rule's named semantic condition
taddhita:Wak,Wak,Wak,ika,Avakraya;Carati;Caturarthika;Eti;Grhnati;Hanti;HitamBhaksha;IvePratikrtau;KarmaAdhyayaneVrttam;Karoti;Mati;Niyuktam;Pashyati;Praharanam;PrayacchatiGarhyam;Samavaiti;SamskrtamBhaksha;Shilam;Shilpam;Svarthe;TadAsmaiDiyateNiyuktam;TadAsyaPanyam;TadRakshati;TadVahati;TasyaApatyam;TasyaDharmyam;TasyaIdam;TasyaSamuha;TatraPrayabhava;TatraSadhu;TenaCarati;TenaDivyatiJayatiJitam;TenaHarati;TenaJivati;TenaNirvrtte;TenaRaktam;TenaSamskrtam;TenaSamsrshte;TenaTarati;TenaUpasikte;Unchati;Vartate;Vasati;Vyavaharati,"What is taxed. (4.4.50) | What one practices. (4.4.41) | Country, by entities present (4.2.67), creator (4.2.68), dwelling place (4.2.69), or nearby features (4.2.70). | Who goes. (4.4.42) | What one takes. (4.4.39) | What one kills. (4.4.35) | One for whom this is a good diet. (4.4.65) | TODO | One who has this act in their studies. (4.4.63) | Who does this. (4.4.34) | One who has this belief. (4.4.60) | Where one is appointed. (4.4.69) | What one sees. (4.4.46) | One who has this weapon. (4.4.57) | One who gives in a contemptible way. (4.4.30) | Assembly. (4.4.43) | Food that is prepared with this vessel or medium. (4.2.16) | One who has this habit. (4.4.61) | One who has this art. (4.4.55) | TODO | To whom this is given rightfully. (4.4.66) | One who sells this item. (4.4.51) | What is protected. (4.4.33) | What one bears. (4.4.78) | Descendant. (4.1.92) | One who has this custom. (4.4.47) | One who has this. (4.3.120) | A collection of this. (4.2.37) | Where this generally occurs. (4.3.39) | Skilled in this. (4.4.98) | One who walks or eats with this. (4.4.8) | One who gambles, conquers, or is conquered with this. (4.4.2) | One who conveys with this. (4.4.15) | One who lives with this. (4.4.12) | Completed with. (4.4.19) | One dyed by this. (4.2.1) | Cultured or processed. (4.4.3) | Mixed with. (4.4.22) | One who crosses with this. (4.4.5) | Sprinkled with. (4.4.26) | What is gleaned. (4.4.32) | Existence. (4.4.27) | Who dwells here. (4.4.73) | Where one does work. (4.4.72)",4.1.146;4.2.102;4.2.18;4.2.19;4.2.2;4.2.45;4.3.124;4.3.18;4.3.40;4.4.102;4.4.12;4.4.15;4.4.17;4.4.19;4.4.2;4.4.22;4.4.24;4.4.26;4.4.27;4.4.28;4.4.29;4.4.3;4.4.30;4.4.32;4.4.33;4.4.34;4.4.35;4.4.36;4.4.37;4.4.39;4.4.40;4.4.41;4.4.43;4.4.46;4.4.47;4.4.5;4.4.50;4.4.51;4.4.55;4.4.57;4.4.60;4.4.61;4.4.63;4.4.65;4.4.66;4.4.69;4.4.71;4.4.72;4.4.73;4.4.8;4.4.81;5.1.19;5.1.20;5.3.108;5.4.13;5.4.34;5.4.35,vidyut-taddhita-pragdivyatiya.rs;vidyut-taddhita-pragghitiya.rs;vidyut-taddhita-pragvahatiya.rs;vidyut-taddhita-pragvatiya.rs;vidyut-taddhita-svarthika.rs,,conditioned_semantic_relation_deferred,not_admitted,descent_identity_community;place_origin_association;material_transformation_preparation;possession_state_measure;purpose_suitability_value;action_occupation_instrument;evaluation_comparison_degree;other_conditioned_relation,conditioned_inputs_only,requires an input satisfying the rule's named semantic condition
taddhita:Wac,Wac,Wac,ika,IvePratikrtau,TODO,,vidyut-taddhita-svarthika.rs,,conditioned_semantic_relation_deferred,not_admitted,evaluation_comparison_degree,conditioned_inputs_only,requires an input satisfying the rule's named semantic condition
taddhita:WaY,WaY,WaY,ika,AbhigamanamArhati;Bhakti;Gacchati;Hanti;Praharanam;SaAsyaDevata;TadAsyaPanyam;TasyaSamuha;TataAgata;TatraBhava;TatraSadhu;TenaCarati;TenaTarati,Who deserves approach (5.1.74 vArttika) | Devotion. (4.3.95) | Who goes. (5.1.75) | What one kills. (4.4.35) | One who has this weapon. (4.4.57) | Having this as a god. (4.2.24) | One who sells this item. (4.4.51) | A collection of this. (4.2.37) | Where one came from. (4.3.74) | Where this stays or exists. (4.3.53) | Skilled in this. (4.4.98) | One who walks or eats with this. (4.4.8) | One who crosses with this. (4.4.5),4.2.35;4.2.41;4.3.14;4.3.15;4.3.61;4.3.97;4.4.103;4.4.52;4.4.58;4.4.6;5.1.18;5.1.74,vidyut-taddhita-pragdivyatiya.rs;vidyut-taddhita-pragghitiya.rs;vidyut-taddhita-pragvahatiya.rs;vidyut-taddhita-pragvatiya.rs,,conditioned_semantic_relation_deferred,not_admitted,descent_identity_community;place_origin_association;purpose_suitability_value;action_occupation_instrument;knowledge_devotion_relation,conditioned_inputs_only,requires an input satisfying the rule's named semantic condition
taddhita:Wan,Wan,Wan,ika,Eti;Niyuktam;TadAsminVrddhiAyaLabhaSulkaUpada;TadAsyaAstiAsmin;TenaJivati;TenaTarati,"Who goes. (4.4.42) | Where one is appointed. (4.4.69) | In which this is an interest, rent, profit, tax, or bribe. (5.1.47) | What one has or is in. (5.2.94) | One who lives with this. (4.4.12) | One who crosses with this. (4.4.5)",4.4.13;4.4.7;4.4.70,vidyut-taddhita-matvartha.rs;vidyut-taddhita-pragvahatiya.rs;vidyut-taddhita-pragvatiya.rs,,conditioned_semantic_relation_deferred,not_admitted,possession_state_measure;action_occupation_instrument;other_conditioned_relation,conditioned_inputs_only,requires an input satisfying the rule's named semantic condition
taddhita:Wap,Wap,Wap,ika,TatraJata,Where this was born. (4.3.25),4.3.26,vidyut-taddhita-pragdivyatiya.rs,,conditioned_semantic_relation_deferred,not_admitted,place_origin_association,conditioned_inputs_only,requires an input satisfying the rule's named semantic condition
taddhita:qaw,qaw,qaw,a,Purana,Making full. (5.2.48),5.2.48,vidyut-taddhita-matvartha.rs,,conditioned_semantic_relation_deferred,not_admitted,possession_state_measure,conditioned_inputs_only,requires an input satisfying the rule's named semantic condition
taddhita:qati,qati,qati,ati,Parimana,Volume. (5.2.39),5.2.41,vidyut-taddhita-panchami.rs,,conditioned_semantic_relation_deferred,not_admitted,possession_state_measure,conditioned_inputs_only,requires an input satisfying the rule's named semantic condition
taddhita:qatarac,qatarac,qatarac,atara,BahunamEka;DvayorEka,One of many. (5.3.93) | One of two. (5.3.92),5.3.92;5.3.94,vidyut-taddhita-pragiviya.rs,,conditioned_semantic_relation_deferred,not_admitted,time_quantity_repetition,conditioned_inputs_only,requires an input satisfying the rule's named semantic condition
taddhita:qatamac,qatamac,qatamac,atama,BahunamEka,One of many. (5.3.93),5.3.93,vidyut-taddhita-pragiviya.rs,,conditioned_semantic_relation_deferred,not_admitted,time_quantity_repetition,conditioned_inputs_only,requires an input satisfying the rule's named semantic condition
taddhita:qupac,qupac,qupac,pa,Hrasve,TODO,5.3.89,vidyut-taddhita-pragiviya.rs,,conditioned_semantic_relation_deferred,not_admitted,evaluation_comparison_degree,conditioned_inputs_only,requires an input satisfying the rule's named semantic condition
taddhita:qmatu~p,qmatu~p,qmatup,mat,Caturarthika,"Country, by entities present (4.2.67), creator (4.2.68), dwelling place (4.2.69), or nearby features (4.2.70).",4.2.87,vidyut-taddhita-pragdivyatiya.rs,,conditioned_semantic_relation_deferred,not_admitted,place_origin_association,conditioned_inputs_only,requires an input satisfying the rule's named semantic condition
taddhita:qyaR,qyaR,qyaR,ya,TatraBhava,Where this stays or exists. (4.3.53),4.4.111,vidyut-taddhita-pragghitiya.rs,,conditioned_semantic_relation_deferred,not_admitted,place_origin_association,conditioned_inputs_only,requires an input satisfying the rule's named semantic condition
taddhita:qvalac,qvalac,qvalac,vala,,,,,,engine_identifier_not_reached_in_archived_implementation,not_admitted,unreached_in_pinned_implementation,unreached_not_counted,the pinned implementation does not establish an operation here
taddhita:qvu~n,qvu~n,qvun,aka,,,5.1.24,vidyut-taddhita-pragvatiya.rs,,self_meaning_or_structural_relation_deferred,not_admitted,same_meaning_or_structural,form_capacity_not_new_meaning,a new form is not counted without evidence of a distinct meaning
taddhita:Qak,Qak,Qak,eya,DhanyanamBhavaneKshetre;SaAsyaDevata;TadVahati;TasyaApatyam,"A place of growing, when that place is a field. (5.2.1) | Having this as a god. (4.2.24) | What one bears. (4.4.78) | Descendant. (4.1.92)",4.1.120;4.1.121;4.1.122;4.1.123;4.1.124;4.1.125;4.1.126;4.1.127;4.1.133;4.1.134;4.1.142;4.2.33;4.2.97;5.2.2,vidyut-taddhita-panchami.rs;vidyut-taddhita-pragdivyatiya.rs;vidyut-taddhita-pragghitiya.rs,descendant_dhak,admitted_listed_examples_only,admitted_by_declared_operation,descent_identity_community;action_occupation_instrument;knowledge_devotion_relation;other_conditioned_relation,listed_inputs_only,already admitted only for named source-backed inputs
taddhita:QakaY,QakaY,QakaY,eyaka,TasyaApatyam,Descendant. (4.1.92),4.2.95;4.2.96,vidyut-taddhita-pragdivyatiya.rs,,conditioned_semantic_relation_deferred,not_admitted,descent_identity_community,conditioned_inputs_only,requires an input satisfying the rule's named semantic condition
taddhita:Qa,Qa,Qa,eya,IvePratikrtau;TatraSadhu,TODO | Skilled in this. (4.4.98),4.4.106;5.3.102,vidyut-taddhita-pragghitiya.rs;vidyut-taddhita-svarthika.rs,,conditioned_semantic_relation_deferred,not_admitted,action_occupation_instrument;evaluation_comparison_degree,conditioned_inputs_only,requires an input satisfying the rule's named semantic condition
taddhita:QaY,QaY,QaY,eya,IvePratikrtau;SamskrtamBhaksha;TadAsyaTadAsminSyat;TadarthamVikrtehPrakrtau;TasyaApatyam;TasyaVikara;TatraBhava;TatraSadhu;TatraSambhute,TODO | Food that is prepared with this vessel or medium. (4.2.16) | What one could be connected to or be in. (5.1.16) | What could be created from this raw material. (5.1.12) | Descendant. (4.1.92) | Modification of this. (4.3.134) | Where this stays or exists. (4.3.53) | Skilled in this. (4.4.98) | Where this was adapted. (4.3.41),4.1.135;4.1.136;4.2.20;4.3.159;4.3.42;4.3.56;4.4.104;5.1.13;5.1.17;5.3.101,vidyut-taddhita-pragdivyatiya.rs;vidyut-taddhita-pragghitiya.rs;vidyut-taddhita-prakkritiya.rs;vidyut-taddhita-svarthika.rs,,conditioned_semantic_relation_deferred,not_admitted,descent_identity_community;place_origin_association;material_transformation_preparation;possession_state_measure;action_occupation_instrument;evaluation_comparison_degree,conditioned_inputs_only,requires an input satisfying the rule's named semantic condition
taddhita:Qinu~k,Qinu~k,Qinuk,eyin,TenaProktam,What is proclaimed by this person. (4.3.101),4.3.109,vidyut-taddhita-pragdivyatiya.rs,,conditioned_semantic_relation_deferred,not_admitted,knowledge_devotion_relation,conditioned_inputs_only,requires an input satisfying the rule's named semantic condition
taddhita:Qrak,Qrak,Qrak,era,TasyaApatyam,Descendant. (4.1.92),4.1.129,vidyut-taddhita-pragdivyatiya.rs,,conditioned_semantic_relation_deferred,not_admitted,descent_identity_community,conditioned_inputs_only,requires an input satisfying the rule's named semantic condition
taddhita:Ra,Ra,Ra,a,Gacchati;Labdha;Shilam;TatraSadhu,Who goes. (5.1.75) | What one has obtained. (4.4.85) | One who has this habit. (4.4.61) | Skilled in this. (4.4.98),4.4.100;4.4.101;4.4.62;4.4.85;5.1.76,vidyut-taddhita-pragghitiya.rs;vidyut-taddhita-pragvahatiya.rs;vidyut-taddhita-pragvatiya.rs,,conditioned_semantic_relation_deferred,not_admitted,possession_state_measure;action_occupation_instrument;other_conditioned_relation,conditioned_inputs_only,requires an input satisfying the rule's named semantic condition
taddhita:Rini~,Rini~,Rini,in,TenaProktam,What is proclaimed by this person. (4.3.101),4.3.103;4.3.110,vidyut-taddhita-pragdivyatiya.rs,,conditioned_semantic_relation_deferred,not_admitted,knowledge_devotion_relation,conditioned_inputs_only,requires an input satisfying the rule's named semantic condition
taddhita:Rya,Rya,Rya,ya,Janapada;Samavaiti;TatraSadhu,Country. (4.1.168) | Assembly. (4.4.43) | Skilled in this. (4.4.98),4.1.172;4.1.85;4.4.101;4.4.44;4.4.45,vidyut-taddhita-pragdivyatiya.rs;vidyut-taddhita-pragghitiya.rs;vidyut-taddhita-pragvahatiya.rs,,conditioned_semantic_relation_deferred,not_admitted,descent_identity_community;action_occupation_instrument,conditioned_inputs_only,requires an input satisfying the rule's named semantic condition
taddhita:tamap,tamap,tamap,tama,,,,vidyut-taddhita-pragiviya.rs,,self_meaning_or_structural_relation_deferred,not_admitted,same_meaning_or_structural,form_capacity_not_new_meaning,a new form is not counted without evidence of a distinct meaning
taddhita:tayap,tayap,tayap,taya,Avasana,Parts of which. (5.2.42),5.2.42,vidyut-taddhita-panchami.rs,,conditioned_semantic_relation_deferred,not_admitted,possession_state_measure,conditioned_inputs_only,requires an input satisfying the rule's named semantic condition
taddhita:tarap,tarap,tarap,tara,,,,vidyut-taddhita-pragiviya.rs,,self_meaning_or_structural_relation_deferred,not_admitted,same_meaning_or_structural,form_capacity_not_new_meaning,a new form is not counted without evidence of a distinct meaning
taddhita:tal,tal,tal,ta,TasyaBhava;TasyaSamuha,The existence of which. (5.1.119) | A collection of this. (4.2.37),4.2.43;5.4.27,vidyut-taddhita-nan-snan.rs;vidyut-taddhita-pragdivyatiya.rs;vidyut-taddhita-svarthika.rs,state_tal,admitted_general_relation,admitted_by_declared_operation,descent_identity_community;possession_state_measure,broad_declared_operation,already admitted across the declared nominal inventory
taddhita:tasi~,tasi~,tasi,tas,,,5.4.44,vidyut-taddhita-svarthika.rs,,self_meaning_or_structural_relation_deferred,not_admitted,same_meaning_or_structural,form_capacity_not_new_meaning,a new form is not counted without evidence of a distinct meaning
taddhita:tasi~l,tasi~l,tasil,tas,,,,,,engine_identifier_not_reached_in_archived_implementation,not_admitted,unreached_in_pinned_implementation,unreached_not_counted,the pinned implementation does not establish an operation here
taddhita:ti,ti,ti,ti,TasyaMula,The root of this. (5.2.25),,vidyut-taddhita-panchami.rs,,conditioned_semantic_relation_deferred,not_admitted,other_conditioned_relation,conditioned_inputs_only,requires an input satisfying the rule's named semantic condition
taddhita:tikan,tikan,tikan,tika,,,5.4.39,vidyut-taddhita-svarthika.rs,,self_meaning_or_structural_relation_deferred,not_admitted,same_meaning_or_structural,form_capacity_not_new_meaning,a new form is not counted without evidence of a distinct meaning
taddhita:tIya,tIya,tIya,tIya,Purana,Making full. (5.2.48),5.2.54;5.2.55,vidyut-taddhita-matvartha.rs,,conditioned_semantic_relation_deferred,not_admitted,possession_state_measure,conditioned_inputs_only,requires an input satisfying the rule's named semantic condition
taddhita:tyak,tyak,tyak,tya,,,4.2.98,vidyut-taddhita-pragdivyatiya.rs,,self_meaning_or_structural_relation_deferred,not_admitted,same_meaning_or_structural,form_capacity_not_new_meaning,a new form is not counted without evidence of a distinct meaning
taddhita:tyakan,tyakan,tyakan,tyaka,,,5.2.34,vidyut-taddhita-panchami.rs,,self_meaning_or_structural_relation_deferred,not_admitted,same_meaning_or_structural,form_capacity_not_new_meaning,a new form is not counted without evidence of a distinct meaning
taddhita:tyap,tyap,tyap,tya,,,4.2.104;4.2.105,vidyut-taddhita-pragdivyatiya.rs,,self_meaning_or_structural_relation_deferred,not_admitted,same_meaning_or_structural,form_capacity_not_new_meaning,a new form is not counted without evidence of a distinct meaning
taddhita:tyu~,tyu~,tyu,tana,,,,,,engine_identifier_not_reached_in_archived_implementation,not_admitted,unreached_in_pinned_implementation,unreached_not_counted,the pinned implementation does not establish an operation here
taddhita:tyu~l,tyu~l,tyul,tana,,,,,,engine_identifier_not_reached_in_archived_implementation,not_admitted,unreached_in_pinned_implementation,unreached_not_counted,the pinned implementation does not establish an operation here
taddhita:tral,tral,tral,tra,,,,,,engine_identifier_not_reached_in_archived_implementation,not_admitted,unreached_in_pinned_implementation,unreached_not_counted,the pinned implementation does not establish an operation here
taddhita:trA,trA,trA,trA,AbhutaTadbhava,Becoming what one was not. (5.4.50),5.4.55,vidyut-taddhita-svarthika.rs,,conditioned_semantic_relation_deferred,not_admitted,material_transformation_preparation,conditioned_inputs_only,requires an input satisfying the rule's named semantic condition
taddhita:tva,tva,tva,tva,TasyaBhava,The existence of which. (5.1.119),,vidyut-taddhita-nan-snan.rs,state_tva,admitted_general_relation,admitted_by_declared_operation,possession_state_measure,broad_declared_operation,already admitted across the declared nominal inventory
taddhita:Tamu~,Tamu~,Tamu,Tam,,,,,,engine_identifier_not_reached_in_archived_implementation,not_admitted,unreached_in_pinned_implementation,unreached_not_counted,the pinned implementation does not establish an operation here
taddhita:Tyan,Tyan,Tyan,Tya,TasmaiHitam,One for whom this is good. (5.1.7),5.1.8,vidyut-taddhita-prakkritiya.rs,,conditioned_semantic_relation_deferred,not_admitted,purpose_suitability_value,conditioned_inputs_only,requires an input satisfying the rule's named semantic condition
taddhita:TAl,TAl,TAl,TA,IvePratikrtau,TODO,5.3.111,vidyut-taddhita-svarthika.rs,,conditioned_semantic_relation_deferred,not_admitted,evaluation_comparison_degree,conditioned_inputs_only,requires an input satisfying the rule's named semantic condition
taddhita:daGnac,daGnac,daGnac,daGna,TadAsyaPramanam,Measure. (5.2.37),,vidyut-taddhita-panchami.rs,,conditioned_semantic_relation_deferred,not_admitted,possession_state_measure,conditioned_inputs_only,requires an input satisfying the rule's named semantic condition
taddhita:dA,dA,dA,dA,,,,,,engine_identifier_not_reached_in_archived_implementation,not_admitted,unreached_in_pinned_implementation,unreached_not_counted,the pinned implementation does not establish an operation here
taddhita:dAnIm,dAnIm,dAnIm,dAnIm,,,,,,engine_identifier_not_reached_in_archived_implementation,not_admitted,unreached_in_pinned_implementation,unreached_not_counted,the pinned implementation does not establish an operation here
taddhita:deSya,deSya,deSya,deSya,,,,vidyut-taddhita-pragiviya.rs,,self_meaning_or_structural_relation_deferred,not_admitted,same_meaning_or_structural,form_capacity_not_new_meaning,a new form is not counted without evidence of a distinct meaning
taddhita:deSIyar,deSIyar,deSIyar,deSIya,,,,vidyut-taddhita-pragiviya.rs,,self_meaning_or_structural_relation_deferred,not_admitted,same_meaning_or_structural,form_capacity_not_new_meaning,a new form is not counted without evidence of a distinct meaning
taddhita:dvayasac,dvayasac,dvayasac,dvayasa,TadAsyaPramanam,Measure. (5.2.37),,vidyut-taddhita-panchami.rs,,conditioned_semantic_relation_deferred,not_admitted,possession_state_measure,conditioned_inputs_only,requires an input satisfying the rule's named semantic condition
taddhita:DA,DA,DA,dhA,KriyaAbhyavrttiGanana,TODO,5.3.42;5.4.20,vidyut-taddhita-pragiviya.rs;vidyut-taddhita-svarthika.rs,,conditioned_semantic_relation_deferred,not_admitted,time_quantity_repetition,conditioned_inputs_only,requires an input satisfying the rule's named semantic condition
taddhita:na,na,na,na,,,,,,engine_identifier_not_reached_in_archived_implementation,not_admitted,unreached_in_pinned_implementation,unreached_not_counted,the pinned implementation does not establish an operation here
taddhita:naY,naY,naY,na,,,,,,engine_identifier_not_reached_in_archived_implementation,not_admitted,unreached_in_pinned_implementation,unreached_not_counted,the pinned implementation does not establish an operation here
taddhita:nAwac,nAwac,nAwac,nAwa,,,,vidyut-taddhita-panchami.rs,,self_meaning_or_structural_relation_deferred,not_admitted,same_meaning_or_structural,form_capacity_not_new_meaning,a new form is not counted without evidence of a distinct meaning
taddhita:Pak,Pak,Pak,Ayana,Gotra,Patronymic lineage. (4.1.98),4.1.102;4.1.103;4.1.99,vidyut-taddhita-pragdivyatiya.rs,,conditioned_semantic_relation_deferred,not_admitted,descent_identity_community,conditioned_inputs_only,requires an input satisfying the rule's named semantic condition
taddhita:PaY,PaY,PaY,Ayana,Gotra,Patronymic lineage. (4.1.98),4.1.110;4.1.111,vidyut-taddhita-pragdivyatiya.rs,,conditioned_semantic_relation_deferred,not_admitted,descent_identity_community,conditioned_inputs_only,requires an input satisfying the rule's named semantic condition
taddhita:PiY,PiY,PiY,Ayani,TasyaApatyam,Descendant. (4.1.92),4.1.157,vidyut-taddhita-pragdivyatiya.rs,,conditioned_semantic_relation_deferred,not_admitted,descent_identity_community,conditioned_inputs_only,requires an input satisfying the rule's named semantic condition
taddhita:bahuc,bahuc,bahuc,bahu,,,,,,engine_identifier_not_reached_in_archived_implementation,not_admitted,unreached_in_pinned_implementation,unreached_not_counted,the pinned implementation does not establish an operation here
taddhita:biqac,biqac,biqac,biqa,,,,vidyut-taddhita-panchami.rs,,self_meaning_or_structural_relation_deferred,not_admitted,same_meaning_or_structural,form_capacity_not_new_meaning,a new form is not counted without evidence of a distinct meaning
taddhita:birIsac,birIsac,birIsac,birIsa,,,,vidyut-taddhita-panchami.rs,,self_meaning_or_structural_relation_deferred,not_admitted,same_meaning_or_structural,form_capacity_not_new_meaning,a new form is not counted without evidence of a distinct meaning
taddhita:Baktal,Baktal,Baktal,Bakta,TasyaVishayoDeshe,A domain of this. (4.2.52),,vidyut-taddhita-pragdivyatiya.rs,,conditioned_semantic_relation_deferred,not_admitted,place_origin_association,conditioned_inputs_only,requires an input satisfying the rule's named semantic condition
taddhita:Brawac,Brawac,Brawac,Brawa,,,,vidyut-taddhita-panchami.rs,,self_meaning_or_structural_relation_deferred,not_admitted,same_meaning_or_structural,form_capacity_not_new_meaning,a new form is not counted without evidence of a distinct meaning
taddhita:ma,ma,ma,ma,,,4.3.8,vidyut-taddhita-pragdivyatiya.rs,,self_meaning_or_structural_relation_deferred,not_admitted,same_meaning_or_structural,form_capacity_not_new_meaning,a new form is not counted without evidence of a distinct meaning
taddhita:matu~p,matu~p,matup,mat,Caturarthika;TadAsyaAstiAsmin,"Country, by entities present (4.2.67), creator (4.2.68), dwelling place (4.2.69), or nearby features (4.2.70). | What one has or is in. (5.2.94)",4.2.86;5.2.94;5.2.95,vidyut-taddhita-matvartha.rs;vidyut-taddhita-pragdivyatiya.rs,possession_matup,admitted_general_relation,admitted_by_declared_operation,place_origin_association;possession_state_measure,broad_declared_operation,already admitted across the declared nominal inventory
taddhita:map,map,map,ma,,,,,,engine_identifier_not_reached_in_archived_implementation,not_admitted,unreached_in_pinned_implementation,unreached_not_counted,the pinned implementation does not establish an operation here
taddhita:mayaw,mayaw,mayaw,maya,Nimana;TasyaVikara;TatPrakrtaVacane,Given in exchange. (5.2.47) | Modification of this. (4.3.134) | What one is made of. (5.4.21),4.3.144;4.3.145;4.3.146;5.2.47;5.4.21,vidyut-taddhita-matvartha.rs;vidyut-taddhita-pragdivyatiya.rs;vidyut-taddhita-svarthika.rs,,conditioned_semantic_relation_deferred,not_admitted,material_transformation_preparation,conditioned_inputs_only,requires an input satisfying the rule's named semantic condition
taddhita:mAtrac,mAtrac,mAtrac,mAtra,TadAsyaPramanam,Measure. (5.2.37),,vidyut-taddhita-panchami.rs,,conditioned_semantic_relation_deferred,not_admitted,possession_state_measure,conditioned_inputs_only,requires an input satisfying the rule's named semantic condition
taddhita:pASap,pASap,pASap,pASa,,,5.3.47,vidyut-taddhita-pragiviya.rs,,self_meaning_or_structural_relation_deferred,not_admitted,same_meaning_or_structural,form_capacity_not_new_meaning,a new form is not counted without evidence of a distinct meaning
taddhita:piwac,piwac,piwac,piwa,,,,vidyut-taddhita-panchami.rs,,self_meaning_or_structural_relation_deferred,not_admitted,same_meaning_or_structural,form_capacity_not_new_meaning,a new form is not counted without evidence of a distinct meaning
taddhita:ya,ya,ya,ya,TasyaSamuha;TatraSadhu,A collection of this. (4.2.37) | Skilled in this. (4.4.98),4.2.49;4.2.50;4.4.105,vidyut-taddhita-pragdivyatiya.rs;vidyut-taddhita-pragghitiya.rs,,conditioned_semantic_relation_deferred,not_admitted,descent_identity_community;action_occupation_instrument,conditioned_inputs_only,requires an input satisfying the rule's named semantic condition
taddhita:yak,yak,yak,ya,,,,,,engine_identifier_not_reached_in_archived_implementation,not_admitted,unreached_in_pinned_implementation,unreached_not_counted,the pinned implementation does not establish an operation here
taddhita:yaY,yaY,yaY,ya,Gotra;Svarthe;TasyaSamuha,Patronymic lineage. (4.1.98) | TODO | A collection of this. (4.2.37),4.1.105;4.1.106;4.1.107;4.1.108;5.3.118,vidyut-taddhita-pragdivyatiya.rs;vidyut-taddhita-svarthika.rs,,conditioned_semantic_relation_deferred,not_admitted,descent_identity_community;other_conditioned_relation,conditioned_inputs_only,requires an input satisfying the rule's named semantic condition
taddhita:yat,yat,yat,ya,AlamGami;Anapeta;AsminDrshyam;AsyaAbarhi;DhanyanamBhavaneKshetre;Gata;IvePratikrtau;Labdha;Nirmita;Priya;SaAsyaDevata;SamskrtamBhaksha;TadArhati;TadAsminVrddhiAyaLabhaSulkaUpada;TadVahati;TadVidhyati;Tadarthye;TasmaiHitam;TasyaApatyam;TasyaIdam;TasyaNimittamSamyogotpattau;TasyaVikara;TataAgata;TatraBhava;TatraSadhu;TatraVasi;Vayasi,"Fit to go. (5.2.15) | Not deviating from this. (4.4.92) | In which this is seen. (4.4.87) | Whose root is removed. (4.4.88) | A place of growing, when that place is a field. (5.2.1) | Where one has gone. (4.4.86) | TODO | What one has obtained. (4.4.85) | Made of this. (4.4.93) | Dear to this. (4.4.95) | Having this as a god. (4.2.24) | Food that is prepared with this vessel or medium. (4.2.16) | One deserves this. (5.1.63) | In which this is an interest, rent, profit, tax, or bribe. (5.1.47) | What one bears. (4.4.78) | What one pierces. (4.4.83) | For the sake of which. (5.4.24) | One for whom this is good. (5.1.7) | Descendant. (4.1.92) | One who has this. (4.3.120) | For the sake of this, when the meaning is a relation or appearance. (5.1.38) | Modification of this. (4.3.134) | Where one came from. (4.3.74) | Where this stays or exists. (4.3.53) | Skilled in this. (4.4.98) | Living there. (4.4.107) | Age. (5.1.81)",4.1.137;4.2.101;4.2.17;4.2.31;4.3.121;4.3.160;4.3.161;4.3.4;4.3.5;4.3.54;4.4.107;4.4.116;4.4.78;4.4.82;4.4.83;4.4.84;4.4.86;4.4.87;4.4.88;4.4.91;4.4.92;4.4.93;4.4.94.a;4.4.95;4.4.97;4.4.98;5.1.2;5.1.3;5.1.4;5.1.6;5.1.66;5.1.67;5.1.7;5.2.3;5.2.4;5.3.103;5.4.24;5.4.25,vidyut-taddhita-panchami.rs;vidyut-taddhita-pragdivyatiya.rs;vidyut-taddhita-pragghitiya.rs;vidyut-taddhita-pragvatiya.rs;vidyut-taddhita-prakkritiya.rs;vidyut-taddhita-svarthika.rs,,conditioned_semantic_relation_deferred,not_admitted,descent_identity_community;place_origin_association;material_transformation_preparation;possession_state_measure;purpose_suitability_value;action_occupation_instrument;knowledge_devotion_relation;evaluation_comparison_degree;time_quantity_repetition;other_conditioned_relation,conditioned_inputs_only,requires an input satisfying the rule's named semantic condition
taddhita:yan,yan,yan,ya,TasyaSamuha,A collection of this. (4.2.37),4.2.42,vidyut-taddhita-pragdivyatiya.rs,,conditioned_semantic_relation_deferred,not_admitted,descent_identity_community,conditioned_inputs_only,requires an input satisfying the rule's named semantic condition
taddhita:yus,yus,yus,yu,TadAsyaAstiAsmin,What one has or is in. (5.2.94),5.2.123,vidyut-taddhita-matvartha.rs,,conditioned_semantic_relation_deferred,not_admitted,possession_state_measure,conditioned_inputs_only,requires an input satisfying the rule's named semantic condition
taddhita:ra,ra,ra,ra,Hrasve,TODO,5.3.88,vidyut-taddhita-pragiviya.rs,,conditioned_semantic_relation_deferred,not_admitted,evaluation_comparison_degree,conditioned_inputs_only,requires an input satisfying the rule's named semantic condition
taddhita:rUpap,rUpap,rUpap,rUpa,Prashamsa,"Praise of this. (5.3.66, 5.4.41)",5.3.66,vidyut-taddhita-svarthika.rs,,conditioned_semantic_relation_deferred,not_admitted,evaluation_comparison_degree,conditioned_inputs_only,requires an input satisfying the rule's named semantic condition
taddhita:rhil,rhil,rhil,rhi,,,,,,engine_identifier_not_reached_in_archived_implementation,not_admitted,unreached_in_pinned_implementation,unreached_not_counted,the pinned implementation does not establish an operation here
taddhita:rUpya,rUpya,rUpya,rUpya,,,,vidyut-taddhita-pragiviya.rs,,self_meaning_or_structural_relation_deferred,not_admitted,same_meaning_or_structural,form_capacity_not_new_meaning,a new form is not counted without evidence of a distinct meaning
taddhita:lac,lac,lac,la,TadAsyaAstiAsmin,What one has or is in. (5.2.94),5.2.96;5.2.97;5.2.98,vidyut-taddhita-matvartha.rs,,conditioned_semantic_relation_deferred,not_admitted,possession_state_measure,conditioned_inputs_only,requires an input satisfying the rule's named semantic condition
taddhita:vati~,vati~,vati,vat,,,,,,engine_identifier_not_reached_in_archived_implementation,not_admitted,unreached_in_pinned_implementation,unreached_not_counted,the pinned implementation does not establish an operation here
taddhita:vatu~p,vatu~p,vatup,vat,Parimana,Volume. (5.2.39),5.2.39,vidyut-taddhita-panchami.rs,,conditioned_semantic_relation_deferred,not_admitted,possession_state_measure,conditioned_inputs_only,requires an input satisfying the rule's named semantic condition
taddhita:vaya,vaya,vaya,vaya,TasyaVikara,Modification of this. (4.3.134),4.3.162,vidyut-taddhita-pragdivyatiya.rs,,conditioned_semantic_relation_deferred,not_admitted,material_transformation_preparation,conditioned_inputs_only,requires an input satisfying the rule's named semantic condition
taddhita:valac,valac,valac,vala,TadAsyaAstiAsmin,What one has or is in. (5.2.94),5.2.112,vidyut-taddhita-matvartha.rs,,conditioned_semantic_relation_deferred,not_admitted,possession_state_measure,conditioned_inputs_only,requires an input satisfying the rule's named semantic condition
taddhita:vini~,vini~,vini,vin,TadAsyaAstiAsmin,What one has or is in. (5.2.94),5.2.121,vidyut-taddhita-matvartha.rs,,conditioned_semantic_relation_deferred,not_admitted,possession_state_measure,conditioned_inputs_only,requires an input satisfying the rule's named semantic condition
taddhita:viDal,viDal,viDal,viDu,TasyaVishayoDeshe,A domain of this. (4.2.52),,vidyut-taddhita-pragdivyatiya.rs,,conditioned_semantic_relation_deferred,not_admitted,place_origin_association,conditioned_inputs_only,requires an input satisfying the rule's named semantic condition
taddhita:vu~k,vu~k,vuk,aka,,,4.2.103,vidyut-taddhita-pragdivyatiya.rs,,self_meaning_or_structural_relation_deferred,not_admitted,same_meaning_or_structural,form_capacity_not_new_meaning,a new form is not counted without evidence of a distinct meaning
taddhita:vu~Y,vu~Y,vuY,aka,TasyaBhava;TasyaSamuha;TasyaVikara;TasyaVishayoDeshe;TatraJata;TatraSambhute;TenaKrte,The existence of which. (5.1.119) | A collection of this. (4.2.37) | Modification of this. (4.3.134) | A domain of this. (4.2.52) | Where this was born. (4.3.25) | Where this was adapted. (4.3.41) | By whom this is made. (4.3.116),4.2.122;4.2.39;4.2.53;4.3.118;4.3.157;4.3.158;4.3.27;4.3.45;4.3.46;5.1.134,vidyut-taddhita-nan-snan.rs;vidyut-taddhita-pragdivyatiya.rs,,conditioned_semantic_relation_deferred,not_admitted,descent_identity_community;place_origin_association;material_transformation_preparation;possession_state_measure;knowledge_devotion_relation,conditioned_inputs_only,requires an input satisfying the rule's named semantic condition
taddhita:vu~n,vu~n,vun,aka,Bhakti;TadAdhiteTadVeda;TadAsyaAstiAsmin;TatraJata;TatraKushala,Devotion. (4.3.95) | What one studies or knows. (4.2.59) | What one has or is in. (5.2.94) | Where this was born. (4.3.25) | Skilled in this. (5.2.63),4.2.61;4.3.28;4.3.30;4.3.98;5.2.62;5.2.63,vidyut-taddhita-matvartha.rs;vidyut-taddhita-pragdivyatiya.rs,,conditioned_semantic_relation_deferred,not_admitted,place_origin_association;possession_state_measure;action_occupation_instrument;knowledge_devotion_relation,conditioned_inputs_only,requires an input satisfying the rule's named semantic condition
taddhita:vyat,vyat,vyat,vya,TasyaApatyam,Descendant. (4.1.92),,vidyut-taddhita-pragdivyatiya.rs,,conditioned_semantic_relation_deferred,not_admitted,descent_identity_community,conditioned_inputs_only,requires an input satisfying the rule's named semantic condition
taddhita:vyan,vyan,vyan,vya,TasyaApatyam,Descendant. (4.1.92),4.1.145,vidyut-taddhita-pragdivyatiya.rs,,conditioned_semantic_relation_deferred,not_admitted,descent_identity_community,conditioned_inputs_only,requires an input satisfying the rule's named semantic condition
taddhita:Sa,Sa,Sa,Sa,,,,,,engine_identifier_not_reached_in_archived_implementation,not_admitted,unreached_in_pinned_implementation,unreached_not_counted,the pinned implementation does not establish an operation here
taddhita:SaNkawac,SaNkawac,SaNkawac,SaNkawa,,,,vidyut-taddhita-panchami.rs,,self_meaning_or_structural_relation_deferred,not_admitted,same_meaning_or_structural,form_capacity_not_new_meaning,a new form is not counted without evidence of a distinct meaning
taddhita:SAlac,SAlac,SAlac,SAla,,,,vidyut-taddhita-panchami.rs,,self_meaning_or_structural_relation_deferred,not_admitted,same_meaning_or_structural,form_capacity_not_new_meaning,a new form is not counted without evidence of a distinct meaning
taddhita:Sas,Sas,Sas,Sas,,,5.4.43,vidyut-taddhita-svarthika.rs,,self_meaning_or_structural_relation_deferred,not_admitted,same_meaning_or_structural,form_capacity_not_new_meaning,a new form is not counted without evidence of a distinct meaning
taddhita:za,za,za,za,,,,,,engine_identifier_not_reached_in_archived_implementation,not_admitted,unreached_in_pinned_implementation,unreached_not_counted,the pinned implementation does not establish an operation here
taddhita:zkan,zkan,zkan,ka,Gacchati,Who goes. (5.1.75),5.1.75,vidyut-taddhita-pragvatiya.rs,,conditioned_semantic_relation_deferred,not_admitted,action_occupation_instrument,conditioned_inputs_only,requires an input satisfying the rule's named semantic condition
taddhita:zwarac,zwarac,zwarac,tara,Hrasve;Tanutve,TODO | Slenderness. (5.3.91),5.3.90;5.3.91,vidyut-taddhita-pragiviya.rs,,conditioned_semantic_relation_deferred,not_admitted,evaluation_comparison_degree,conditioned_inputs_only,requires an input satisfying the rule's named semantic condition
taddhita:zWac,zWac,zWac,ika,,,,,,engine_identifier_not_reached_in_archived_implementation,not_admitted,unreached_in_pinned_implementation,unreached_not_counted,the pinned implementation does not establish an operation here
taddhita:zWan,zWan,zWan,ika,TadAsyaPanyam;TasyaVapa;TenaCarati;TenaHarati,One who sells this item. (4.4.51) | Sown with this. (5.1.45) | One who walks or eats with this. (4.4.8) | One who conveys with this. (4.4.15),4.4.10;4.4.16;4.4.17;4.4.53;4.4.54;5.1.46,vidyut-taddhita-pragvahatiya.rs;vidyut-taddhita-pragvatiya.rs,,conditioned_semantic_relation_deferred,not_admitted,action_occupation_instrument,conditioned_inputs_only,requires an input satisfying the rule's named semantic condition
taddhita:zWal,zWal,zWal,ika,TenaCarati;Vasati,One who walks or eats with this. (4.4.8) | Who dwells here. (4.4.73),4.4.74;4.4.9,vidyut-taddhita-pragvahatiya.rs,,conditioned_semantic_relation_deferred,not_admitted,place_origin_association;action_occupation_instrument,conditioned_inputs_only,requires an input satisfying the rule's named semantic condition
taddhita:zPak,zPak,zPak,,,,4.2.99,vidyut-taddhita-pragdivyatiya.rs,,self_meaning_or_structural_relation_deferred,not_admitted,same_meaning_or_structural,form_capacity_not_new_meaning,a new form is not counted without evidence of a distinct meaning
taddhita:zyaN,zyaN,zyaN,ya,,,,,,engine_identifier_not_reached_in_archived_implementation,not_admitted,unreached_in_pinned_implementation,unreached_not_counted,the pinned implementation does not establish an operation here
taddhita:zyaY,zyaY,zyaY,ya,,,,,,engine_identifier_not_reached_in_archived_implementation,not_admitted,unreached_in_pinned_implementation,unreached_not_counted,the pinned implementation does not establish an operation here
taddhita:sa,sa,sa,sa,Prashamsa,"Praise of this. (5.3.66, 5.4.41)",,vidyut-taddhita-svarthika.rs,,conditioned_semantic_relation_deferred,not_admitted,evaluation_comparison_degree,conditioned_inputs_only,requires an input satisfying the rule's named semantic condition
taddhita:sna,sna,sna,sna,Prashamsa,"Praise of this. (5.3.66, 5.4.41)",,vidyut-taddhita-svarthika.rs,,conditioned_semantic_relation_deferred,not_admitted,evaluation_comparison_degree,conditioned_inputs_only,requires an input satisfying the rule's named semantic condition
taddhita:sAti~,sAti~,sAti,sAt,AbhutaTadbhava,Becoming what one was not. (5.4.50),5.4.52,vidyut-taddhita-svarthika.rs,,conditioned_semantic_relation_deferred,not_admitted,material_transformation_preparation,conditioned_inputs_only,requires an input satisfying the rule's named semantic condition
taddhita:su~c,su~c,suc,s,KriyaAbhyavrttiGanana,TODO,5.4.18;5.4.19,vidyut-taddhita-svarthika.rs,,conditioned_semantic_relation_deferred,not_admitted,time_quantity_repetition,conditioned_inputs_only,requires an input satisfying the rule's named semantic condition
taddhita:snaY,snaY,snaY,sna,,,,,,engine_identifier_not_reached_in_archived_implementation,not_admitted,unreached_in_pinned_implementation,unreached_not_counted,the pinned implementation does not establish an operation here
taddhita:ha,ha,ha,ha,,,,,,engine_identifier_not_reached_in_archived_implementation,not_admitted,unreached_in_pinned_implementation,unreached_not_counted,the pinned implementation does not establish an operation here
