row_id,figure_family,ending_or_word_class,gender,vibhakti_or_operation,vaidika_form_or_range,laukika_form_or_range,category_level,initial_placement,evidence,qualification,confirmed_dv,figure_instruction,passage_references,subclaim,numerator,denominator,percentage,relation,unit,label,grade,plot_status,note
AC-01,Accent and Recitation,Accent of the vocative,,Recitation and sentence accent,"The first syllable of a Vedic vocative expression receives the accent, while later words in the same vocative expression lose theirs",,Recitation and sentence accent,Appendix,FORM · OPEN,N/A,—,Add a paired vocative-accent passage before assigning a code.,,vocative accent expressions,,,,not_applicable,,N/A,U,no_plot,
AC-02,Accent and Recitation,Accent movement within declension,,Audible rather than segmental difference,Several ending classes move the pitch to the ending in cases where laukika writing does not preserve the contrast,,Audible rather than segmental difference,Appendix,FORM · OPEN,N/A,—,Select two accent-movement classes before assigning a code.,,declensional accent movement,,,,not_applicable,,N/A,U,no_plot,
AC-03,Accent and Recitation,Resolved endings,,Meter and recitation rather than a separate *vibhakti*,"Forms such as **-enā, -ebhiaḥ, -ānām** can occupy more syllables in Vedic recitation than their written form suggests",,Meter and recitation rather than a separate *vibhakti*,Appendix,FORM · FUNCTION · PASSAGE OPEN,—,MAT · REC,"Present as audible resolution, not as another written ending.",,resolved -ānām,,,50.0,upper_bound,tokens,UNKNOWN,B,plot,Less than half
AC-04,Accent and Recitation,*Pragṛhya* case forms,,Junction behavior attached to a declined form,Forms such as **-ī** or **-e** can resist the expected sound combination at a following vowel,,Junction behavior attached to a declined form,Appendix,FORM · PASSAGE · FUNCTION,—,REC · REL,"Use ***वेदी अस्याम्, युष्मे इत्,*** and ***त्वे इत्***.",,checked pragṛhya examples,3,,,exact_absolute,worked_examples,UNKNOWN,A,dot,Demonstrates operation but does not measure field
CL-01,Word Classes,Polysyllabic ***ईकारान्त / ऊकारान्त*** words,,,"A substantial group follows the same pattern as monosyllabic long-vowel words; examples include forms represented by ***रथी, नदी, तनू (*rathī, nadī, tanū*)***",Most are reassigned to the derivative feminine pattern,Major class redistribution,Companion with summary in Appendix,FORM · OPEN,—,—,Retain as a paradigm-distribution summary.,,polysyllabic long-vowel group,80,,,lower_bound,lexemes,RECURRING,B,dot,More than 80
CL-02,Word Classes,Vedic long-vowel words retained later,,,Several Vedic words move from the older long-vowel pattern into the dominant laukika feminine declension,Laukika regularizes them under the derivative pattern,Class redistribution,Companion,FORM · OPEN,RARE · 3 secure + 2-3 doubtful,—,Retain as a class-redistribution summary.,,secure RV transfer examples,3,,,exact_source_examples,forms,RARE,B,dot,Whitney lists dūtiām; śvaśruām; dravitnuā; plus two or three doubtful cases
CL-03,Word Classes,***अस्-अन्त*** words,,,Vedic contracts **-asam / -asas** to **-ām / -ās** in several cases; these contractions also produce parallel ***आकारान्त*** word forms,Laukika preserves the regular ***अस्-अन्त*** pattern or treats the resulting ***आकारान्त*** word as a separate lexical form,Reanalysis across classes,Companion,FORM · OPEN,RECURRING · 4 source examples,—,Show examples rather than a percentage.,,as-ending contraction examples,4,,,exact_source_examples,forms,RECURRING,B,dot,Whitney illustrates āśām; vedhām; surādhās; anāgās but supplies no complete denominator
CL-04,Word Classes,***इस् / उस्-अन्त*** words,,,Vedic shows movement among **-is / -i / -iṣa** and **-us / -u / -uṣa** patterns,Laukika settles individual words into a more regular class,Reanalysis across classes,Companion,FORM · OPEN,ISOLATED,—,Use *janūs* once and label the broader family summary separately.,,janūs transition,1,,,exact_source_count,tokens,ISOLATED,B,dot,Whitney reports the RV form once
CL-05,Word Classes,***अहन् (*ahan*)*** “day”,,,"Vedic uses forms from ***अहन्, अहर्, अहस् (*ahan, ahar, ahas*)*** across the paradigm, including older middle-case forms",Laukika restricts the distribution of the three forms,Lexical paradigm,Companion,FORM · OPEN,—,—,Retain the ***अहन् / अहर् / अहस्*** paradigm.,,ahan-ahar-ahas,1,,,exact_absolute,paradigm,N/A,A,paradigm,
CL-06,Word Classes,***ऊधन् (*ūdhan*)*** “udder”,,,"Vedic alternates ***ऊधन्, ऊधर्, ऊधस् (*ūdhan, ūdhar, ūdhas*)***",Laukika largely treats the word as an ***अस्-अन्त*** form,Lexical paradigm,Companion,FORM · OPEN,—,—,Retain the ***ऊधन् / ऊधर् / ऊधस्*** paradigm.,,ūdhan-ūdhar-ūdhas,1,,,exact_absolute,paradigm,N/A,A,paradigm,
CL-07,Word Classes,"***अक्षन्, अस्थन्, दधन्, सक्थन्*** class",,,"Vedic preserves additional forms directly from the ***अन्-अन्त*** base, including plural forms",Laukika builds much of the paradigm from parallel ***इकारान्त*** forms such as ***अक्षि (*akṣi*)***,Small lexical class,Companion,FORM · OPEN,—,—,Retain the four-word class summary.,,akṣan-asthan-dadhan-sakthan,4,,,exact_absolute,lexemes,RARE,B,dot,
CL-08,Word Classes,***पन्थन् (*panthan*)*** “path”,,,"Vedic distributes forms across ***पन्था, पथि, पथ् (*panthā, pathi, path*)*** differently from laukika and preserves additional plurals",Laukika regularizes the distribution assigned to the three forms,Lexical paradigm,Companion,FORM · OPEN,—,—,Retain the ***पन्था / पथि / पथ्*** paradigm.,,panthā-pathi-path,1,,,exact_absolute,paradigm,N/A,A,paradigm,
CL-09,Word Classes,perfect participles,,,Vedic uses the reduced form more widely and the **-vat** form more narrowly than laukika,Laukika extends the **-vat** form into more case positions,Participial declension,Companion,FORM · OPEN,—,—,Retain without a DV code.,,middle -vat RV forms,3,,,exact_absolute,tokens,RARE,B,dot,Zero in AV
CL-10,Word Classes,active participles ending in ***-अन्त्***,,,"Two distinct phenomena: Vedic usually uses **-ā** rather than **-au** in the masculine dual, while rare neuter plural **-ānti** occurs beside **-anti**",Laukika uses **-au** and **-anti**,Mixed: frequent dual pattern / rare plural form,Companion; split the two subclaims visually,FORM · OPEN,DOMINANT dual / ISOLATED RV plural,—,Split the reported **6/7** participial-dual share from the **2** RV neuter-plural **-ānti** passages.,,participial dual -ā,6,7,85.7,derived_ratio,tokens,DOMINANT,B,plot,
CL-10,Word Classes,active participles ending in ***-अन्त्***,,,"Two distinct phenomena: Vedic usually uses **-ā** rather than **-au** in the masculine dual, while rare neuter plural **-ānti** occurs beside **-anti**",Laukika uses **-au** and **-anti**,Mixed: frequent dual pattern / rare plural form,Companion; split the two subclaims visually,FORM · OPEN,DOMINANT dual / ISOLATED RV plural,—,Split the reported **6/7** participial-dual share from the **2** RV neuter-plural **-ānti** passages.,,RV neuter plural -ānti,2,,,exact_absolute,passages,ISOLATED,B,dot,
DU-01,Dvivacanam,***अकारान्त*** and many other masculine classes,m.,***प्रथमा–द्वितीया–संबोधन द्विवचनम्***,**-ā** is the prevailing Vedic ending; e.g. ***देवा (*devā*)***,**-au**; e.g. ***देवौ (*devau*)***,System-wide,Appendix,FORM · PASSAGE · OPEN,—,—,Use ***अश्विना (*aśvinā*)*** at RV 1.34.1b; function remains open.,RV 1.34.1b,masculine dual -ā,7,8,87.5,exact_ratio,tokens,DOMINANT,B,plot,Use source class ratio
DU-02,Dvivacanam,***ऋकारान्त***,m./f.,***प्रथमा–द्वितीया–संबोधन द्विवचनम्***,**-ā** prevails,**-au**,System-wide,Companion under DU-01,FORM · OPEN,—,—,Retain without a DV code.,,ṛkārānta comparison -āu,10,,,exact_comparator_count,tokens,DOMINANT,B,dot,Total dual field not supplied
DU-03,Dvivacanam,"consonant-ending words, including ***अस्, अन्, अन्त्, मत्, वत्*** classes",m./f.,***प्रथमा–द्वितीया–संबोधन द्विवचनम्***,**-ā** commonly replaces laukika **-au**,**-au**,System-wide,Companion under DU-01,FORM · OPEN,—,—,Retain as a class summary; selected classes still need passages.,,participial dual -ā,6,7,85.7,derived_ratio,tokens,DOMINANT,B,plot,-āu is one-sixth as common as -ā
DU-04,Dvivacanam,derivative ***ईकारान्त***,f.,***प्रथमा–द्वितीया–संबोधन द्विवचनम्***,**-ī**; e.g. ***देवी (*devī*)*** “the two goddesses”,**-yau**; e.g. ***देव्यौ (*devyau*)***,System-wide,Appendix,FORM · PASSAGE · OPEN,—,—,Use ***देवी (*devī*)*** at RV 10.70.6a; do not repeat the rejected metrical claim.,RV 10.70.6a,later derivative īkārānta -yau,0,,,defined_absence,forms,ABSENT,B,zero,Vedic -ī supplies the dual; token denominator unavailable
DU-05,Dvivacanam,***इकारान्त***,n.,***प्रथमा–द्वितीया–संबोधन द्विवचनम्***,"**-ī**, occasionally shortened to **-i**",**-inī**,Ending-class,Companion,FORM · OPEN,ISOLATED · uncertain in part,—,Show one short token and one later-form candidate; keep *mahi* open.,,RV short śucī,1,,,exact_annotated,tokens,ISOLATED,A,dot,Neuter nominative dual at RV 10.85.12a
DU-05,Dvivacanam,***इकारान्त***,n.,***प्रथमा–द्वितीया–संबोधन द्विवचनम्***,"**-ī**, occasionally shortened to **-i**",**-inī**,Ending-class,Companion,FORM · OPEN,ISOLATED · uncertain in part,—,Show one short token and one later-form candidate; keep *mahi* open.,,RV later-form hariṇī candidate,1,,,exact_annotated,tokens,ISOLATED,A,dot,Neuter accusative dual at RV 9.70.7b; Whitney marks the RV later-form analysis as uncertain
DU-05,Dvivacanam,***इकारान्त***,n.,***प्रथमा–द्वितीया–संबोधन द्विवचनम्***,"**-ī**, occasionally shortened to **-i**",**-inī**,Ending-class,Companion,FORM · OPEN,ISOLATED · uncertain in part,—,Show one short token and one later-form candidate; keep *mahi* open.,,AV -inī,2,,,exact_absolute,tokens,ISOLATED,B,dot,Separate corpus
DU-06,Dvivacanam,***उकारान्त***,n.,***प्रथमा–द्वितीया–संबोधन द्विवचनम्***,Rare **-uī / -ū** type,**-unī**,Rare class,Companion,FORM · OPEN,ISOLATED,—,Display only after locating the single example.,,RV ukārānta -uī,1,,,exact_absolute,tokens,ISOLATED,B,dot,
DU-07,Dvivacanam,***अन् / मन् / वन्-अन्त***,n.,***प्रथमा–द्वितीया–संबोधन द्विवचनम्***,"Vedic strongly prefers the fuller form retaining **a**, such as **-anī**",Laukika commonly permits or prefers the reduced **-nī** form,Class-level,Companion,FORM · OPEN,DOMINANT provisionally · 12 tokens,—,Preserve the fuller-form count without inventing a class denominator.,,fuller -anī/-aṇī tokens,12,,,exact_annotated,tokens,DOMINANT,A,dot,Twelve reviewed neuter dual tokens; a complete class denominator remains open
DU-08,Dvivacanam,***अकारान्त***,m./n.,***षष्ठी–सप्तमी द्विवचनम्***,A very small and doubtful group uses simple **-os** after dropping the final **a**,Laukika inserts **y**: **-ayos**,Rare/doubtful,Companion only,FORM,DOUBTFUL,—,Retain with the doubtful marker and an open prevalence cell; do not present the form as verified.,,simple -os,1,2,,doubtful_range,tokens,DOUBTFUL,B,no_plot,One or two doubtful
DU-09,Dvivacanam,first/second-person pronouns,—,five dual relations,"Vedic distinguishes nominative ***आवम् / युवम् (*āvam / yuvam*)***, accusative ***आवाम् / युवाम् (*āvām / yuvām*)***, instrumental-dative **-bhyām**, ablative ***आवत् / युवत् (*āvat / yuvat*)***, and genitive-locative ***-os*** forms","Laukika combines nominative and accusative as **-ām**, combines instrumental-dative-ablative as **-bhyām**, and combines genitive-locative as **-ayos**",Major case distinction,Appendix,FORM · PASSAGE · FUNCTION,—,SEM · REL,Use the five exact second-person dual passages in the concordance.,,yuvam nominative dual,136,,,exact_raw,tokens,N/A,A,dot,Distinct relation; not a variant denominator
DU-09,Dvivacanam,first/second-person pronouns,—,five dual relations,"Vedic distinguishes nominative ***आवम् / युवम् (*āvam / yuvam*)***, accusative ***आवाम् / युवाम् (*āvām / yuvām*)***, instrumental-dative **-bhyām**, ablative ***आवत् / युवत् (*āvat / yuvat*)***, and genitive-locative ***-os*** forms","Laukika combines nominative and accusative as **-ām**, combines instrumental-dative-ablative as **-bhyām**, and combines genitive-locative as **-ayos**",Major case distinction,Appendix,FORM · PASSAGE · FUNCTION,—,SEM · REL,Use the five exact second-person dual passages in the concordance.,,yuvām accusative dual,22,,,exact_raw,tokens,N/A,A,dot,Distinct relation; not a variant denominator
DU-09,Dvivacanam,first/second-person pronouns,—,five dual relations,"Vedic distinguishes nominative ***आवम् / युवम् (*āvam / yuvam*)***, accusative ***आवाम् / युवाम् (*āvām / yuvām*)***, instrumental-dative **-bhyām**, ablative ***आवत् / युवत् (*āvat / yuvat*)***, and genitive-locative ***-os*** forms","Laukika combines nominative and accusative as **-ām**, combines instrumental-dative-ablative as **-bhyām**, and combines genitive-locative as **-ayos**",Major case distinction,Appendix,FORM · PASSAGE · FUNCTION,—,SEM · REL,Use the five exact second-person dual passages in the concordance.,,yuvat ablative dual,3,,,exact_raw,tokens,N/A,A,dot,Distinct relation; not a variant denominator
DU-09,Dvivacanam,first/second-person pronouns,—,five dual relations,"Vedic distinguishes nominative ***आवम् / युवम् (*āvam / yuvam*)***, accusative ***आवाम् / युवाम् (*āvām / yuvām*)***, instrumental-dative **-bhyām**, ablative ***आवत् / युवत् (*āvat / yuvat*)***, and genitive-locative ***-os*** forms","Laukika combines nominative and accusative as **-ām**, combines instrumental-dative-ablative as **-bhyām**, and combines genitive-locative as **-ayos**",Major case distinction,Appendix,FORM · PASSAGE · FUNCTION,—,SEM · REL,Use the five exact second-person dual passages in the concordance.,,yuvoḥ genitive-locative dual,31,,,exact_raw,tokens,N/A,A,dot,Distinct relation; not a variant denominator
DU-10,Dvivacanam,first/second-person pronouns,—,***तृतीया द्विवचनम्***,Vedic preserves both short-vowel and long-vowel forms such as ***युवभ्याम् / युवाभ्याम् (*yuvabhyām / yuvābhyām*)***,Laukika uses ***युवाभ्याम् (*yuvābhyām*)***,Pronoun-specific,Companion,FORM · PASSAGE · OPEN,—,—,Display both ***युवभ्याम् / युवाभ्याम्***; no DV code yet.,,yuvabhyām against yuvābhyām,1,8,12.5,exact_checked,tokens,RECURRING,A,plot,
DU-11,Dvivacanam,pronoun ***एन (*ena*)***,all,***षष्ठी–सप्तमी द्विवचनम्***,Vedic ***एनोस् (*enos*)***,Laukika ***एनयोस् (*enayos*)***,Pronoun-specific,Companion,FORM · PASSAGE · FUNCTION,—,SEM · REL,Use ***एनोः (*enoḥ*)*** at RV 7.103.4a.,RV 7.103.4a,enoḥ against enayoḥ,4,4,100.0,exact_checked,tokens,DOMINANT,A,plot,Small denominator
DU-12,Dvivacanam,demonstratives and relatives,all,***षष्ठी–सप्तमी द्विवचनम्***,Isolated **-os** forms such as ***योस् (*yos*)*** occur,Laukika uses **-ayos**,Rare pronoun class,Companion,FORM · OPEN,ISOLATED,—,Locate the single passage before display.,,relative yos,1,,,exact_source_count,tokens,ISOLATED,B,dot,Raw yoḥ count rejected because of homographs
NU-01,Numerals,***द्व (*dva*)***,,,Masculine dual ***द्वा (*dvā*)***,***द्वौ (*dvau*)***,System-wide dual pattern,Companion,FORM · OPEN,—,—,Retain without a DV code.,,dvā against dvau,17,21,81.0,exact_checked,tokens,DOMINANT,A,plot,
NU-02,Numerals,***त्रि (*tri*)*** neuter,,,Vedic abbreviated ***त्री (*trī*)*** beside ***त्रीणि (*trīṇi*)***,***त्रीणि (*trīṇi*)***,Numeral-specific,Companion,FORM · OPEN,COMMON,—,Morphological review gives *trī : trīṇi* as 22:32.,,trī against trīṇi,22,54,40.7,exact_annotated,tokens,COMMON,A,plot,All fifty-four tokens are annotated nominative/accusative neuter plural
NU-03,Numerals,***त्रि*** genitive,,,Vedic once preserves ***त्रीणाम् (*trīṇām*)***,Laukika uses ***त्रयाणाम् (*trayāṇām*)***,Rare numeral form,Companion,FORM · OPEN,ISOLATED,—,Locate the single ***त्रीणाम् (*trīṇām*)*** passage before display.,,trīṇām,1,,,exact_checked,tokens,ISOLATED,A,dot,
NU-04,Numerals,***अष्ट (*aṣṭa*)*** nominative-accusative,,,"Vedic uses ***अष्ट, अष्टा, अष्टौ (*aṣṭa, aṣṭā, aṣṭau*)***, with ***अष्टौ*** especially common","Laukika principally uses ***अष्ट (*aṣṭa*)***, though ***अष्टौ*** remains recognized",Numeral-specific range,Companion,FORM · OPEN,1:2:3 across six tokens,—,Retain the three-form range and print each count.,,aṣṭa numeral,1,6,16.7,exact_annotated,tokens,RECURRING,A,plot,Four verbal homographs excluded
NU-04,Numerals,***अष्ट (*aṣṭa*)*** nominative-accusative,,,"Vedic uses ***अष्ट, अष्टा, अष्टौ (*aṣṭa, aṣṭā, aṣṭau*)***, with ***अष्टौ*** especially common","Laukika principally uses ***अष्ट (*aṣṭa*)***, though ***अष्टौ*** remains recognized",Numeral-specific range,Companion,FORM · OPEN,1:2:3 across six tokens,—,Retain the three-form range and print each count.,,aṣṭā numeral,2,6,33.3,exact_annotated,tokens,COMMON,A,plot,
NU-04,Numerals,***अष्ट (*aṣṭa*)*** nominative-accusative,,,"Vedic uses ***अष्ट, अष्टा, अष्टौ (*aṣṭa, aṣṭā, aṣṭau*)***, with ***अष्टौ*** especially common","Laukika principally uses ***अष्ट (*aṣṭa*)***, though ***अष्टौ*** remains recognized",Numeral-specific range,Companion,FORM · OPEN,1:2:3 across six tokens,—,Retain the three-form range and print each count.,,aṣṭau numeral,3,6,50.0,exact_annotated,tokens,COMMON,A,plot,Most frequent of the three in the six-token annotated field
NU-05,Numerals,numerals five and above,,,Vedic can leave the numeral in its nominative-accusative form while the counted noun takes an oblique case; e.g. “among five peoples”,Laukika normally inflects the numeral to match the required relation,Case-agreement difference,Appendix or Companion,FORM · PASSAGE · FUNCTION · OPEN,N/A · checked example,SEM · REL,Use ***पञ्च कृष्टिषु (*pañca kṛṣṭiṣu*)***; the second grammar example remains open.,,pañca raw spelling,40,,,raw_absolute,tokens,UNKNOWN,C,raw_only,Syntactic subset not counted
NU-06,Numerals,hundred and thousand,,,Vedic can use the uninflected collective form with an instrumental or another oblique plural noun,Laukika more regularly marks the numeral itself or construes it as a governing noun,Case-agreement difference,Companion,FORM · PASSAGE · FUNCTION,N/A · two checked examples,SEM · REL,Use ***सहस्रम् ऋषिभिः*** and ***शतम् पूर्भिः***.,,sahasram raw spelling,53,,,raw_absolute,tokens,UNKNOWN,C,raw_only,Syntactic subset not counted
NU-06,Numerals,hundred and thousand,,,Vedic can use the uninflected collective form with an instrumental or another oblique plural noun,Laukika more regularly marks the numeral itself or construes it as a governing noun,Case-agreement difference,Companion,FORM · PASSAGE · FUNCTION,N/A · two checked examples,SEM · REL,Use ***सहस्रम् ऋषिभिः*** and ***शतम् पूर्भिः***.,,śatam raw spelling,83,,,raw_absolute,tokens,UNKNOWN,C,raw_only,Syntactic subset not counted
NU-07,Numerals,cardinal accent with oblique endings,,,"Vedic has a governed accent pattern before **-bhiḥ, -bhyaḥ, -su, -nām**",Laukika permits different accentuation or does not preserve the Vedic pitch system,"Accent, not form",Keep with *svara* research,FORM · FUNCTION · PASSAGE OPEN,N/A,SVR · REL,The governed accent operation is documented; add an exact audible example later.,,cardinal accent pattern,,,,not_applicable,,N/A,U,no_plot,
PL-01,Bahuvacanam,***अकारान्त***,m.,***प्रथमा बहुवचनम्***,**-āsas** beside **-ās**; e.g. ***देवासः / देवाः (*devāsaḥ / devāḥ*)***,**-āḥ**,System-wide,Appendix,FORM · PASSAGE · FUNCTION,—,MAT · ARR,Use ***देवासः (*devāsaḥ*)*** at RV 1.3.7b.,RV 1.3.7b,masculine nominative plural -āsas,1,3,33.3,exact_ratio,tokens,COMMON,B,plot,Class-wide source ratio
PL-01,Bahuvacanam,***अकारान्त***,m.,***प्रथमा बहुवचनम्***,**-āsas** beside **-ās**; e.g. ***देवासः / देवाः (*devāsaḥ / devāḥ*)***,**-āḥ**,System-wide,Appendix,FORM · PASSAGE · FUNCTION,—,MAT · ARR,Use ***देवासः (*devāsaḥ*)*** at RV 1.3.7b.,RV 1.3.7b,devāsaḥ against devāḥ,123,445,27.6,exact_checked,tokens,COMMON,A,plot,Supporting lexeme
PL-02,Bahuvacanam,***आकारान्त***,f.,***प्रथमा बहुवचनम्***,Rare **-āsas** beside **-ās**,**-āḥ**,Rare extension,Companion,FORM · PASSAGE · FUNCTION,RARE,MAT · ARR,Use ***वशासः (*vaśāsaḥ*)*** at RV 6.63.9d.,RV 6.63.9d,feminine -āsas,20,,,approximate_absolute,tokens,RARE,B,dot,
PL-03,Bahuvacanam,derivative ***ईकारान्त***,f.,***प्रथमा बहुवचनम्***,**-īs**; e.g. ***देवीः (*devīḥ*)***,**-yas**; e.g. ***देव्यः (*devyaḥ*)***,System-wide,Appendix,FORM · PASSAGE · OPEN,—,—,Use ***देवीः (*devīḥ*)*** at RV 9.5.8d; function remains open.,RV 9.5.8d,later -yas in RV,1,2,,doubtful_range,tokens,DOUBTFUL,B,no_plot,Vedic -īs supplies the category; comparison examples doubtful
PL-04,Bahuvacanam,derivative ***ईकारान्त***,f.,***द्वितीया बहुवचनम्***,Vedic **-īs** can serve both nominative and accusative; later Vedic prose also shows **-yas** with both functions,Laukika differentiates nominative **-yaḥ** from accusative **-īḥ**,Case-distribution difference,Companion,FORM · OPEN,N/A · absolute counts,—,Use *devīḥ* as 37 nominative and 5 accusative tokens.,,devīḥ as nominative plural,37,,,exact_annotated,tokens,COMMON,A,dot,Checked lexical demonstration of the shared -īḥ form
PL-04,Bahuvacanam,derivative ***ईकारान्त***,f.,***द्वितीया बहुवचनम्***,Vedic **-īs** can serve both nominative and accusative; later Vedic prose also shows **-yas** with both functions,Laukika differentiates nominative **-yaḥ** from accusative **-īḥ**,Case-distribution difference,Companion,FORM · OPEN,N/A · absolute counts,—,Use *devīḥ* as 37 nominative and 5 accusative tokens.,,devīḥ as accusative plural,5,,,exact_annotated,tokens,RECURRING,A,dot,Checked lexical demonstration of the shared -īḥ form
PL-05,Bahuvacanam,***इकारान्त / उकारान्त***,m./f.,***प्रथमा बहुवचनम्***,Rare unstrengthened **-ias / -uas**; a few feminine ***इकारान्त*** words use **-īs**,Laukika uses **-ayaḥ / -avaḥ**,Ending-class,Companion,FORM · OPEN,RARE,—,Split unstrengthened **-ias / -uas** from feminine **-īs**.,,unstrengthened masculine form,4,,,exact_absolute,tokens,RARE,B,dot,One lexeme
PL-05,Bahuvacanam,***इकारान्त / उकारान्त***,m./f.,***प्रथमा बहुवचनम्***,Rare unstrengthened **-ias / -uas**; a few feminine ***इकारान्त*** words use **-īs**,Laukika uses **-ayaḥ / -avaḥ**,Ending-class,Companion,FORM · OPEN,RARE,—,Split unstrengthened **-ias / -uas** from feminine **-īs**.,,unstrengthened feminine forms,2,,,exact_absolute,examples,ISOLATED,B,dot,
PL-06,Bahuvacanam,***इकारान्त / उकारान्त***,m./f.,***द्वितीया बहुवचनम्***,Vedic preserves **-ias / -uas** beside the later formations,Laukika uses masculine **-īn / -ūn** and feminine **-īḥ / -ūḥ**,Ending-class,Companion,FORM · OPEN,UNKNOWN,—,Flag the source-annotation disagreement for the listed accusative forms.,,accusative -ias and -uas,,,,source_annotation_conflict,,UNKNOWN,D,unknown,Whitney calls the forms sparse; VedaWeb assigns the source-listed visible matches to other relations
PL-07,Bahuvacanam,***अकारान्त***,n.,***प्रथमा–द्वितीया–संबोधन बहुवचनम्***,**-ā** beside **-āni**; e.g. ***विश्वा / विश्वानि (*viśvā / viśvāni*)***,**-āni**,System-wide,Appendix,FORM · PASSAGE · FUNCTION,—,MAT · ARR,Use ***विश्वा (*viśvā*)*** at RV 8.70.6b.,RV 8.70.6b,neuter plural -ā,3,5,60.0,exact_ratio,tokens,COMMON,B,plot,
PL-08,Bahuvacanam,***इकारान्त***,n.,***प्रथमा–द्वितीया–संबोधन बहुवचनम्***,**-ī / -i** occur more often than **-īni** in the Veda,**-īni**,System-wide,Appendix or Companion,FORM · OPEN,—,—,Retain without a DV code.,,short ikārānta neuter plural,50,64,78.1,approximate_counts,tokens,DOMINANT,B,plot,About 50 short forms and about 14 -īni
PL-09,Bahuvacanam,***उकारान्त***,n.,***प्रथमा–द्वितीया–संबोधन बहुवचनम्***,**-ū / -u** beside **-ūni**,**-ūni**,System-wide,Appendix or Companion,FORM · OPEN,—,—,Retain without a DV code.,,short ukārānta neuter plural,,,33.3,lower_bound,tokens,COMMON,B,plot,Short form is more than half as frequent as -ūni
PL-09,Bahuvacanam,***उकारान्त***,n.,***प्रथमा–द्वितीया–संबोधन बहुवचनम्***,**-ū / -u** beside **-ūni**,**-ūni**,System-wide,Appendix or Companion,FORM · OPEN,—,—,Retain without a DV code.,,short ukārānta lexical breadth,12,,,exact_reported_types,lexemes,COMMON,B,dot,
PL-10,Bahuvacanam,***अन् / मन् / वन्-अन्त***,n.,***प्रथमा–द्वितीया–संबोधन बहुवचनम्***,**-ā / -a** beside **-āni**; e.g. ***ब्रह्म / ब्रह्मा / ब्रह्माणि (*brahma / brahmā / brahmāṇi*)***,**-āni**,System-wide,Appendix or Companion,FORM · OPEN,—,—,Retain without a DV code.,,short -a among two short forms,2,3,66.7,exact_ratio,tokens,UNKNOWN,B,plot,Does not include -āni denominator
PL-11,Bahuvacanam,***अन्त् / मत् / वत्-अन्त***,n.,***प्रथमा–द्वितीया–संबोधन बहुवचनम्***,Rare Vedic **-ānti** beside **-anti**,**-anti**,Rare class,Companion,FORM · OPEN,ISOLATED in RV,—,Display the source-reported **2 RV passages** and state that the exact passages remain open.,,RV neuter plural -ānti,2,,,exact_absolute,passages,ISOLATED,B,dot,Padapāṭha does not expose length as searchable token
PL-12,Bahuvacanam,***अकारान्त***,all,***तृतीया बहुवचनम्***,**-ebhiḥ** beside **-aiḥ**; e.g. ***रुद्रेभिः / रुद्रैः (*rudrebhiḥ / rudraiḥ*)***,**-aiḥ**,System-wide,Appendix,FORM · PASSAGE · FUNCTION,—,MAT · ARR,Use ***देवेभिः (*devebhiḥ*)*** at RV 1.1.5c and the RV 10.125.1 comparison.,RV 1.1.5c; RV 10.125.1,broad RV suffix -ebhiḥ against -aiḥ,585,1275,45.9,exact_raw_suffix,tokens,COMMON,A,plot,Source independently describes near-even frequency
PL-12,Bahuvacanam,***अकारान्त***,all,***तृतीया बहुवचनम्***,**-ebhiḥ** beside **-aiḥ**; e.g. ***रुद्रेभिः / रुद्रैः (*rudrebhiḥ / rudraiḥ*)***,**-aiḥ**,System-wide,Appendix,FORM · PASSAGE · FUNCTION,—,MAT · ARR,Use ***देवेभिः (*devebhiḥ*)*** at RV 1.1.5c and the RV 10.125.1 comparison.,RV 1.1.5c; RV 10.125.1,devebhiḥ against devaiḥ,49,87,56.3,exact_checked,tokens,COMMON,A,plot,Lexical support
PL-12,Bahuvacanam,***अकारान्त***,all,***तृतीया बहुवचनम्***,**-ebhiḥ** beside **-aiḥ**; e.g. ***रुद्रेभिः / रुद्रैः (*rudrebhiḥ / rudraiḥ*)***,**-aiḥ**,System-wide,Appendix,FORM · PASSAGE · FUNCTION,—,MAT · ARR,Use ***देवेभिः (*devebhiḥ*)*** at RV 1.1.5c and the RV 10.125.1 comparison.,RV 1.1.5c; RV 10.125.1,rudrebhiḥ against rudraiḥ,12,16,75.0,exact_checked,tokens,DOMINANT,A,plot,Lexical support
PL-13,Bahuvacanam,*tad/etad/yad* pronoun families,m./n.,***तृतीया बहुवचनम्***,**-ebhiḥ** beside **-aiḥ**; e.g. ***तेभिः / तैः (*tebhiḥ / taiḥ*)***,**-aiḥ**,System-wide pronoun application,Appendix or Companion,FORM · PASSAGE · FUNCTION,—,MAT · ARR · REL,Use ***येभिः (*yebhiḥ*)*** at RV 7.1.7b.,RV 7.1.7b,yebhiḥ against yaiḥ,28,28,100.0,exact_checked,tokens,DOMINANT,A,plot,Same tokens as PL-21
PL-14,Bahuvacanam,***अकारान्त***,all,***चतुर्थी–पञ्चमी बहुवचनम्***,The ending can be resolved as **-ebhiaḥ** in recitation,**-ebhyaḥ**,Phonetic/metrical realization,Companion,FORM · OPEN,N/A,—,"Identify this as recitational resolution, not a second written ending.",,resolved -ebhiaḥ,,,,unknown,,UNKNOWN,D,unknown,Not infrequent; audible count required
PL-15,Bahuvacanam,***अकारान्त***,all,***षष्ठी बहुवचनम्***,"Two distinct phenomena: roughly six RV examples of simple **-ām** beside **-ānām**, and a much more frequent recitational resolution of written **-ānām** across two syllables",**-ānām**,Mixed: rare alternate form / documented recitational realization,Companion; split the two subclaims visually,FORM · OPEN,RARE in part,—,Split rare simple **-ām** from recitational resolution of **-ānām**.,,simple genitive plural -ām,6,,,approximate_absolute,tokens,RARE,B,dot,
PL-15,Bahuvacanam,***अकारान्त***,all,***षष्ठी बहुवचनम्***,"Two distinct phenomena: roughly six RV examples of simple **-ām** beside **-ānām**, and a much more frequent recitational resolution of written **-ānām** across two syllables",**-ānām**,Mixed: rare alternate form / documented recitational realization,Companion; split the two subclaims visually,FORM · OPEN,RARE in part,—,Split rare simple **-ām** from recitational resolution of **-ānām**.,,resolved -ānām,,,50.0,upper_bound,tokens,UNKNOWN,B,plot,Less than half
PL-16,Bahuvacanam,first/second-person pronouns,—,***चतुर्थी बहुवचनम्***,Vedic sometimes drops the final nasal: **-bhya** beside **-bhyam**; also uses ***अस्मे / युष्मे (*asme / yuṣme*)*** as dative-locative forms,Laukika uses ***अस्मभ्यम् / युष्मभ्यम् (*asmabhyam / yuṣmabhyam*)***,Pronoun-specific,Companion,FORM · PASSAGE · FUNCTION · OPEN,N/A / UNKNOWN,REL · REC for e-form,Use ***युष्मे (*yuṣme*)*** for the e-form; keep **-bhya** open.,,asme raw spelling,210,,,raw_absolute,tokens,UNKNOWN,C,raw_only,Separate from -bhya
PL-16,Bahuvacanam,first/second-person pronouns,—,***चतुर्थी बहुवचनम्***,Vedic sometimes drops the final nasal: **-bhya** beside **-bhyam**; also uses ***अस्मे / युष्मे (*asme / yuṣme*)*** as dative-locative forms,Laukika uses ***अस्मभ्यम् / युष्मभ्यम् (*asmabhyam / yuṣmabhyam*)***,Pronoun-specific,Companion,FORM · PASSAGE · FUNCTION · OPEN,N/A / UNKNOWN,REL · REC for e-form,Use ***युष्मे (*yuṣme*)*** for the e-form; keep **-bhya** open.,,yuṣme raw spelling,6,,,raw_absolute,tokens,UNKNOWN,C,raw_only,Separate from -bhya
PL-16,Bahuvacanam,first/second-person pronouns,—,***चतुर्थी बहुवचनम्***,Vedic sometimes drops the final nasal: **-bhya** beside **-bhyam**; also uses ***अस्मे / युष्मे (*asme / yuṣme*)*** as dative-locative forms,Laukika uses ***अस्मभ्यम् / युष्मभ्यम् (*asmabhyam / yuṣmabhyam*)***,Pronoun-specific,Companion,FORM · PASSAGE · FUNCTION · OPEN,N/A / UNKNOWN,REL · REC for e-form,Use ***युष्मे (*yuṣme*)*** for the e-form; keep **-bhya** open.,,loss of final nasal in -bhya,,,,unknown,,UNKNOWN,D,unknown,
PL-17,Bahuvacanam,first/second-person pronouns,—,***षष्ठी बहुवचनम्***,Rare ***अस्माक / युष्माक (*asmāka / yuṣmāka*)*** without final nasal,Laukika ***अस्माकम् / युष्माकम् (*asmākam / yuṣmākam*)***,Rare pronoun form,Companion,FORM · OPEN,RARE,—,Mark loss of the final nasal as rare.,,asmāka and yuṣmāka against full forms,3,120,2.5,exact_checked,tokens,RARE,A,plot,Components are 1:106 and 2:11
PL-18,Bahuvacanam,second-person pronoun,f.,***द्वितीया बहुवचनम्***,Vedic has rare ***युष्माः (*yuṣmāḥ*)*** as a marked feminine accusative,Laukika ***युष्मान् (*yuṣmān*)*** without gender distinction,Rare pronoun form,Companion,FORM · OPEN,ISOLATED,—,Identify as two Vājasaneyi Saṃhitā forms; exact passages remain open.,,VS feminine yuṣmāḥ,2,,,exact_absolute,tokens,ISOLATED,B,dot,Not an RV absence claim
PL-19,Bahuvacanam,demonstratives ***अयम् / असौ***,n.,***प्रथमा–द्वितीया बहुवचनम्***,***इमा / अमू (*imā / amū*)*** beside **-āni / -ūni** forms,Laukika ***इमानि / अमूनि (*imāni / amūni*)***,Pronoun-specific,Companion,FORM · OPEN,DOMINANT,—,Morphological review gives *imā : imāni* as 63:8.,,imā against imāni,63,71,88.7,exact_annotated,tokens,DOMINANT,A,plot,One masculine-dual imā homograph excluded
PL-20,Bahuvacanam,relative pronoun ***यद् (*yad*)***,n.,***प्रथमा–द्वितीया बहुवचनम्***,***या (*yā*)*** beside ***यानि (*yāni*)***,***यानि (*yāni*)***,Pronoun-specific,Companion,FORM · OPEN,COMMON,—,Morphological review gives *yā : yāni* as 50:26.,,yā against yāni,50,76,65.8,exact_annotated,tokens,COMMON,A,plot,One hundred nine feminine-singular and masculine-dual yā homographs excluded
PL-21,Bahuvacanam,relative pronoun ***यद्***,m./n.,***तृतीया बहुवचनम्***,***येभिः (*yebhiḥ*)*** beside ***यैः (*yaiḥ*)***,***यैः (*yaiḥ*)***,Pronoun-specific,Companion,FORM · PASSAGE · FUNCTION,—,MAT · ARR · REL,Use ***येभिः (*yebhiḥ*)*** at RV 7.1.7b.,RV 7.1.7b,yebhiḥ against yaiḥ,28,28,100.0,exact_checked,tokens,DOMINANT,A,duplicate,Duplicate of PL-13 for aggregation
SG-01,Ekavacanam,***अकारान्त (*akārānta*)***,m./n.,***तृतीया एकवचनम्***,"**-ā**, **-ena**, and metrically lengthened **-enā**; e.g. ***यज्ञा / यज्ञेन / यज्ञेना (*yajñā / yajñena / yajñenā*)***",**-ena**; e.g. ***यज्ञेन (*yajñena*)***,System-wide,Appendix,FORM · PASSAGE · FUNCTION,—,MAT · ARR,Use ***महित्वा (*mahitvā*)*** at RV 2.15.6a; keep ***यज्ञा*** as an unlocated grammar example.,RV 2.15.6a,short instrumental -ā,1,9,11.1,exact_ratio,tokens,RECURRING,B,plot,Whitney RV ratio; -ena family is 8/9
SG-02,Ekavacanam,***आकारान्त (*ākārānta*)***,f.,***तृतीया एकवचनम्***,**-ayā** and contracted **-ā**; e.g. ***मनीषया / मनीषा (*manīṣayā / manīṣā*)***,**-ayā**,System-wide,Appendix,FORM · PASSAGE · FUNCTION,—,MAT · ARR,Use ***मनीषा (*manīṣā*)*** at RV 10.129.4d.,RV 10.129.4d,-ayā contracted to -ā,1,2,50.0,approximate,tokens,COMMON,B,plot,Use ≈ symbol
SG-03,Ekavacanam,***इकारान्त / उकारान्त (*ikārānta / ukārānta*)***,m./n.,***तृतीया एकवचनम्***,"Alongside **-inā / -unā**, Vedic uses **-yā / -vā**; some spellings preserve hiatus as **-iā / -uā**",**-inā / -unā**,Ending-class,Companion,FORM · PASSAGE · OPEN,—,—,Use ***पश्वा (*paśvā*)*** only as passage verification; do not claim meter until its resolved form is scanned.,,ikārānta -yā lexical breadth,5,30,16.7,exact_reported_types,lexemes,RECURRING,B,plot,Five -yā lexemes against twenty-five -inā lexemes
SG-03,Ekavacanam,***इकारान्त / उकारान्त (*ikārānta / ukārānta*)***,m./n.,***तृतीया एकवचनम्***,"Alongside **-inā / -unā**, Vedic uses **-yā / -vā**; some spellings preserve hiatus as **-iā / -uā**",**-inā / -unā**,Ending-class,Companion,FORM · PASSAGE · OPEN,—,—,Use ***पश्वा (*paśvā*)*** only as passage verification; do not claim meter until its resolved form is scanned.,,ukārānta -vā lexical breadth,4,34,11.8,exact_reported_types,lexemes,RECURRING,B,plot,Four -vā lexemes against thirty -unā lexemes
SG-04,Ekavacanam,***इकारान्त / उकारान्त***,f.,***तृतीया एकवचनम्***,"**-yā / -vā** may contract to **-ī**, and occasionally to **-i**; rare **-inā** also occurs",**-yā / -vā**,Ending-class,Companion,FORM · OPEN,RARE,—,"Attach RARE only to occasional **-i** and **-inā**, not to the common contraction.",,feminine contraction to -ī,2,3,66.7,exact_ratio,tokens,COMMON,B,plot,Occasional -i and rare -inā need separate markers
SG-05,Ekavacanam,***उकारान्त***,all,adverbial ***तृतीया एकवचनम्***,A small group uses **-uyā**,No corresponding productive laukika series,Rare class,Companion,FORM · OPEN,RARE,—,Identify the small adverbial **-uyā** class.,,adverbial -uyā breadth,6,,,approximate_absolute,lexemes,RARE,B,dot,No denominator
SG-06,Ekavacanam,***इकारान्त / उकारान्त***,m./f.,***चतुर्थी एकवचनम्***,"Alongside **-aye / -ave**, Vedic preserves the shorter **-ye / -ve**; feminine **-ī** can represent contracted **-ie**",**-aye / -ave**,Ending-class,Companion,FORM · PASSAGE · FUNCTION,—,MAT · ARR,Use ***शिश्वे (*śiśve*)*** at RV 2.34.8c.,RV 2.34.8c,short ukārānta dative -ve,3,63,4.8,upper_bound,lexemes,RARE,B,plot,Denominator is greater than 63; percentage is less than 4.8
SG-07,Ekavacanam,***इकारान्त / उकारान्त***,n.,***चतुर्थी एकवचनम्***,"Vedic uses several patterns, including **-aye, -ve, -ave**; forms with inserted **n** are sporadic",Laukika requires **-ine / -une**,Ending-class,Companion,FORM · OPEN,RECURRING,—,Morphological review finds inserted **n** in 1/18 checked tokens.,,inserted-n neuter dative tokens,1,18,5.6,exact_annotated,tokens,RECURRING,A,plot,One madhune among eighteen reviewed neuter ikārānta/ukārānta dative-singular tokens; five lexemes represented
SG-08,Ekavacanam,***इकारान्त / उकारान्त***,n.,***पञ्चमी–षष्ठी एकवचनम्***,Vedic can use the same **-eḥ / -oḥ** pattern as masculine and feminine words; **-yaḥ / -vaḥ** also occur,Laukika requires **-inaḥ / -unaḥ**,Ending-class,Companion,FORM · OPEN,—,—,Retain without a DV code.,,prevailing ukārānta genitive-ablative type,70,76,92.1,lower_bound,lexemes,DOMINANT,B,plot,Numerator is greater than 70; field is not neuter-only
SG-09,Ekavacanam,***इकारान्त / उकारान्त***,m./n.,***पञ्चमी–षष्ठी एकवचनम्***,"Alongside **-eḥ / -oḥ**, Vedic preserves **-yaḥ / -vaḥ**; rare masculine **-unaḥ** occurs",Principally **-eḥ / -oḥ** for m.; **-inaḥ / -unaḥ** for n.,Ending-class,Companion,FORM · OPEN,RARE,—,Split common **-yaḥ / -vaḥ** from very rare masculine **-unaḥ**.,,masculine -unaḥ,2,,,exact_absolute,tokens,ISOLATED,B,dot,Keep apart from common -yaḥ and -vaḥ
SG-10,Ekavacanam,***इकारान्त***,m./f./occasionally n.,***सप्तमी एकवचनम्***,"Alongside **-au**, Vedic uses **-ā**; e.g. ***अग्नौ / अग्ना (*agnau / agnā*)***",**-au**,System-wide,Appendix,FORM · PASSAGE · OPEN,—,—,Use ***अग्ना (*agnā*)*** at RV 8.27.3b; function remains open.,RV 8.27.3b,ikārānta locative -ā,1,3,33.3,derived_ratio,tokens,COMMON,B,plot,Source says -ā occurs half as often as -au
SG-10,Ekavacanam,***इकारान्त***,m./f./occasionally n.,***सप्तमी एकवचनम्***,"Alongside **-au**, Vedic uses **-ā**; e.g. ***अग्नौ / अग्ना (*agnau / agnā*)***",**-au**,System-wide,Appendix,FORM · PASSAGE · OPEN,—,—,Use ***अग्ना (*agnā*)*** at RV 8.27.3b; function remains open.,RV 8.27.3b,agnā lexical check,8,30,26.7,exact_checked,tokens,COMMON,A,plot,Supporting lexeme rather than class rate
SG-11,Ekavacanam,***इकारान्त***,several,***सप्तमी एकवचनम्***,"A small group uses **-ī**, treated as *pragṛhya*",No corresponding productive laukika series,Rare class,Companion,FORM · PASSAGE · FUNCTION,RARE,REL · REC,Use ***वेदी अस्याम् (*vedī asyām*)*** at RV 2.3.4b and mark *pragṛhya*.,RV 2.3.4b,locatives in -ī,6,,,approximate_absolute,forms,RARE,B,dot,About six reported
SG-12,Ekavacanam,"***उकारान्त***, with a doubtful ***इकारान्त*** parallel",m./n.,***सप्तमी एकवचनम्***,Secure Vedic **-avi** occurs repeatedly; Whitney reports only doubtful traces of parallel ***इकारान्त*** **-ayi**,**-au** for m./f.; **-uni** for n.,Mixed: documented **-avi** / doubtful **-ayi**,Companion; split the two subclaims visually,FORM · PASSAGE · FUNCTION,DOUBTFUL in part,MAT · ARR for **-avi**,Split verified **-avi** from doubtful **-ayi**.,,sānavi against sānau,9,28,32.1,exact_checked,tokens,COMMON,A,plot,Checked lexeme only; -ayi excluded as doubtful
SG-13,Ekavacanam,***इकारान्त / उकारान्त***,n.,***सप्तमी एकवचनम्***,This is a distributional absence rather than an alternate form: equivalents of laukika **-ini** are absent from the oldest checked corpus and **-uni** is very rare,Laukika requires **-ini / -uni**,Absence/distribution,Companion with an absence marker,FORM,ABSENCE,—,"Draw as a distribution note, not as an alternate Vedic ending.",,neuter locative -ini,0,,,defined_absence,forms,ABSENT,B,zero,Do not apply zero to rare -uni
SG-14,Ekavacanam,monosyllabic ***ईकारान्त / ऊकारान्त***,mostly f.,"***चतुर्थी, पञ्चमी–षष्ठी, सप्तमी एकवचनम्***",Vedic uses the shorter inherited series and normally lacks the optional expanded feminine endings,"Laukika permits expanded **-yai, -yāḥ, -yām / -vai, -vāḥ, -vām** forms",Reverse difference,Companion,FORM · OPEN,ABSENCE · one doubtful exception,—,Use an absence treatment with doubtful *bhiyāi* once.,,long-vowel class comparison,,,,unknown,,UNKNOWN,U,unknown,
SG-15,Ekavacanam,derivative ***आकारान्त***,f.,***तृतीया एकवचनम्***,The ending and final vowel often contract to **-ā**,Laukika uses **-ayā**,System-wide,Appendix with SG-02,FORM · PASSAGE · FUNCTION,—,MAT · ARR,Cross-reference SG-02; both use the ***मनीषा*** passage.,,derivative ākārānta contraction,1,2,50.0,approximate,tokens,COMMON,B,plot,Shares SG-02 field
SG-16,Ekavacanam,derivative ***ईकारान्त***,f.,***तृतीया एकवचनम्***,"**-yā** can contract to **-ī**, and occasionally **-i**",**-yā**,Ending-class,Companion,FORM · OPEN,DOMINANT in checked lexeme,—,Show *śamī/śami : śamyā* as 8:2.,,śamī/śami against śamyā,8,10,80.0,exact_annotated,tokens,DOMINANT,A,plot,Checked lexeme: śamī 3; śami 5; uncontracted śamyā 2
SG-17,Ekavacanam,derivative ***ईकारान्त***,f.,***सप्तमी एकवचनम्***,A small group uses **-ī**,**-yām**,Rare class,Companion,FORM · OPEN,ISOLATED,—,Use the single checked *gaurī* locative.,,gaurī locative singular,1,,,exact_annotated,tokens,ISOLATED,A,dot,One checked locative-singular token
SG-18,Ekavacanam,***ऋकारान्त (*ṛkārānta*)***,m./f.,***सप्तमी एकवचनम्***,A few Vedic words lengthen the final **i** of the ending: **-arī**,**-ari**,Rare class,Companion,FORM · OPEN,UNKNOWN,—,Whitney's *kartarī* and VedaWeb's *kartari* require reconciliation.,,ṛkārānta locative -ī,,,,source_corpus_conflict,,UNKNOWN,D,unknown,Whitney prints kartarī; VedaWeb annotates the sole token as kartari at RV 1.139.7f
SG-19,Ekavacanam,***अन् / मन् / वन्-अन्त*** words,all,***सप्तमी एकवचनम्***,"Vedic often keeps the fuller form in **-ani** and also uses a shortened form with no final **i**, such as ***मूर्धन् (*mūrdhan*)***",Laukika commonly uses **-ni** or **-ani** according to the word,Class-level,Companion,FORM · PASSAGE · FUNCTION · OPEN,—,MAT · ARR for endingless locative,Use ***मूर्धन् (*mūrdhan*)*** at RV 9.17.6b; keep fuller and reduced subcategories open.,RV 9.17.6b,mūrdhan against mūrdhani,6,12,50.0,exact_checked,tokens,COMMON,A,plot,Checked lexeme; source says class-wide short form is more frequent
SG-20,Ekavacanam,***मन्-अन्त*** words,all,***तृतीया एकवचनम्***,"A small group drops more of the word-body before **-ā**, producing forms such as **mahinā** beside the fuller formation",Laukika uses the regular reduced formation,Rare class,Companion,FORM · PASSAGE · OPEN,RARE,—,Use ***महिना (*mahinā*)*** at RV 10.28.7d; print no DV code.,RV 10.28.7d,mahinā against mahimnā,38,41,92.7,exact_checked,tokens,DOMINANT,A,plot,Checked lexeme only
SG-20,Ekavacanam,***मन्-अन्त*** words,all,***तृतीया एकवचनम्***,"A small group drops more of the word-body before **-ā**, producing forms such as **mahinā** beside the fuller formation",Laukika uses the regular reduced formation,Rare class,Companion,FORM · PASSAGE · OPEN,RARE,—,Use ***महिना (*mahinā*)*** at RV 10.28.7d; print no DV code.,RV 10.28.7d,abbreviated instrumental lexical class,6,,,exact_absolute,lexemes,RARE,B,dot,Two additional analyses are doubtful
SG-21,Ekavacanam,***मन् / वन्-अन्त*** words,all,other weak-form cases,Vedic sometimes retains **a** before the ending where laukika uses the reduced form,Laukika normally reduces the form before these endings,Class-level,Companion,FORM · PASSAGE · OPEN,—,—,Use ***भूमना (*bhūmanā*)*** at RV 10.31.6b; print no DV code.,RV 10.31.6b,retained-a instances against metrically restored-a instances,1,2,50.0,approximate,two_source_groups,COMMON,B,plot,Source says about as numerous
SG-22,Ekavacanam,***मत् / वत्-अन्त*** adjectives,m.,***संबोधन एकवचनम्***,Vedic regularly uses **-as**; e.g. ***भगवस् (*bhagavas*)***,Laukika uses **-an**; e.g. ***भगवन् (*bhagavan*)***,System-wide,Appendix,FORM · PASSAGE · OPEN,—,—,"Use ***हरिवः (*harivaḥ*)*** at RV 8.2.13c; direct address is verified, alternate-ending purpose is open.",RV 8.2.13c,mant-vant RV vocative -as,100,100,100.0,lower_bound,tokens,DOMINANT,B,plot,More than 100 -as and zero unquestionable -an
SG-23,Ekavacanam,perfect participles ending in ***-वांस् / -वस्***,m.,***संबोधन एकवचनम्***,Vedic uses **-vas**,Laukika uses **-van**,System-wide,Appendix or Companion,FORM · PASSAGE · OPEN,—,—,"Use ***चिकित्वः (*cikitvaḥ*)*** at RV 3.25.1c; direct address is verified, alternate-ending purpose is open.",RV 3.25.1c,cikitvaḥ against cikitvan,11,11,100.0,exact_checked,tokens,DOMINANT,A,plot,Checked lexeme
SG-24,Ekavacanam,comparative adjectives ending in ***-यांस् / -यस्***,m.,***संबोधन एकवचनम्***,Vedic uses **-yas**,Laukika uses **-yan**,System-wide,Appendix or Companion,FORM · PASSAGE · OPEN,RARE,—,Use ***ओजीयः (*ojīyaḥ*)*** at RV 10.120.4c; print no DV code.,RV 10.120.4c,ojīyaḥ,2,,,exact_checked,tokens,ISOLATED,A,dot,No examples outside RV reported
SG-25,Ekavacanam,some ***वन्-अन्त*** words,m.,***संबोधन एकवचनम्***,Vedic occasionally extends the **-vas** pattern to this class,Laukika uses the expected ***वन्*** form,Rare transfer,Companion,FORM · OPEN,RARE / DOUBTFUL in part,—,Omit the doubtful member from any displayed example.,,secure van-ending extensions,5,,,approximate_absolute,lexemes,RARE,B,dot,One additional member doubtful
SG-25,Ekavacanam,some ***वन्-अन्त*** words,m.,***संबोधन एकवचनम्***,Vedic occasionally extends the **-vas** pattern to this class,Laukika uses the expected ***वन्*** form,Rare transfer,Companion,FORM · OPEN,RARE / DOUBTFUL in part,—,Omit the doubtful member from any displayed example.,,doubtful van-ending extension,1,,,doubtful_absolute,lexeme,DOUBTFUL,B,no_plot,
SG-26,Ekavacanam,first/second-person pronoun,—,***तृतीया एकवचनम्***,Vedic occasionally has ***त्वा (*tvā*)***,Laukika uses ***त्वया (*tvayā*)***,Rare but clear,Companion,FORM · OPEN,RECURRING,—,Morphological review gives instrumental *tvā : tvayā* as 5:45.,,instrumental tvā against tvayā,5,50,10.0,exact_annotated,tokens,RECURRING,A,plot,Five instrumental tvā and forty-five instrumental tvayā; 590 other tvā homographs excluded
SG-27,Ekavacanam,first/second-person pronoun,—,***चतुर्थी / सप्तमी एकवचनम्***,Vedic has forms such as ***त्वे (*tve*)*** and rare ***मे (*me*)*** with case values wider than their laukika use,Laukika uses ***तुभ्यम् / त्वयि (*tubhyam / tvayi*)*** and ***मह्यम् / मयि (*mahyam / mayi*)***,Pronoun-specific,Companion,FORM · PASSAGE · FUNCTION,N/A · absolute counts,REL · REC,Use ***युष्मे इत् (*yuṣme id*)*** and ***त्वे इत् (*tve id*)*** as *pragṛhya* examples.,,asme pronoun form,212,,,exact_annotated,tokens,N/A,A,dot,Relation is untagged in many tokens; do not compare directly with asmabhyam
SG-27,Ekavacanam,first/second-person pronoun,—,***चतुर्थी / सप्तमी एकवचनम्***,Vedic has forms such as ***त्वे (*tve*)*** and rare ***मे (*me*)*** with case values wider than their laukika use,Laukika uses ***तुभ्यम् / त्वयि (*tubhyam / tvayi*)*** and ***मह्यम् / मयि (*mahyam / mayi*)***,Pronoun-specific,Companion,FORM · PASSAGE · FUNCTION,N/A · absolute counts,REL · REC,Use ***युष्मे इत् (*yuṣme id*)*** and ***त्वे इत् (*tve id*)*** as *pragṛhya* examples.,,yuṣme pronoun form,6,,,exact_annotated,tokens,N/A,A,dot,All six are plural pronoun tokens; do not compare directly with yuṣmabhyam
SG-28,Ekavacanam,***अयम् (*ayam*)*** demonstrative family,all,***तृतीया एकवचनम्***,"Vedic has additional ***एना / अया (*enā / ayā*)*** forms, often adverbial",Laukika uses the regular demonstrative forms,Pronoun-specific,Companion,FORM · OPEN,RECURRING · absolute counts,—,Preserve *enā* 38 and *ayā* 25 as separate dots.,,enā demonstrative instrumental,38,,,exact_annotated,tokens,RECURRING,A,dot,All thirty-eight are annotated instrumental singular
SG-28,Ekavacanam,***अयम् (*ayam*)*** demonstrative family,all,***तृतीया एकवचनम्***,"Vedic has additional ***एना / अया (*enā / ayā*)*** forms, often adverbial",Laukika uses the regular demonstrative forms,Pronoun-specific,Companion,FORM · OPEN,RECURRING · absolute counts,—,Preserve *enā* 38 and *ayā* 25 as separate dots.,,ayā demonstrative instrumental,25,,,exact_annotated,tokens,RECURRING,A,dot,One verbal homograph excluded
SG-29,Ekavacanam,***त्य (*tya*)*** demonstrative family,f.,***तृतीया एकवचनम्***,Vedic uses contracted ***त्या (*tyā*)***,This pronoun largely disappears from laukika use,Pronoun-specific,Companion,FORM · OPEN,ISOLATED,—,One instrumental token survives morphological review.,,tyā demonstrative instrumental,1,,,exact_annotated,tokens,ISOLATED,A,dot,Twenty homographs in other relations excluded; no tyayā token found
