root,valency,tokens,tier
kṛ,1062,50155,Polyvalent
bhū,504,44848,Polyvalent
dhā,386,17082,Polyvalent
hṛ,368,9296,Polyvalent
vṛt,293,8572,Polyvalent
gam,291,29902,Polyvalent
nī,253,5852,Polyvalent
kram,244,4314,Polyvalent
han,216,14364,Polyvalent
pad,207,7629,Polyvalent
yā,205,10316,Polyvalent
vartay,194,1814,Polyvalent
grah,182,10607,Polyvalent
sṛj,182,6260,Polyvalent
dā,176,17897,Polyvalent
jñā,176,9816,Polyvalent
yuj,172,10312,Polyvalent
car,170,7504,Polyvalent
sthā,166,15989,Polyvalent
pat,164,6052,Polyvalent
viś,163,7095,Polyvalent
kṣip,154,4955,Polyvalent
ruh,153,2855,Polyvalent
yam,146,5299,Polyvalent
diś,136,2654,Polyvalent
muc,135,6170,Polyvalent
vah,133,2676,Polyvalent
kṛṣ,132,1336,Polyvalent
vas,128,4122,Polyvalent
vad,125,4785,Polyvalent
gā,124,2915,Polyvalent
vṛ,121,5094,Polyvalent
rudh,114,3045,Polyvalent
sṛp,113,689,Polyvalent
sṛ,112,1356,Polyvalent
jan,108,11478,Polyvalent
śri,108,2792,Polyvalent
vap,107,2188,Polyvalent
dru,105,2765,Polyvalent
bandh,104,3539,Polyvalent
hā,101,3780,Polyvalent
ji,100,5666,Polyvalent
labh,100,5263,Polyvalent
dah,100,2965,Polyvalent
pāday,100,1513,Polyvalent
kalpay,99,1909,Polyvalent
vac,98,38480,Polyvalent
mṛj,97,1072,Polyvalent
tap,96,3111,Polyvalent
dhāv,96,1549,Polyvalent
veśay,96,1136,Polyvalent
bhāṣ,95,2471,Polyvalent
khyā,94,4255,Polyvalent
sthāpay,93,1954,Polyvalent
sāday,91,3019,Polyvalent
sad,90,3020,Polyvalent
budh,89,2409,Polyvalent
mantray,88,2155,Polyvalent
ci,88,1768,Polyvalent
dhāray,87,2182,Polyvalent
vāray,87,1860,Polyvalent
yojay,86,1821,Polyvalent
śaṃs,85,3408,Polyvalent
mā,85,2734,Polyvalent
vāsay,85,671,Polyvalent
tṛ,84,1947,Polyvalent
stṛ,84,1586,Polyvalent
vyadh,83,2304,Polyvalent
pātay,81,1521,Polyvalent
bhuj,80,3076,Polyvalent
bhaj,80,2054,Polyvalent
mṛś,80,985,Polyvalent
dṛś,79,15392,Polyvalent
pā,79,5661,Polyvalent
bhāvay,79,2033,Polyvalent
sāray,79,708,Polyvalent
śru,78,11586,Polyvalent
tan,78,1677,Polyvalent
ṣṭhā,77,2822,Polyvalent
darśay,77,1850,Polyvalent
vraj,77,1749,Polyvalent
pīḍay,77,1381,Polyvalent
sic,77,1165,Polyvalent
hvā,76,2404,Polyvalent
as,75,36765,Polyvalent
ram,75,2367,Polyvalent
man,74,6008,Polyvalent
kṛt,74,650,Polyvalent
paś,73,5473,Polyvalent
vāhay,73,553,Polyvalent
bhṛ,72,2737,Polyvalent
bhid,72,2661,Polyvalent
cintay,72,2313,Polyvalent
kruś,72,540,Polyvalent
pūray,71,1132,Polyvalent
rabh,70,1847,Polyvalent
veday,70,1308,Polyvalent
vid,69,11773,Polyvalent
ropay,69,739,Polyvalent
cchid,69,596,Polyvalent
plu,68,1028,Polyvalent
cakṣ,67,1563,Polyvalent
vṛj,67,494,Polyvalent
pūjay,66,4071,Polyvalent
yaj,65,7015,Polyvalent
smṛ,65,4689,Polyvalent
jñāpay,64,650,Polyvalent
śvas,63,852,Polyvalent
dhyā,62,1380,Polyvalent
ūh,62,683,Polyvalent
cāray,62,614,Polyvalent
rakṣ,61,2376,Polyvalent
bodhay,61,427,Polyvalent
thā,60,2216,Polyvalent
lip,60,1333,Polyvalent
śās,60,1295,Polyvalent
nam,60,1293,Polyvalent
likh,60,867,Polyvalent
sru,60,768,Polyvalent
dhū,60,712,Polyvalent
bādh,60,646,Polyvalent
i,59,4271,Polyvalent
vṛdh,59,2321,Polyvalent
math,59,794,Polyvalent
lī,59,717,Polyvalent
pracch,57,3286,Polyvalent
mṛd,57,833,Polyvalent
śī,56,1336,Polyvalent
śṛ,56,541,Polyvalent
spṛś,55,2031,Polyvalent
sev,55,1587,Polyvalent
lokay,55,1061,Polyvalent
vāday,55,724,Polyvalent
brū,54,10603,Polyvalent
ṇī,54,799,Polyvalent
tāray,54,491,Polyvalent
ṣic,53,1189,Polyvalent
gāh,53,442,Polyvalent
ghrā,53,437,Polyvalent
lamb,52,494,Polyvalent
lup,52,241,Polyvalent
śam,51,1651,Polyvalent
veṣṭay,51,703,Polyvalent
sah,50,1353,Polyvalent
lakṣay,50,1016,Polyvalent
vā,50,487,Polyvalent
yu,50,393,Polyvalent
dham,49,1470,Bivalent
kṣi,49,1400,Bivalent
has,49,1075,Bivalent
pālay,49,878,Bivalent
śrāvay,49,750,Bivalent
vardhay,49,710,Bivalent
śaṅk,49,447,Bivalent
hāray,49,190,Bivalent
tyaj,48,3337,Bivalent
jīv,48,2504,Bivalent
varjay,48,2455,Bivalent
dhṛ,48,1506,Bivalent
sā,48,500,Bivalent
hu,47,6881,Bivalent
āp,47,3101,Bivalent
īkṣ,47,1333,Bivalent
śiṣ,47,1286,Bivalent
sañj,47,1254,Bivalent
gamay,47,525,Bivalent
dīpay,47,242,Bivalent
bhā,46,1450,Bivalent
yudh,46,1409,Bivalent
plāvay,46,209,Bivalent
stu,45,2575,Bivalent
pū,45,2430,Bivalent
aś,44,2164,Bivalent
coday,44,1049,Bivalent
dṛ,44,586,Bivalent
gṛ,43,552,Bivalent
varṇay,43,431,Bivalent
mad,42,1392,Bivalent
ṣad,42,992,Bivalent
yāc,42,847,Bivalent
khan,42,631,Bivalent
nud,42,452,Bivalent
vāpay,42,321,Bivalent
guh,41,680,Bivalent
nah,41,598,Bivalent
lap,41,427,Bivalent
kamp,41,422,Bivalent
śvāsay,41,415,Bivalent
tāpay,41,345,Bivalent
janay,40,1851,Bivalent
sādhay,40,1424,Bivalent
sū,40,1327,Bivalent
piṣ,40,1186,Bivalent
śuc,40,907,Bivalent
cchāday,40,514,Bivalent
pṛ,39,2105,Bivalent
kīrtay,39,1874,Bivalent
krī,39,668,Bivalent
rādhay,39,517,Bivalent
lobhay,39,112,Bivalent
hṛṣ,38,1950,Bivalent
kāray,38,1733,Bivalent
añj,38,1217,Bivalent
ric,38,901,Bivalent
kﾱp,38,714,Bivalent
nand,38,625,Bivalent
mānay,38,514,Bivalent
vṛh,38,139,Bivalent
nāmay,38,101,Bivalent
pac,37,2238,Bivalent
cyu,37,923,Bivalent
vṛṣ,37,807,Bivalent
mohay,37,643,Bivalent
krīḍ,37,565,Bivalent
dāpay,36,821,Bivalent
cal,36,722,Bivalent
śodhay,36,700,Bivalent
śoṣay,36,580,Bivalent
ghātay,36,290,Bivalent
pāṭay,36,264,Bivalent
cālay,36,215,Bivalent
srāvay,36,169,Bivalent
jap,35,1807,Bivalent
tarpay,35,1153,Bivalent
yat,35,1010,Bivalent
duh,35,845,Bivalent
dhāpay,35,212,Bivalent
sidh,34,2659,Bivalent
muh,34,1308,Bivalent
ṛdh,34,1072,Bivalent
kāṅkṣ,34,417,Bivalent
rādh,34,388,Bivalent
rocay,34,329,Bivalent
arcay,33,965,Bivalent
bhram,33,963,Bivalent
indh,33,821,Bivalent
jñapay,33,342,Bivalent
ruj,33,208,Bivalent
tṛd,33,146,Bivalent
jval,32,1079,Bivalent
rāj,32,855,Bivalent
rañj,32,705,Bivalent
śamay,32,512,Bivalent
lih,32,486,Bivalent
harṣay,32,258,Bivalent
pṛc,32,229,Bivalent
gaṇay,32,202,Bivalent
mi,32,179,Bivalent
śram,31,778,Bivalent
lepay,31,692,Bivalent
ṛch,31,612,Bivalent
majj,31,589,Bivalent
dhṛṣ,31,260,Bivalent
śuṣ,31,240,Bivalent
mocay,31,208,Bivalent
marday,30,1971,Bivalent
ruc,30,659,Bivalent
tras,30,524,Bivalent
bhraṃś,30,520,Bivalent
nṛt,30,432,Bivalent
ṣidh,30,305,Bivalent
śliṣ,30,278,Bivalent
ṣañj,30,264,Bivalent
arthay,30,219,Bivalent
kampay,30,214,Bivalent
vadh,29,1307,Bivalent
gad,29,765,Bivalent
arpay,29,716,Bivalent
arc,29,638,Bivalent
nāśay,29,634,Bivalent
tāḍay,29,500,Bivalent
kṣar,29,283,Bivalent
yātay,29,162,Bivalent
khyāpay,29,116,Bivalent
mṛ,28,2665,Bivalent
ās,28,2061,Bivalent
prī,28,1847,Bivalent
bhañj,28,875,Bivalent
cūrṇay,28,759,Bivalent
rud,28,739,Bivalent
vand,28,704,Bivalent
śāmay,28,501,Bivalent
kāśay,28,347,Bivalent
skand,28,313,Bivalent
dhvaṃs,28,288,Bivalent
vraśc,28,211,Bivalent
tuṣ,27,1104,Bivalent
su,27,939,Bivalent
mud,27,845,Bivalent
hi,27,666,Bivalent
sphur,27,471,Bivalent
dih,27,351,Bivalent
dāray,27,350,Bivalent
toṣay,27,331,Bivalent
nāday,27,311,Bivalent
grāhay,27,233,Bivalent
bhās,27,190,Bivalent
pāray,27,158,Bivalent
ghuṣ,27,112,Bivalent
kathay,26,3507,Bivalent
krudh,26,2250,Bivalent
naś,26,2022,Bivalent
kāmay,26,1071,Bivalent
nad,26,705,Bivalent
smi,26,620,Bivalent
dūṣay,26,405,Bivalent
śikṣ,26,378,Bivalent
vye,26,299,Bivalent
jvālay,26,272,Bivalent
krand,26,225,Bivalent
ṇud,26,194,Bivalent
tud,26,159,Bivalent
kālay,26,90,Bivalent
ghoṣay,26,89,Bivalent
bhakṣay,25,1456,Bivalent
jṛ,25,1441,Bivalent
tṛp,25,751,Bivalent
nind,25,701,Bivalent
kup,25,698,Bivalent
drāvay,25,409,Bivalent
stambh,25,367,Bivalent
rañjay,25,359,Bivalent
deśay,25,346,Bivalent
ceṣṭ,25,291,Bivalent
mī,25,222,Bivalent
khid,25,218,Bivalent
loḍay,25,171,Bivalent
bhāsay,25,148,Bivalent
tarkay,25,139,Bivalent
rohay,25,119,Bivalent
krāmay,25,62,Bivalent
śak,24,1961,Bivalent
dīp,24,1480,Bivalent
hiṃs,24,816,Bivalent
paṭh,24,609,Bivalent
do,24,584,Bivalent
śap,24,515,Bivalent
yodhay,24,298,Bivalent
kṣubh,24,290,Bivalent
rūpay,24,223,Bivalent
muṣ,24,196,Bivalent
dharṣay,24,173,Bivalent
jīvay,24,172,Bivalent
veṣṭ,24,92,Bivalent
chid,23,2203,Bivalent
snā,23,1683,Bivalent
ṇam,23,1136,Bivalent
duṣ,23,954,Bivalent
daṃś,23,369,Bivalent
mārjay,23,255,Bivalent
kṣobhay,23,196,Bivalent
rodhay,23,170,Bivalent
āpay,23,97,Bivalent
kramay,23,87,Bivalent
karṣay,23,82,Bivalent
svap,22,1326,Bivalent
kṣālay,22,623,Bivalent
pācay,22,537,Bivalent
thāpay,22,286,Bivalent
sraṃs,22,252,Bivalent
ghṛṣ,22,217,Bivalent
ve,22,214,Bivalent
mṛṣ,22,165,Bivalent
dīv,22,161,Bivalent
bhartsay,22,110,Bivalent
nanday,22,83,Bivalent
dhvaṃsay,22,60,Bivalent
vī,21,774,Bivalent
pāyay,21,403,Bivalent
ukṣ,21,395,Bivalent
vam,21,245,Bivalent
sāntvay,21,223,Bivalent
mokṣay,21,182,Bivalent
vic,21,178,Bivalent
jalp,21,160,Bivalent
mīlay,21,137,Bivalent
cyāvay,21,130,Bivalent
kūj,21,128,Bivalent
mih,21,110,Bivalent
māpay,21,86,Bivalent
bhūṣ,21,69,Bivalent
śudh,20,3171,Bivalent
dviṣ,20,1414,Bivalent
vācay,20,620,Bivalent
trā,20,520,Bivalent
kliś,20,326,Bivalent
garh,20,310,Bivalent
recay,20,207,Bivalent
vip,20,206,Bivalent
yāpay,20,155,Bivalent
druh,20,114,Bivalent
dyotay,20,99,Bivalent
moday,20,99,Bivalent
śātay,20,73,Bivalent
īray,19,662,Bivalent
gup,19,636,Bivalent
ṣṭhāpay,19,582,Bivalent
gras,19,525,Bivalent
puṣ,19,452,Bivalent
ghāray,19,434,Bivalent
vyath,19,426,Bivalent
pyā,19,386,Bivalent
racay,19,340,Bivalent
riṣ,19,302,Bivalent
ṣṭu,19,201,Bivalent
nard,19,150,Bivalent
ru,19,134,Bivalent
tam,19,123,Bivalent
sphoṭay,19,91,Bivalent
ṣṭhīv,19,73,Bivalent
dīkṣ,18,879,Bivalent
tvar,18,577,Bivalent
yājay,18,437,Bivalent
ṇaś,18,331,Bivalent
bhrāj,18,301,Bivalent
gal,18,292,Bivalent
miśray,18,290,Bivalent
garj,18,223,Bivalent
cikīrṣ,18,218,Bivalent
trāsay,18,201,Bivalent
takṣ,18,175,Bivalent
jṛmbh,18,171,Bivalent
stambhay,18,162,Bivalent
dhūpay,18,157,Bivalent
laṅghay,18,153,Bivalent
ghaṭ,18,134,Bivalent
sūcay,18,132,Bivalent
cikits,18,131,Bivalent
mārg,18,110,Bivalent
cāy,18,96,Bivalent
cṛt,18,69,Bivalent
ghaṭay,18,57,Bivalent
juṣ,17,1236,Bivalent
ad,17,703,Bivalent
śobhay,17,569,Bivalent
bhojay,17,526,Bivalent
kṣam,17,442,Bivalent
ṣev,17,399,Bivalent
sveday,17,389,Bivalent
māray,17,385,Bivalent
chāday,17,371,Bivalent
ṣvaj,17,359,Bivalent
jāgṛ,17,346,Bivalent
kāś,17,327,Bivalent
van,17,230,Bivalent
ṣecay,17,215,Bivalent
śeṣay,17,195,Bivalent
kalay,17,189,Bivalent
vij,17,146,Bivalent
nāyay,17,145,Bivalent
kopay,17,141,Bivalent
und,17,103,Bivalent
bheday,17,101,Bivalent
pothay,17,95,Bivalent
viṣ,17,93,Bivalent
namay,17,79,Bivalent
sarpay,17,39,Bivalent
prāp,16,6022,Bivalent
iṣ,16,4844,Bivalent
upe,16,2226,Bivalent
bhūṣay,16,924,Bivalent
av,16,869,Bivalent
arday,16,591,Bivalent
pyāyay,16,357,Bivalent
peṣay,16,323,Bivalent
cit,16,274,Bivalent
granth,16,178,Bivalent
bhakṣ,16,173,Bivalent
palāy,16,163,Bivalent
ramay,16,154,Bivalent
ghaṭṭay,16,107,Bivalent
hnu,16,95,Bivalent
lips,16,88,Bivalent
spand,16,73,Bivalent
sparśay,16,72,Bivalent
an,16,35,Bivalent
bhī,15,1387,Bivalent
śrī,15,655,Bivalent
śubh,15,557,Bivalent
sarjay,15,284,Bivalent
snāpay,15,201,Bivalent
san,15,197,Bivalent
gālay,15,177,Bivalent
spṛ,15,166,Bivalent
bandhay,15,143,Bivalent
dyut,15,129,Bivalent
prathay,15,115,Bivalent
jigīṣ,15,85,Bivalent
majjay,15,78,Bivalent
das,15,76,Bivalent
hāpay,15,71,Bivalent
valg,15,63,Bivalent
smāray,15,57,Bivalent
svar,15,56,Bivalent
dhāvay,15,49,Bivalent
gur,15,48,Bivalent
mīl,15,48,Bivalent
vlī,15,31,Bivalent
antardhā,14,1011,Bivalent
jāray,14,671,Bivalent
cam,14,476,Bivalent
ardhay,14,407,Bivalent
prath,14,370,Bivalent
sac,14,324,Bivalent
mūrch,14,256,Bivalent
varay,14,215,Bivalent
spṛdh,14,198,Bivalent
kṣapay,14,166,Bivalent
sphuṭ,14,166,Bivalent
skhal,14,152,Bivalent
bhrāmay,14,141,Bivalent
syand,14,120,Bivalent
du,14,104,Bivalent
dabh,14,100,Bivalent
śīlay,14,96,Bivalent
dhmāpay,14,94,Bivalent
jijñās,14,90,Bivalent
svāday,14,88,Bivalent
marṣay,14,81,Bivalent
garhay,14,76,Bivalent
śocay,14,70,Bivalent
tarjay,14,68,Bivalent
hlāday,14,55,Bivalent
jihīrṣ,14,43,Bivalent
kṣepay,14,24,Bivalent
śleṣay,14,20,Bivalent
avāp,13,1574,Bivalent
śā,13,1165,Bivalent
upās,13,1140,Bivalent
prekṣ,13,576,Bivalent
pratī,13,423,Bivalent
khād,13,375,Bivalent
anviṣ,13,361,Bivalent
unnī,13,311,Bivalent
gopāy,13,272,Bivalent
jighāṃs,13,204,Bivalent
edh,13,201,Bivalent
pṛṇ,13,141,Bivalent
īh,13,141,Bivalent
phal,13,136,Bivalent
īr,13,118,Bivalent
mlā,13,115,Bivalent
nū,13,106,Bivalent
kuñc,13,103,Bivalent
sīv,13,103,Bivalent
uṣ,13,102,Bivalent
cetay,13,98,Bivalent
khaṇḍay,13,78,Bivalent
dhī,13,76,Bivalent
dāhay,13,74,Bivalent
añjay,13,71,Bivalent
lālay,13,71,Bivalent
tṛṣ,13,71,Bivalent
bhājay,13,54,Bivalent
kleśay,13,52,Bivalent
mruc,13,49,Bivalent
ran,13,48,Bivalent
stāray,13,39,Bivalent
lambay,13,26,Bivalent
dhūnay,13,18,Bivalent
uddhṛ,12,1056,Bivalent
udi,12,960,Bivalent
avekṣ,12,690,Bivalent
vīkṣ,12,497,Bivalent
prārthay,12,424,Bivalent
svid,12,397,Bivalent
mūrchay,12,369,Bivalent
parīkṣ,12,349,Bivalent
lag,12,291,Bivalent
rā,12,233,Bivalent
pratīkṣ,12,231,Bivalent
arjay,12,214,Bivalent
maṇḍay,12,195,Bivalent
klid,12,183,Bivalent
vañcay,12,181,Bivalent
bṛṃhay,12,122,Bivalent
yantray,12,110,Bivalent
ghūrṇ,12,100,Bivalent
lū,12,96,Bivalent
mand,12,90,Bivalent
cumb,12,77,Bivalent
gṛdh,12,70,Bivalent
dits,12,68,Bivalent
śvi,12,68,Bivalent
gopay,12,65,Bivalent
vījay,12,65,Bivalent
udghāṭay,12,63,Bivalent
mahay,12,62,Bivalent
bhīṣay,12,51,Bivalent
lāpay,12,41,Bivalent
noday,12,41,Bivalent
paṇ,12,39,Bivalent
kleday,12,32,Bivalent
varṣay,12,32,Bivalent
kṣāray,12,27,Bivalent
lopay,12,26,Bivalent
dhits,12,20,Bivalent
arh,11,2382,Bivalent
e,11,1409,Bivalent
adhī,11,887,Bivalent
samprāp,11,804,Bivalent
nyas,11,798,Bivalent
alaṃkṛ,11,677,Bivalent
parī,11,581,Bivalent
ṣkram,11,386,Bivalent
kṣan,11,373,Bivalent
udgā,11,283,Bivalent
dṛh,11,279,Bivalent
upekṣ,11,248,Bivalent
karśay,11,224,Bivalent
vāñch,11,217,Bivalent
mnā,11,198,Bivalent
preray,11,195,Bivalent
ṣu,11,159,Bivalent
prāpay,11,155,Bivalent
dis,11,146,Bivalent
ṇāmay,11,143,Bivalent
uccāray,11,139,Bivalent
pāvay,11,137,Bivalent
mṛgay,11,108,Bivalent
bhikṣ,11,104,Bivalent
kvāthay,11,98,Bivalent
so,11,92,Bivalent
sūday,11,88,Bivalent
svad,11,84,Bivalent
vāś,11,77,Bivalent
prach,11,68,Bivalent
mah,11,64,Bivalent
aj,11,61,Bivalent
vyathay,11,61,Bivalent
laṅgh,11,57,Bivalent
liṅg,11,54,Bivalent
hary,11,53,Bivalent
lolay,11,47,Bivalent
sraṃsay,11,43,Bivalent
īkṣay,11,41,Bivalent
cākaś,11,35,Bivalent
ṣū,11,35,Bivalent
vañc,11,34,Bivalent
tolay,11,32,Bivalent
bṛṃh,11,31,Bivalent
udyam,10,942,Bivalent
pre,10,818,Bivalent
prāś,10,583,Bivalent
upasaṃkram,10,476,Bivalent
īś,10,425,Bivalent
ucchri,10,360,Bivalent
īḍ,10,353,Bivalent
cchad,10,298,Bivalent
ākarṇay,10,236,Bivalent
udgrah,10,235,Bivalent
dīdī,10,200,Bivalent
udvah,10,189,Bivalent
abhyupe,10,183,Bivalent
secay,10,171,Bivalent
ṣṭambh,10,157,Bivalent
ṛṣ,10,156,Bivalent
liṅgay,10,154,Bivalent
laṣ,10,149,Bivalent
paryupās,10,149,Bivalent
adhyāpay,10,130,Bivalent
ṣah,10,120,Bivalent
rch,10,102,Bivalent
vivakṣ,10,94,Bivalent
glā,10,92,Bivalent
mudray,10,91,Bivalent
prīṇay,10,89,Bivalent
sādh,10,86,Bivalent
upasaṃhṛ,10,83,Bivalent
hvṛ,10,74,Bivalent
yamay,10,70,Bivalent
ri,10,69,Bivalent
katth,10,68,Bivalent
śabday,10,63,Bivalent
kan,10,62,Bivalent
ucchid,10,59,Bivalent
dhanv,10,56,Bivalent
ras,10,53,Bivalent
ḍhālay,10,50,Bivalent
gharṣay,10,49,Bivalent
asūy,10,43,Bivalent
lambhay,10,43,Bivalent
poṣay,10,38,Bivalent
skanday,10,37,Bivalent
lekhay,10,35,Bivalent
vecay,10,35,Bivalent
tyājay,10,30,Bivalent
dagh,10,25,Bivalent
sāyay,10,24,Bivalent
trap,10,23,Bivalent
tṛh,10,21,Bivalent
j,10,19,Bivalent
krīḍay,10,19,Bivalent
śas,10,19,Bivalent
atī,9,856,Bivalent
preṣay,9,476,Bivalent
prokṣ,9,461,Bivalent
puṭ,9,448,Bivalent
ści,9,410,Bivalent
mil,9,358,Bivalent
preṣ,9,304,Bivalent
śrapay,9,290,Bivalent
anvi,9,258,Bivalent
ujji,9,238,Bivalent
abhī,9,228,Bivalent
vyapoh,9,202,Bivalent
śikṣay,9,177,Bivalent
dīkṣay,9,162,Bivalent
prāṇ,9,156,Bivalent
māday,9,153,Bivalent
devay,9,136,Bivalent
adhyās,9,131,Bivalent
ave,9,130,Bivalent
udīkṣ,9,112,Bivalent
bubhūṣ,9,108,Bivalent
jyā,9,93,Bivalent
jugups,9,82,Bivalent
kṣud,9,80,Bivalent
pavay,9,77,Bivalent
dhyai,9,73,Bivalent
īps,9,72,Bivalent
rakṣay,9,69,Bivalent
ṣkrī,9,67,Bivalent
sapary,9,66,Bivalent
tulay,9,62,Bivalent
cheday,9,56,Bivalent
ujh,9,56,Bivalent
vrājay,9,52,Bivalent
snehay,9,51,Bivalent
anvavekṣ,9,50,Bivalent
nenij,9,48,Bivalent
pratyavekṣ,9,48,Bivalent
anvās,9,47,Bivalent
titikṣ,9,47,Bivalent
tvaray,9,43,Bivalent
khānay,9,42,Bivalent
rad,9,39,Bivalent
nāhay,9,38,Bivalent
sphūrj,9,38,Bivalent
cud,9,37,Bivalent
ṣṭan,9,33,Bivalent
am,9,28,Bivalent
pāṭhay,9,27,Bivalent
sabhājay,9,27,Bivalent
samucchid,9,26,Bivalent
svan,9,26,Bivalent
jvar,9,23,Bivalent
s,9,23,Bivalent
ṇāśay,9,18,Bivalent
vīj,9,16,Bivalent
kśā,9,14,Bivalent
ścotay,9,14,Bivalent
marśay,9,13,Bivalent
kartay,9,12,Bivalent
uddiś,8,557,Bivalent
samuddhṛ,8,447,Bivalent
lubh,8,335,Bivalent
vaś,8,302,Bivalent
dāś,8,290,Bivalent
jinv,8,289,Bivalent
vedhay,8,261,Bivalent
uddhan,8,253,Bivalent
apekṣ,8,238,Bivalent
pare,8,201,Bivalent
daṇḍay,8,176,Bivalent
udgam,8,172,Bivalent
abhisaṃbudh,8,148,Bivalent
las,8,147,Bivalent
udīr,8,142,Bivalent
ucchiṣ,8,140,Bivalent
k￞,8,133,Bivalent
paryavāp,8,131,Bivalent
śuśrūṣ,8,110,Bivalent
pratyudyā,8,105,Bivalent
sphāray,8,105,Bivalent
saṃnyas,8,102,Bivalent
kuñcay,8,100,Bivalent
tirodhā,8,96,Bivalent
vājay,8,96,Bivalent
abhivīkṣ,8,90,Bivalent
samavāp,8,89,Bivalent
piṇḍay,8,83,Bivalent
āvirbhū,8,80,Bivalent
upārjay,8,79,Bivalent
vratay,8,79,Bivalent
bhaṇ,8,73,Bivalent
bhiṣajy,8,70,Bivalent
paryaṭ,8,64,Bivalent
mīmāṃs,8,62,Bivalent
kuṭṭay,8,60,Bivalent
apān,8,59,Bivalent
ṣkāsay,8,58,Bivalent
lakṣ,8,52,Bivalent
rāgay,8,51,Bivalent
jaray,8,49,Bivalent
randhay,8,45,Bivalent
anvave,8,43,Bivalent
abhyuddhṛ,8,42,Bivalent
bhraṃśay,8,42,Bivalent
carcay,8,41,Bivalent
nij,8,41,Bivalent
svaj,8,40,Bivalent
unmūlay,8,40,Bivalent
ḍambay,8,40,Bivalent
añc,8,38,Bivalent
snapay,8,38,Bivalent
tañc,8,36,Bivalent
śāyay,8,36,Bivalent
yāvay,8,33,Bivalent
heṣ,8,30,Bivalent
jaṅghan,8,30,Bivalent
ṣyand,8,30,Bivalent
hiṇḍ,8,29,Bivalent
anusaṃdhā,8,28,Bivalent
bhāṣay,8,27,Bivalent
cūṣ,8,26,Bivalent
dardar,8,23,Bivalent
hve,8,23,Bivalent
mṛdh,8,23,Bivalent
snu,8,23,Bivalent
ven,8,22,Bivalent
ubj,8,21,Bivalent
jvalay,8,20,Bivalent
kaṣ,8,18,Bivalent
pratisaṃdhā,8,17,Bivalent
titīrṣ,8,17,Bivalent
dī,8,16,Bivalent
hiṃsay,8,15,Bivalent
taṃsay,8,12,Bivalent
sañjay,8,11,Bivalent
hāsay,8,10,Bivalent
manthay,8,10,Bivalent
lok,8,8,Bivalent
same,7,641,Bivalent
dam,7,342,Bivalent
udīray,7,301,Bivalent
abhye,7,292,Bivalent
ape,7,272,Bivalent
vidh,7,209,Bivalent
udvāsay,7,188,Bivalent
paryāp,7,184,Bivalent
apī,7,178,Bivalent
namasy,7,161,Bivalent
carv,7,160,Bivalent
daṃśay,7,145,Bivalent
apās,7,144,Bivalent
snih,7,141,Bivalent
lajj,7,126,Bivalent
apoh,7,124,Bivalent
locay,7,121,Bivalent
jakṣ,7,118,Bivalent
melay,7,113,Bivalent
ṣpat,7,108,Bivalent
p￞,7,99,Bivalent
kas,7,95,Bivalent
bhṛjj,7,94,Bivalent
paryas,7,92,Bivalent
kam,7,84,Bivalent
ude,7,83,Bivalent
ñj,7,83,Bivalent
abhyave,7,82,Bivalent
kutsay,7,78,Bivalent
unmṛj,7,75,Bivalent
abhisaṃdhā,7,74,Bivalent
ghas,7,73,Bivalent
vivās,7,73,Bivalent
johav,7,72,Bivalent
lehay,7,69,Bivalent
guṇṭhay,7,68,Bivalent
unmuc,7,65,Bivalent
ṣā,7,64,Bivalent
nakṣ,7,62,Bivalent
svaday,7,60,Bivalent
upāp,7,55,Bivalent
ṣpāday,7,52,Bivalent
saṃpreṣay,7,50,Bivalent
yas,7,48,Bivalent
anusaṃcar,7,47,Bivalent
parīṣ,7,46,Bivalent
radh,7,45,Bivalent
ṣkṛṣ,7,42,Bivalent
unmajj,7,41,Bivalent
chanday,7,40,Bivalent
ṣedhay,7,40,Bivalent
kaṇḍūy,7,37,Bivalent
roṣay,7,36,Bivalent
udvartay,7,35,Bivalent
tambh,7,34,Bivalent
dhi,7,33,Bivalent
īṣ,7,33,Bivalent
mṛṇ,7,30,Bivalent
drā,7,29,Bivalent
svāpay,7,29,Bivalent
gaveṣay,7,23,Bivalent
parinirvāpay,7,23,Bivalent
marjay,7,22,Bivalent
nyubj,7,21,Bivalent
vyac,7,21,Bivalent
śnath,7,21,Bivalent
ṣāday,7,21,Bivalent
samupās,7,20,Bivalent
śrath,7,20,Bivalent
pratisaṃhṛ,7,19,Bivalent
raṭ,7,19,Bivalent
sisṛkṣ,7,18,Bivalent
yācay,7,18,Bivalent
barhay,7,16,Bivalent
bhaṣ,7,16,Bivalent
rūkṣay,7,14,Bivalent
sajjay,7,14,Bivalent
āyay,7,14,Bivalent
ṣkrāmay,7,14,Bivalent
anveṣay,7,13,Bivalent
bādhay,7,12,Bivalent
gāpay,7,12,Bivalent
gūhay,7,12,Bivalent
syanday,7,12,Bivalent
ṣyanday,7,12,Bivalent
kṛś,7,11,Bivalent
pru,7,11,Bivalent
pruth,7,11,Bivalent
rambhay,7,11,Bivalent
yāmay,7,10,Bivalent
kuṭ,7,9,Bivalent
ṣkand,7,8,Bivalent
unnam,6,333,Bivalent
mahīy,6,300,Bivalent
abhipre,6,186,Bivalent
ślāgh,6,186,Bivalent
aṅkay,6,183,Bivalent
pinv,6,182,Bivalent
guṇay,6,160,Bivalent
mṛḍ,6,131,Bivalent
abhyudi,6,121,Bivalent
vinirdiś,6,118,Bivalent
ṣpad,6,115,Bivalent
dās,6,99,Bivalent
ullikh,6,96,Bivalent
prāśay,6,95,Bivalent
uccar,6,95,Bivalent
prās,6,94,Bivalent
jū,6,88,Bivalent
ej,6,85,Bivalent
vinirgam,6,76,Bivalent
samupe,6,73,Bivalent
pratyudgam,6,72,Bivalent
anvīkṣ,6,71,Bivalent
pratye,6,71,Bivalent
mṛḍay,6,67,Bivalent
pratīṣ,6,67,Bivalent
spṛhay,6,66,Bivalent
lul,6,65,Bivalent
udvap,6,64,Bivalent
dohay,6,62,Bivalent
vāmay,6,61,Bivalent
prā,6,60,Bivalent
abhiniṣkram,6,59,Bivalent
kath,6,57,Bivalent
samuttejay,6,57,Bivalent
samavekṣ,6,56,Bivalent
stubh,6,56,Bivalent
ṣpīḍay,6,56,Bivalent
āviṣkṛ,6,55,Bivalent
ścar,6,55,Bivalent
iṣay,6,54,Bivalent
uc,6,53,Bivalent
vṛṣāy,6,52,Bivalent
cihnay,6,50,Bivalent
dhūrv,6,50,Bivalent
proh,6,50,Bivalent
udbhid,6,49,Bivalent
viparyas,6,49,Bivalent
samudīray,6,48,Bivalent
upasaṃpad,6,48,Bivalent
siṣās,6,46,Bivalent
sthagay,6,46,Bivalent
viniṣkram,6,45,Bivalent
ṛj,6,44,Bivalent
purodhā,6,43,Bivalent
ṣūday,6,43,Bivalent
t￞,6,41,Bivalent
ghṛ,6,38,Bivalent
piś,6,37,Bivalent
duvasy,6,36,Bivalent
tuj,6,36,Bivalent
unnamay,6,36,Bivalent
abhinirvartay,6,35,Bivalent
arhay,6,35,Bivalent
nartay,6,35,Bivalent
sukhay,6,34,Bivalent
udūh,6,33,Bivalent
mārgay,6,31,Bivalent
marmṛj,6,30,Bivalent
prativyūh,6,30,Bivalent
ullaṅghay,6,30,Bivalent
kṣu,6,28,Bivalent
luṭh,6,28,Bivalent
bhas,6,27,Bivalent
caṅkram,6,27,Bivalent
kheday,6,27,Bivalent
ribh,6,27,Bivalent
udañc,6,27,Bivalent
uddru,6,27,Bivalent
bhramay,6,26,Bivalent
ṇū,6,26,Bivalent
ghrāpay,6,25,Bivalent
varvṛt,6,25,Bivalent
citay,6,24,Bivalent
pratyudi,6,24,Bivalent
vyave,6,24,Bivalent
yopay,6,24,Bivalent
abhiniryā,6,23,Bivalent
cchā,6,23,Bivalent
sap,6,23,Bivalent
udās,6,21,Bivalent
ṇah,6,20,Bivalent
ṣkambh,6,20,Bivalent
ṣkṛ,6,20,Bivalent
coray,6,19,Bivalent
samudvah,6,19,Bivalent
śaṃsay,6,18,Bivalent
bībhats,6,17,Bivalent
eṣay,6,17,Bivalent
hrāsay,6,17,Bivalent
kṣap,6,17,Bivalent
rundhay,6,17,Bivalent
ṣīv,6,17,Bivalent
jāgaray,6,16,Bivalent
kṣamay,6,16,Bivalent
upāv,6,16,Bivalent
śabdāpay,6,16,Bivalent
jigamiṣ,6,15,Bivalent
sphālay,6,15,Bivalent
tānay,6,15,Bivalent
anvas,6,14,Bivalent
kranday,6,14,Bivalent
kṛp,6,14,Bivalent
luñc,6,14,Bivalent
si,6,14,Bivalent
veṣay,6,14,Bivalent
vāvad,6,14,Bivalent
yāsay,6,14,Bivalent
abhyavekṣ,6,13,Bivalent
atisaṃdhā,6,13,Bivalent
dhukṣ,6,13,Bivalent
didhiṣ,6,13,Bivalent
manth,6,13,Bivalent
jūrv,6,12,Bivalent
bobhav,6,11,Bivalent
karṇay,6,11,Bivalent
udan,6,11,Bivalent
udvāhay,6,11,Bivalent
udyojay,6,11,Bivalent
ṛd,6,11,Bivalent
sūtray,6,10,Bivalent
śrathay,6,10,Bivalent
dediś,6,9,Bivalent
pan,6,9,Bivalent
unmīlay,6,9,Bivalent
śrāmay,6,9,Bivalent
koṭay,6,8,Bivalent
ruruts,6,8,Bivalent
rāmay,6,8,Bivalent
sāhay,6,8,Bivalent
smaray,6,6,Bivalent
ah,5,9590,Bivalent
anuprāp,5,372,Bivalent
vinyas,5,300,Bivalent
udvij,5,270,Bivalent
udbhū,5,236,Bivalent
vyatī,5,143,Bivalent
samudbhū,5,135,Bivalent
samave,5,127,Bivalent
miṣ,5,111,Bivalent
śrambh,5,110,Bivalent
dṛp,5,107,Bivalent
ruṣ,5,103,Bivalent
upasaṃgrah,5,92,Bivalent
āśay,5,88,Bivalent
abhivyañj,5,82,Bivalent
vyape,5,82,Bivalent
ṣpiṣ,5,82,Bivalent
ṣṭap,5,81,Bivalent
paryūh,5,75,Bivalent
avokṣ,5,73,Bivalent
ñc,5,71,Bivalent
adhyūh,5,70,Bivalent
unmath,5,69,Bivalent
prāduṣkṛ,5,65,Bivalent
pṛtany,5,65,Bivalent
val,5,64,Bivalent
ucchvas,5,63,Bivalent
ṇad,5,60,Bivalent
unmīl,5,59,Bivalent
udgṛ,5,57,Bivalent
upasaṃdhā,5,56,Bivalent
bharjay,5,53,Bivalent
lelih,5,52,Bivalent
uruṣy,5,51,Bivalent
dhāmay,5,47,Bivalent
vakṣ,5,47,Bivalent
dal,5,46,Bivalent
parisaṃkhyā,5,46,Bivalent
ścāray,5,46,Bivalent
nonāv,5,43,Bivalent
anunirvap,5,42,Bivalent
jijiñās,5,41,Bivalent
rej,5,40,Bivalent
yuyuts,5,39,Bivalent
day,5,38,Bivalent
antarbhū,5,36,Bivalent
nānad,5,36,Bivalent
prokṣay,5,36,Bivalent
añcay,5,34,Bivalent
dhvan,5,34,Bivalent
upapre,5,32,Bivalent
raṇ,5,30,Bivalent
abhyasūy,5,29,Bivalent
anusaṃtan,5,29,Bivalent
damay,5,29,Bivalent
hīḍ,5,29,Bivalent
nyūṅkhay,5,29,Bivalent
truṭ,5,29,Bivalent
hrī,5,28,Bivalent
parye,5,28,Bivalent
mith,5,27,Bivalent
preps,5,26,Bivalent
abhyunnī,5,25,Bivalent
utprekṣ,5,24,Bivalent
viniṣpat,5,23,Bivalent
chand,5,22,Bivalent
dhukṣay,5,22,Bivalent
carkar,5,21,Bivalent
ninīṣ,5,21,Bivalent
samupekṣ,5,21,Bivalent
śāpay,5,21,Bivalent
abhisaṃśri,5,20,Bivalent
anupre,5,20,Bivalent
joṣay,5,20,Bivalent
veviṣ,5,20,Bivalent
vyudas,5,20,Bivalent
anuvīkṣ,5,19,Bivalent
anve,5,19,Bivalent
abhinirdiś,5,18,Bivalent
tejay,5,18,Bivalent
uccal,5,18,Bivalent
pravāh,5,17,Bivalent
samunnī,5,17,Bivalent
unmāday,5,17,Bivalent
iṅgay,5,16,Bivalent
sevay,5,16,Bivalent
tur,5,16,Bivalent
choray,5,15,Bivalent
maday,5,15,Bivalent
pruṣ,5,15,Bivalent
samanviṣ,5,15,Bivalent
uccāṭay,5,15,Bivalent
uddīp,5,15,Bivalent
ṣpalāy,5,15,Bivalent
calay,5,14,Bivalent
tirobhū,5,14,Bivalent
vyaṃsay,5,14,Bivalent
abhisaṃgam,5,13,Bivalent
abhisaṃpāday,5,13,Bivalent
anūde,5,13,Bivalent
avekṣay,5,13,Bivalent
karikṛ,5,13,Bivalent
raṇay,5,13,Bivalent
stabhāy,5,13,Bivalent
sūrkṣ,5,13,Bivalent
dhvṛ,5,12,Bivalent
kṣā,5,12,Bivalent
sridh,5,12,Bivalent
āsay,5,12,Bivalent
ūhay,5,12,Bivalent
bharts,5,11,Bivalent
edhay,5,11,Bivalent
kṝ,5,11,Bivalent
pūy,5,11,Bivalent
rap,5,11,Bivalent
grāsay,5,10,Bivalent
jas,5,10,Bivalent
jigāṃs,5,10,Bivalent
luṇṭh,5,10,Bivalent
mumukṣ,5,10,Bivalent
yoyu,5,10,Bivalent
ḍhauk,5,10,Bivalent
tarṣay,5,9,Bivalent
tsar,5,9,Bivalent
ukṣay,5,9,Bivalent
vedh,5,9,Bivalent
vāśay,5,9,Bivalent
dambhay,5,8,Bivalent
sampratīkṣ,5,8,Bivalent
śāsay,5,8,Bivalent
ḍhaukay,5,8,Bivalent
ṣkṛt,5,8,Bivalent
kūlay,5,7,Bivalent
kṛpay,5,7,Bivalent
psā,5,7,Bivalent
ghaṭṭ,5,6,Bivalent
hrāday,5,6,Bivalent
manāy,5,6,Bivalent
ujjīvay,5,6,Bivalent
vejay,5,6,Bivalent
akṣ,5,5,Bivalent
chad,4,368,Monovalent
unmad,4,278,Monovalent
samudyam,4,125,Monovalent
samuddiś,4,116,Monovalent
unmā,4,109,Monovalent
abhīps,4,106,Monovalent
lal,4,102,Monovalent
samudi,4,101,Monovalent
kṣudh,4,100,Monovalent
kvath,4,99,Monovalent
abhiprekṣ,4,89,Monovalent
andhay,4,81,Monovalent
parīps,4,71,Monovalent
bahiṣkṛ,4,65,Monovalent
stanay,4,65,Monovalent
kanikrad,4,61,Monovalent
paryukṣ,4,61,Monovalent
avān,4,60,Monovalent
aṭ,4,60,Monovalent
udvṛt,4,58,Monovalent
ṇij,4,57,Monovalent
udbhram,4,56,Monovalent
prāv,4,54,Monovalent
nāth,4,53,Monovalent
upāś,4,53,Monovalent
rih,4,50,Monovalent
rah,4,49,Monovalent
ullas,4,46,Monovalent
charday,4,44,Monovalent
prakaṭay,4,44,Monovalent
samudīkṣ,4,44,Monovalent
upasaṃgam,4,41,Monovalent
viniryā,4,41,Monovalent
vyatyas,4,41,Monovalent
upanyas,4,40,Monovalent
parinirvā,4,39,Monovalent
udvejay,4,39,Monovalent
hval,4,38,Monovalent
inv,4,38,Monovalent
udvīkṣ,4,38,Monovalent
srambh,4,37,Monovalent
nyañc,4,35,Monovalent
didṛkṣ,4,34,Monovalent
upasame,4,34,Monovalent
daśasy,4,33,Monovalent
udvam,4,32,Monovalent
cāmay,4,31,Monovalent
dips,4,31,Monovalent
abhinirmā,4,30,Monovalent
samuccāray,4,30,Monovalent
kvaṇ,4,29,Monovalent
anuparī,4,28,Monovalent
jambhay,4,28,Monovalent
jājval,4,28,Monovalent
abhīndh,4,27,Monovalent
dhūmāy,4,27,Monovalent
iyakṣ,4,27,Monovalent
jāpay,4,27,Monovalent
adhīṣ,4,26,Monovalent
kocay,4,26,Monovalent
mikṣ,4,26,Monovalent
mūtray,4,26,Monovalent
uddīpay,4,24,Monovalent
vepay,4,24,Monovalent
dhamay,4,23,Monovalent
pluṣ,4,23,Monovalent
sas,4,23,Monovalent
anuprāṇ,4,22,Monovalent
paryave,4,22,Monovalent
ṣṭambhay,4,22,Monovalent
abhiprāṇ,4,21,Monovalent
śyā,4,21,Monovalent
cakās,4,20,Monovalent
ceṣṭay,4,20,Monovalent
protsāhay,4,20,Monovalent
skambh,4,20,Monovalent
stan,4,20,Monovalent
aśanāy,4,19,Monovalent
kṣamāpay,4,19,Monovalent
śad,4,19,Monovalent
prer,4,18,Monovalent
udbhṛ,4,18,Monovalent
vīray,4,18,Monovalent
ścut,4,18,Monovalent
adhyas,4,17,Monovalent
davidyut,4,17,Monovalent
nyañj,4,17,Monovalent
tviṣ,4,17,Monovalent
udyā,4,17,Monovalent
upaparīkṣ,4,17,Monovalent
vipare,4,17,Monovalent
abhinirhṛ,4,16,Monovalent
chalay,4,16,Monovalent
samucci,4,16,Monovalent
spṛs,4,16,Monovalent
vinirdah,4,16,Monovalent
anvabhyave,4,15,Monovalent
dhe,4,15,Monovalent
heṭhay,4,15,Monovalent
tūrv,4,15,Monovalent
upapreṣ,4,15,Monovalent
yiyās,4,15,Monovalent
anulomay,4,14,Monovalent
cātay,4,14,Monovalent
irajy,4,14,Monovalent
lelāy,4,14,Monovalent
palyay,4,14,Monovalent
riṣaṇy,4,14,Monovalent
skabhāy,4,14,Monovalent
udvā,4,14,Monovalent
upasaṃnah,4,14,Monovalent
sagh,4,13,Monovalent
sūd,4,13,Monovalent
udaj,4,13,Monovalent
unnāmay,4,13,Monovalent
vell,4,13,Monovalent
śiñj,4,13,Monovalent
ṣṭubh,4,13,Monovalent
atyaś,4,12,Monovalent
dṛṃhay,4,12,Monovalent
galbh,4,12,Monovalent
rājay,4,12,Monovalent
spaṣṭay,4,12,Monovalent
viprekṣ,4,12,Monovalent
īṅkhay,4,12,Monovalent
jarbhur,4,11,Monovalent
krodhay,4,11,Monovalent
med,4,11,Monovalent
muṣāy,4,11,Monovalent
nas,4,11,Monovalent
raṃh,4,11,Monovalent
abhisame,4,10,Monovalent
abhisaṃyuj,4,10,Monovalent
jijīviṣ,4,10,Monovalent
kadarthay,4,10,Monovalent
khanay,4,10,Monovalent
kuṇṭhay,4,10,Monovalent
kās,4,10,Monovalent
rasay,4,10,Monovalent
smāpay,4,10,Monovalent
upasaṃpāday,4,10,Monovalent
upeps,4,10,Monovalent
ṇamay,4,10,Monovalent
apombh,4,9,Monovalent
chaday,4,9,Monovalent
dalay,4,9,Monovalent
paryṛṣ,4,9,Monovalent
rāpay,4,9,Monovalent
vivikṣ,4,9,Monovalent
āday,4,9,Monovalent
atipāvay,4,8,Monovalent
dakṣ,4,8,Monovalent
hāvay,4,8,Monovalent
kṣoday,4,8,Monovalent
manasy,4,8,Monovalent
marmṛś,4,8,Monovalent
nannam,4,8,Monovalent
paryās,4,8,Monovalent
pratisaṃveday,4,8,Monovalent
samprārthay,4,8,Monovalent
sukhāy,4,8,Monovalent
tak,4,8,Monovalent
tambhay,4,8,Monovalent
tij,4,8,Monovalent
vanday,4,8,Monovalent
abhyudīkṣ,4,7,Monovalent
apodi,4,7,Monovalent
dhvanay,4,7,Monovalent
dṛbh,4,7,Monovalent
haviṣkṛ,4,7,Monovalent
jighats,4,7,Monovalent
kuṣ,4,7,Monovalent
kṣad,4,7,Monovalent
parisaṃsthāpay,4,7,Monovalent
praśnay,4,7,Monovalent
uduṣ,4,7,Monovalent
vevid,4,7,Monovalent
adhyeṣay,4,6,Monovalent
anusaṃsthā,4,6,Monovalent
anusaṃyā,4,6,Monovalent
atyas,4,6,Monovalent
kṛntay,4,6,Monovalent
kṣveḍay,4,6,Monovalent
priyāy,4,6,Monovalent
ubh,4,6,Monovalent
cchanday,4,5,Monovalent
didās,4,5,Monovalent
dolay,4,5,Monovalent
ghāṭay,4,5,Monovalent
glāpay,4,5,Monovalent
kū,4,5,Monovalent
kṣāpay,4,5,Monovalent
lajjay,4,5,Monovalent
upāj,4,5,Monovalent
anusaṃvraj,4,4,Monovalent
indhay,4,4,Monovalent
krūḍay,4,4,Monovalent
prapañcay,4,4,Monovalent
samunmūlay,4,4,Monovalent
vyavekṣ,4,4,Monovalent
saṃpreṣ,3,336,Monovalent
samprekṣ,3,203,Monovalent
ī,3,193,Monovalent
uddhū,3,145,Monovalent
darpay,3,119,Monovalent
upaniṣkram,3,113,Monovalent
klam,3,92,Monovalent
ūrjay,3,90,Monovalent
abhīṣ,3,82,Monovalent
samabhyarcay,3,82,Monovalent
udyuj,3,80,Monovalent
udric,3,70,Monovalent
śośuc,3,68,Monovalent
abhinirvṛt,3,64,Monovalent
dvaṃdvay,3,54,Monovalent
vinirbhid,3,54,Monovalent
vinirji,3,54,Monovalent
samabhye,3,53,Monovalent
tapasy,3,53,Monovalent
cchṛd,3,51,Monovalent
prāviṣkṛ,3,49,Monovalent
samatī,3,49,Monovalent
arātīy,3,42,Monovalent
samabhyas,3,40,Monovalent
yavay,3,39,Monovalent
patay,3,35,Monovalent
roro,3,35,Monovalent
spṛh,3,35,Monovalent
jighṛkṣay,3,34,Monovalent
unmiṣ,3,34,Monovalent
eray,3,31,Monovalent
gṛbhāy,3,29,Monovalent
samunnam,3,29,Monovalent
hras,3,28,Monovalent
paty,3,28,Monovalent
prasaṃkhyā,3,27,Monovalent
utkaṇṭh,3,27,Monovalent
āmay,3,27,Monovalent
unnad,3,25,Monovalent
pratiparī,3,24,Monovalent
śṛdh,3,23,Monovalent
abhiparī,3,22,Monovalent
samuttāray,3,22,Monovalent
vīḍay,3,22,Monovalent
styai,3,20,Monovalent
uddyotay,3,20,Monovalent
udgranth,3,20,Monovalent
ujjval,3,20,Monovalent
aghāy,3,19,Monovalent
mukharay,3,19,Monovalent
ṣkas,3,19,Monovalent
glapay,3,18,Monovalent
pallavay,3,18,Monovalent
pipās,3,18,Monovalent
preṅkh,3,18,Monovalent
vanuṣy,3,18,Monovalent
anupreṣay,3,17,Monovalent
dhan,3,17,Monovalent
kṣviḍ,3,17,Monovalent
samuccar,3,17,Monovalent
samudvij,3,17,Monovalent
abhyatī,3,16,Monovalent
samprakās,3,16,Monovalent
unnah,3,16,Monovalent
upoh,3,16,Monovalent
chṛd,3,15,Monovalent
khāday,3,15,Monovalent
rerih,3,15,Monovalent
atyṛj,3,14,Monovalent
ilay,3,14,Monovalent
samunmṛj,3,14,Monovalent
udbandh,3,14,Monovalent
vinirdhū,3,14,Monovalent
abhyucchri,3,13,Monovalent
antargā,3,13,Monovalent
badbadh,3,13,Monovalent
guñj,3,13,Monovalent
myakṣ,3,13,Monovalent
projh,3,13,Monovalent
stakṣ,3,13,Monovalent
tuś,3,13,Monovalent
ujjhā,3,13,Monovalent
abhiniṣpad,3,12,Monovalent
apyas,3,12,Monovalent
camay,3,12,Monovalent
ccho,3,12,Monovalent
dakṣay,3,12,Monovalent
dodhu,3,12,Monovalent
marcay,3,12,Monovalent
ṣac,3,12,Monovalent
abhisaṃci,3,11,Monovalent
inakṣ,3,11,Monovalent
jihās,3,11,Monovalent
kīlay,3,11,Monovalent
pratyudyam,3,11,Monovalent
samullas,3,11,Monovalent
upanirhṛ,3,11,Monovalent
upoṣ,3,11,Monovalent
vinirvṛt,3,11,Monovalent
yup,3,11,Monovalent
śamāy,3,11,Monovalent
anūdi,3,10,Monovalent
anūjji,3,10,Monovalent
at,3,10,Monovalent
citrīy,3,10,Monovalent
dālay,3,10,Monovalent
kṣṇu,3,10,Monovalent
nyāsay,3,10,Monovalent
turaṇy,3,10,Monovalent
vrādh,3,10,Monovalent
ṣpā,3,10,Monovalent
andhray,3,9,Monovalent
antardhāpay,3,9,Monovalent
draḍhay,3,9,Monovalent
eṣ,3,9,Monovalent
glah,3,9,Monovalent
panay,3,9,Monovalent
pratisaṃmoday,3,9,Monovalent
pruṣāy,3,9,Monovalent
prāj,3,9,Monovalent
roday,3,9,Monovalent
tartar,3,9,Monovalent
ucchvāsay,3,9,Monovalent
uddharṣay,3,9,Monovalent
upaghrāpay,3,9,Monovalent
vyavān,3,9,Monovalent
śim,3,9,Monovalent
ṣpū,3,9,Monovalent
abhisaṃjñā,3,8,Monovalent
apaplāvay,3,8,Monovalent
carkṛṣ,3,8,Monovalent
citray,3,8,Monovalent
cyut,3,8,Monovalent
durasy,3,8,Monovalent
gāhay,3,8,Monovalent
pravī,3,8,Monovalent
pī,3,8,Monovalent
sampre,3,8,Monovalent
sarsṛ,3,8,Monovalent
uddhā,3,8,Monovalent
uddhāray,3,8,Monovalent
valay,3,8,Monovalent
vanīvāh,3,8,Monovalent
vyuccar,3,8,Monovalent
vīṣ,3,8,Monovalent
anūcchri,3,7,Monovalent
apacikramiṣ,3,7,Monovalent
bharibhṛ,3,7,Monovalent
bibhits,3,7,Monovalent
chā,3,7,Monovalent
iṣaṇy,3,7,Monovalent
jañjabh,3,7,Monovalent
kāsay,3,7,Monovalent
liś,3,7,Monovalent
manday,3,7,Monovalent
mandāy,3,7,Monovalent
ned,3,7,Monovalent
nenīy,3,7,Monovalent
nikṣ,3,7,Monovalent
niṃs,3,7,Monovalent
nyṛṣ,3,7,Monovalent
prārc,3,7,Monovalent
riñc,3,7,Monovalent
rurukṣ,3,7,Monovalent
ucchoṣay,3,7,Monovalent
udāp,3,7,Monovalent
upasaṃtan,3,7,Monovalent
viniścar,3,7,Monovalent
abhiprokṣ,3,6,Monovalent
abhiprāp,3,6,Monovalent
abhisaṃkram,3,6,Monovalent
abhyutpūray,3,6,Monovalent
anusaṃsmṛ,3,6,Monovalent
bharay,3,6,Monovalent
jyotay,3,6,Monovalent
lāsay,3,6,Monovalent
mlāpay,3,6,Monovalent
naṭ,3,6,Monovalent
nejay,3,6,Monovalent
ninday,3,6,Monovalent
pavitray,3,6,Monovalent
pratisaṃgrah,3,6,Monovalent
rahay,3,6,Monovalent
rup,3,6,Monovalent
samullikh,3,6,Monovalent
sedhay,3,6,Monovalent
sphūrjay,3,6,Monovalent
tamay,3,6,Monovalent
udīṣ,3,6,Monovalent
unmocay,3,6,Monovalent
upapare,3,6,Monovalent
upasaṃsṛj,3,6,Monovalent
vaśay,3,6,Monovalent
vyucchid,3,6,Monovalent
yoyup,3,6,Monovalent
ārdray,3,6,Monovalent
śruṣ,3,6,Monovalent
śulkay,3,6,Monovalent
ṛtīy,3,6,Monovalent
abhyapān,3,5,Monovalent
anuprekṣ,3,5,Monovalent
avadhīray,3,5,Monovalent
bhiṣaj,3,5,Monovalent
bubhuts,3,5,Monovalent
cakṣay,3,5,Monovalent
caraṇy,3,5,Monovalent
cikīṣ,3,5,Monovalent
dhīps,3,5,Monovalent
gaveṣ,3,5,Monovalent
hvāyay,3,5,Monovalent
iñjay,3,5,Monovalent
kal,3,5,Monovalent
kṛpāy,3,5,Monovalent
mathāy,3,5,Monovalent
mīv,3,5,Monovalent
nirakṣ,3,5,Monovalent
prekṣay,3,5,Monovalent
rapś,3,5,Monovalent
rejay,3,5,Monovalent
sampratī,3,5,Monovalent
spāśay,3,5,Monovalent
surabhay,3,5,Monovalent
tirobhāvay,3,5,Monovalent
trikoṭay,3,5,Monovalent
tu,3,5,Monovalent
uddhvaṃs,3,5,Monovalent
udgāh,3,5,Monovalent
udvad,3,5,Monovalent
udve,3,5,Monovalent
udveṣṭ,3,5,Monovalent
upode,3,5,Monovalent
vighnay,3,5,Monovalent
vātay,3,5,Monovalent
āvirbhāvay,3,5,Monovalent
īrṣy,3,5,Monovalent
ś,3,5,Monovalent
śubhay,3,5,Monovalent
abhinirgam,3,4,Monovalent
anukūlay,3,4,Monovalent
barbṛh,3,4,Monovalent
dehay,3,4,Monovalent
dhanay,3,4,Monovalent
dhav,3,4,Monovalent
dhūlay,3,4,Monovalent
dudhūrṣ,3,4,Monovalent
hlād,3,4,Monovalent
irasy,3,4,Monovalent
jabh,3,4,Monovalent
jalpay,3,4,Monovalent
kelāy,3,4,Monovalent
lālap,3,4,Monovalent
mamāy,3,4,Monovalent
nidrāy,3,4,Monovalent
preṅkhay,3,4,Monovalent
proccāray,3,4,Monovalent
proddhṛ,3,4,Monovalent
protay,3,4,Monovalent
samabhyave,3,4,Monovalent
samadhī,3,4,Monovalent
samucchvas,3,4,Monovalent
samudgrah,3,4,Monovalent
samunmajj,3,4,Monovalent
skhalay,3,4,Monovalent
spanday,3,4,Monovalent
sphuṭay,3,4,Monovalent
sīkṣ,3,4,Monovalent
tantray,3,4,Monovalent
unmṛś,3,4,Monovalent
upasaṃśri,3,4,Monovalent
uḍḍīy,3,4,Monovalent
vat,3,4,Monovalent
vinirhan,3,4,Monovalent
visaṃvad,3,4,Monovalent
yakṣ,3,4,Monovalent
ārogyay,3,4,Monovalent
śnathay,3,4,Monovalent
śrambhay,3,4,Monovalent
śravay,3,4,Monovalent
ṣevay,3,4,Monovalent
abhinirvap,3,3,Monovalent
abhiniṣpat,3,3,Monovalent
abhyuddru,3,3,Monovalent
abhyutkramay,3,3,Monovalent
anusaṃkram,3,3,Monovalent
apāj,3,3,Monovalent
bhur,3,3,Monovalent
ccheday,3,3,Monovalent
damāy,3,3,Monovalent
gandhay,3,3,Monovalent
ganīgam,3,3,Monovalent
garjay,3,3,Monovalent
gātuy,3,3,Monovalent
hūrch,3,3,Monovalent
jighṛkṣ,3,3,Monovalent
juhūṣ,3,3,Monovalent
larday,3,3,Monovalent
narday,3,3,Monovalent
nāṭay,3,3,Monovalent
palyaṅy,3,3,Monovalent
parikarmay,3,3,Monovalent
paryudas,3,3,Monovalent
pipatiṣ,3,3,Monovalent
pratimīv,3,3,Monovalent
pratisaṃdiś,3,3,Monovalent
pratyudīkṣ,3,3,Monovalent
pratyupe,3,3,Monovalent
raṃhay,3,3,Monovalent
reṣay,3,3,Monovalent
riś,3,3,Monovalent
rāraj,3,3,Monovalent
rāvay,3,3,Monovalent
samparī,3,3,Monovalent
samunmīl,3,3,Monovalent
srevay,3,3,Monovalent
subh,3,3,Monovalent
takṣay,3,3,Monovalent
taray,3,3,Monovalent
udgrāhay,3,3,Monovalent
udvraj,3,3,Monovalent
unmanāy,3,3,Monovalent
unmṛd,3,3,Monovalent
upodgrah,3,3,Monovalent
upāvekṣ,3,3,Monovalent
vivats,3,3,Monovalent
yuyukṣ,3,3,Monovalent
śriṣ,3,3,Monovalent
śyetīkṛ,3,3,Monovalent
ḍamb,3,3,Monovalent
vinirmuc,2,229,Monovalent
viniści,2,92,Monovalent
vrīḍ,2,84,Monovalent
samanuprāp,2,79,Monovalent
bubhukṣ,2,73,Monovalent
abhisaṃvṛ,2,71,Monovalent
samucchri,2,66,Monovalent
kalkay,2,62,Monovalent
abhisaṃtap,2,55,Monovalent
jvaray,2,49,Monovalent
tandray,2,45,Monovalent
nabh,2,42,Monovalent
samprokṣ,2,38,Monovalent
abhisaṃviś,2,36,Monovalent
didhakṣ,2,35,Monovalent
pṛtanāy,2,33,Monovalent
samudgam,2,28,Monovalent
samuddhū,2,27,Monovalent
ṛtāy,2,27,Monovalent
mumūrṣ,2,26,Monovalent
saṃprokṣay,2,25,Monovalent
cañc,2,23,Monovalent
dhavalay,2,23,Monovalent
lālapy,2,23,Monovalent
uḍḍī,2,23,Monovalent
ṣkvāthay,2,23,Monovalent
dolāy,2,22,Monovalent
śatrūy,2,22,Monovalent
anvañj,2,21,Monovalent
cekit,2,21,Monovalent
dhyāyay,2,21,Monovalent
rpay,2,21,Monovalent
parīkṣay,2,20,Monovalent
pratibimb,2,20,Monovalent
udghuṣ,2,20,Monovalent
parisaṃvah,2,19,Monovalent
prativīkṣ,2,19,Monovalent
anusaṃsṛp,2,18,Monovalent
lohitāy,2,18,Monovalent
rorūy,2,18,Monovalent
anusamprāp,2,17,Monovalent
bhasmay,2,17,Monovalent
saṃnirmā,2,17,Monovalent
vi,2,17,Monovalent
al,2,16,Monovalent
jarhṛṣ,2,16,Monovalent
ullāsay,2,16,Monovalent
upāñj,2,16,Monovalent
viniṣpiṣ,2,16,Monovalent
dodhūy,2,15,Monovalent
iṅg,2,15,Monovalent
iṣudhy,2,15,Monovalent
pratisaṃsṛj,2,13,Monovalent
āvay,2,13,Monovalent
śravasy,2,13,Monovalent
anūnnī,2,12,Monovalent
cirāy,2,12,Monovalent
pulakay,2,12,Monovalent
ucci,2,12,Monovalent
ullup,2,12,Monovalent
viparī,2,12,Monovalent
anūddru,2,11,Monovalent
cat,2,11,Monovalent
dedīpy,2,11,Monovalent
j￞,2,11,Monovalent
pravinyas,2,11,Monovalent
stud,2,11,Monovalent
udvepay,2,11,Monovalent
vamay,2,11,Monovalent
varey,2,11,Monovalent
vivits,2,11,Monovalent
śithilay,2,11,Monovalent
abhisaṃrabh,2,10,Monovalent
kaṇḍay,2,10,Monovalent
prādhī,2,10,Monovalent
samutkruś,2,10,Monovalent
tarj,2,10,Monovalent
upasaṃprāp,2,10,Monovalent
upātī,2,10,Monovalent
śabdāy,2,10,Monovalent
ṇed,2,10,Monovalent
abhinirji,2,9,Monovalent
adhvarīy,2,9,Monovalent
bhuraṇy,2,9,Monovalent
cañcūry,2,9,Monovalent
endh,2,9,Monovalent
nigaḍay,2,9,Monovalent
uñch,2,9,Monovalent
vinirhṛ,2,9,Monovalent
abhyude,2,8,Monovalent
avās,2,8,Monovalent
cimicimāy,2,8,Monovalent
dhraj,2,8,Monovalent
luj,2,8,Monovalent
mithyākṛ,2,8,Monovalent
muṇḍay,2,8,Monovalent
pratisaṃrabh,2,8,Monovalent
prārpay,2,8,Monovalent
prāyaścittīy,2,8,Monovalent
samutkliś,2,8,Monovalent
udbhās,2,8,Monovalent
udvyadh,2,8,Monovalent
utsarj,2,8,Monovalent
varivasy,2,8,Monovalent
vālay,2,8,Monovalent
vṛṣaṇy,2,8,Monovalent
ṇenij,2,8,Monovalent
ṛghāy,2,8,Monovalent
abhisaṃvas,2,7,Monovalent
abhivyāp,2,7,Monovalent
aperay,2,7,Monovalent
apyṛj,2,7,Monovalent
bruḍ,2,7,Monovalent
khel,2,7,Monovalent
mūtr,2,7,Monovalent
nidrā,2,7,Monovalent
paryavekṣ,2,7,Monovalent
pratisaṃlī,2,7,Monovalent
pratisaṃmud,2,7,Monovalent
pyai,2,7,Monovalent
taṃs,2,7,Monovalent
tustūrṣ,2,7,Monovalent
upaprekṣ,2,7,Monovalent
upokṣ,2,7,Monovalent
vyuddhṛ,2,7,Monovalent
śramay,2,7,Monovalent
ṣkhid,2,7,Monovalent
abhisamprāp,2,6,Monovalent
abhisaṃtan,2,6,Monovalent
anuvī,2,6,Monovalent
anūpe,2,6,Monovalent
dāsay,2,6,Monovalent
jeh,2,6,Monovalent
kavalay,2,6,Monovalent
kaṇṭhay,2,6,Monovalent
kumbhay,2,6,Monovalent
malinay,2,6,Monovalent
mreḍay,2,6,Monovalent
pariniści,2,6,Monovalent
paryam,2,6,Monovalent
pratyave,2,6,Monovalent
retay,2,6,Monovalent
samabhī,2,6,Monovalent
siñcay,2,6,Monovalent
tetij,2,6,Monovalent
udveṣṭay,2,6,Monovalent
ullih,2,6,Monovalent
unmiśray,2,6,Monovalent
upāve,2,6,Monovalent
ār,2,6,Monovalent
ṛjūy,2,6,Monovalent
abhisaṃbhṛ,2,5,Monovalent
abhisaṃgrah,2,5,Monovalent
adhyupekṣ,2,5,Monovalent
anuprāpay,2,5,Monovalent
anūtsṛj,2,5,Monovalent
araṇy,2,5,Monovalent
bhand,2,5,Monovalent
ccharday,2,5,Monovalent
daray,2,5,Monovalent
dhanāy,2,5,Monovalent
didhyās,2,5,Monovalent
ihīrṣ,2,5,Monovalent
jargur,2,5,Monovalent
jijyās,2,5,Monovalent
jijyūṣ,2,5,Monovalent
kaluṣay,2,5,Monovalent
ketay,2,5,Monovalent
kūrd,2,5,Monovalent
mokṣ,2,5,Monovalent
niravahan,2,5,Monovalent
niḥśī,2,5,Monovalent
nāvay,2,5,Monovalent
pratyucchri,2,5,Monovalent
pratyuddīp,2,5,Monovalent
prollas,2,5,Monovalent
samudghāṭay,2,5,Monovalent
saṃpare,2,5,Monovalent
saṃpreray,2,5,Monovalent
sku,2,5,Monovalent
taviṣy,2,5,Monovalent
udvṛh,2,5,Monovalent
unmudray,2,5,Monovalent
upasaṃvye,2,5,Monovalent
vipalyaṅgay,2,5,Monovalent
vipre,2,5,Monovalent
viṣṭ,2,5,Monovalent
vyapās,2,5,Monovalent
ṇoday,2,5,Monovalent
ṣkramay,2,5,Monovalent
abhinyubj,2,4,Monovalent
abhisaṃnam,2,4,Monovalent
anusaṃhṛ,2,4,Monovalent
ativālay,2,4,Monovalent
bhan,2,4,Monovalent
bhañjay,2,4,Monovalent
bhreṣ,2,4,Monovalent
bhrājay,2,4,Monovalent
caṭ,2,4,Monovalent
chidray,2,4,Monovalent
dandah,2,4,Monovalent
dhandhāy,2,4,Monovalent
dhīkṣ,2,4,Monovalent
granthay,2,4,Monovalent
hrepay,2,4,Monovalent
kalahay,2,4,Monovalent
likhāpay,2,4,Monovalent
līlāy,2,4,Monovalent
meday,2,4,Monovalent
nabhay,2,4,Monovalent
paryañj,2,4,Monovalent
paryaś,2,4,Monovalent
paryeṣay,2,4,Monovalent
phālay,2,4,Monovalent
pipīṣ,2,4,Monovalent
poplūy,2,4,Monovalent
pratinirvap,2,4,Monovalent
pratipare,2,4,Monovalent
pratisaṃkhyā,2,4,Monovalent
rī,2,4,Monovalent
samude,2,4,Monovalent
samutkṛ,2,4,Monovalent
stenay,2,4,Monovalent
svapasy,2,4,Monovalent
sīvay,2,4,Monovalent
taralay,2,4,Monovalent
titṛps,2,4,Monovalent
udubj,2,4,Monovalent
upaniḥsṛp,2,4,Monovalent
vasay,2,4,Monovalent
vācālay,2,4,Monovalent
ākulay,2,4,Monovalent
āmahīy,2,4,Monovalent
ṣṭyai,2,4,Monovalent
abhijvalay,2,3,Monovalent
abhiniras,2,3,Monovalent
abhyupekṣ,2,3,Monovalent
adhihan,2,3,Monovalent
anuniṣkram,2,3,Monovalent
anvarj,2,3,Monovalent
anvavān,2,3,Monovalent
anvāp,2,3,Monovalent
anūtkram,2,3,Monovalent
arth,2,3,Monovalent
atikṛ,2,3,Monovalent
atikṣāray,2,3,Monovalent
avakarṇay,2,3,Monovalent
avarohay,2,3,Monovalent
aśiśiṣ,2,3,Monovalent
bharv,2,3,Monovalent
chup,2,3,Monovalent
cicīṣ,2,3,Monovalent
ciray,2,3,Monovalent
coṣkūy,2,3,Monovalent
cumbay,2,3,Monovalent
dasyusādbhū,2,3,Monovalent
dhūmay,2,3,Monovalent
dudukṣ,2,3,Monovalent
ghar,2,3,Monovalent
ghūrṇay,2,3,Monovalent
golay,2,3,Monovalent
hvānay,2,3,Monovalent
hās,2,3,Monovalent
jaṅgah,2,3,Monovalent
joguv,2,3,Monovalent
jāsay,2,3,Monovalent
kandalay,2,3,Monovalent
kaṇ,2,3,Monovalent
kaṭakaṭāyay,2,3,Monovalent
kothay,2,3,Monovalent
krīḍāpay,2,3,Monovalent
makhasy,2,3,Monovalent
maṃhay,2,3,Monovalent
memy,2,3,Monovalent
mūlay,2,3,Monovalent
naday,2,3,Monovalent
nibhālay,2,3,Monovalent
nonud,2,3,Monovalent
nyund,2,3,Monovalent
nīrājay,2,3,Monovalent
pariniṣpad,2,3,Monovalent
parinyas,2,3,Monovalent
parisaṃcakṣ,2,3,Monovalent
paryanviṣ,2,3,Monovalent
paṇāy,2,3,Monovalent
pepīy,2,3,Monovalent
phāṇay,2,3,Monovalent
pramāṇay,2,3,Monovalent
pratiniryā,2,3,Monovalent
pratisaṃyat,2,3,Monovalent
pratyujjīv,2,3,Monovalent
pratyādhāv,2,3,Monovalent
pronmīlay,2,3,Monovalent
rip,2,3,Monovalent
samanvīkṣ,2,3,Monovalent
samudyā,2,3,Monovalent
samunmath,2,3,Monovalent
saraṇy,2,3,Monovalent
sarj,2,3,Monovalent
saṃnirvap,2,3,Monovalent
saṃprāśay,2,3,Monovalent
spāray,2,3,Monovalent
stigh,2,3,Monovalent
svādhyāy,2,3,Monovalent
tand,2,3,Monovalent
turay,2,3,Monovalent
uccheday,2,3,Monovalent
udbādh,2,3,Monovalent
uddhvaṃsay,2,3,Monovalent
uddih,2,3,Monovalent
udghṛṣ,2,3,Monovalent
ujjvalay,2,3,Monovalent
ullambay,2,3,Monovalent
unmajjay,2,3,Monovalent
unmārjay,2,3,Monovalent
upamīmāṃs,2,3,Monovalent
upaniṣkramay,2,3,Monovalent
upasaṃveśay,2,3,Monovalent
upasaṃviś,2,3,Monovalent
upasaṃśaṃs,2,3,Monovalent
utsukay,2,3,Monovalent
valh,2,3,Monovalent
vasūy,2,3,Monovalent
vevij,2,3,Monovalent
viparyūh,2,3,Monovalent
vividiṣ,2,3,Monovalent
viśaday,2,3,Monovalent
vānay,2,3,Monovalent
vāvāś,2,3,Monovalent
yuyūṣ,2,3,Monovalent
śardhay,2,3,Monovalent
śiśayiṣ,2,3,Monovalent
śyānay,2,3,Monovalent
ṇāyay,2,3,Monovalent
abhinirmi,2,2,Monovalent
abhinirīkṣ,2,2,Monovalent
abhinyas,2,2,Monovalent
abhipratī,2,2,Monovalent
abhipreṣ,2,2,Monovalent
abhisaṃcar,2,2,Monovalent
abhisaṃmīl,2,2,Monovalent
abhisaṃnah,2,2,Monovalent
abhisaṃyam,2,2,Monovalent
abhisaṃśliṣ,2,2,Monovalent
abhivyañjay,2,2,Monovalent
abhyatyūh,2,2,Monovalent
abhyudīray,2,2,Monovalent
abhyujjīv,2,2,Monovalent
abhīkṣ,2,2,Monovalent
adhisaṃdhā,2,2,Monovalent
adhyāsay,2,2,Monovalent
ahaṃkṛ,2,2,Monovalent
anuparilikh,2,2,Monovalent
anuparind,2,2,Monovalent
anupariplu,2,2,Monovalent
anusaṃnud,2,2,Monovalent
anusaṃtṛ,2,2,Monovalent
anusaṃvarṇay,2,2,Monovalent
anusaṃvye,2,2,Monovalent
anuvyave,2,2,Monovalent
anvaś,2,2,Monovalent
anūpaviś,2,2,Monovalent
apuvāy,2,2,Monovalent
balay,2,2,Monovalent
bhāray,2,2,Monovalent
bhārāy,2,2,Monovalent
bhāyay,2,2,Monovalent
canasy,2,2,Monovalent
caniṣkad,2,2,Monovalent
churay,2,2,Monovalent
cikrīḍ,2,2,Monovalent
cikrīṣ,2,2,Monovalent
cyavay,2,2,Monovalent
cyotay,2,2,Monovalent
dad,2,2,Monovalent
dasay,2,2,Monovalent
daṃsay,2,2,Monovalent
dhardhṛ,2,2,Monovalent
dharmay,2,2,Monovalent
dhiyāy,2,2,Monovalent
dhunay,2,2,Monovalent
dhyāpay,2,2,Monovalent
dhūsarīkṛ,2,2,Monovalent
didhīrṣ,2,2,Monovalent
didīkṣiṣ,2,2,Monovalent
div,2,2,Monovalent
drumāy,2,2,Monovalent
drāghay,2,2,Monovalent
durmanāy,2,2,Monovalent
ejay,2,2,Monovalent
gadh,2,2,Monovalent
grahay,2,2,Monovalent
grathay,2,2,Monovalent
haray,2,2,Monovalent
hreṣ,2,2,Monovalent
jaḍay,2,2,Monovalent
jehrīy,2,2,Monovalent
jṛmbhay,2,2,Monovalent
kac,2,2,Monovalent
kadarth,2,2,Monovalent
kaṭṭay,2,2,Monovalent
khelay,2,2,Monovalent
krāpay,2,2,Monovalent
kuts,2,2,Monovalent
kārāpay,2,2,Monovalent
kūḍay,2,2,Monovalent
laghūy,2,2,Monovalent
luḍ,2,2,Monovalent
malay,2,2,Monovalent
mithunīsaṃbhū,2,2,Monovalent
mlech,2,2,Monovalent
moṣay,2,2,Monovalent
mrad,2,2,Monovalent
muñcay,2,2,Monovalent
mṛg,2,2,Monovalent
nimrad,2,2,Monovalent
ninits,2,2,Monovalent
nirgṛ,2,2,Monovalent
niḥsvar,2,2,Monovalent
niṣpattray,2,2,Monovalent
nu,2,2,Monovalent
palpūlay,2,2,Monovalent
parekṣ,2,2,Monovalent
parisaṃstṛ,2,2,Monovalent
paryupe,2,2,Monovalent
parīndh,2,2,Monovalent
paṅkay,2,2,Monovalent
pibd,2,2,Monovalent
praparīkṣ,2,2,Monovalent
pratilomay,2,2,Monovalent
pratisaṃhṛṣ,2,2,Monovalent
pratisaṃkram,2,2,Monovalent
pratyavarohay,2,2,Monovalent
pratyuccāray,2,2,Monovalent
pratyādhā,2,2,Monovalent
praścotay,2,2,Monovalent
praṇaś,2,2,Monovalent
protkṛt,2,2,Monovalent
prārjay,2,2,Monovalent
pāpac,2,2,Monovalent
pāpat,2,2,Monovalent
pūrṇay,2,2,Monovalent
rac,2,2,Monovalent
randhray,2,2,Monovalent
ririkṣ,2,2,Monovalent
rj,2,2,Monovalent
samavadhāray,2,2,Monovalent
samavaśamay,2,2,Monovalent
samunmuc,2,2,Monovalent
samārurukṣ,2,2,Monovalent
saphalay,2,2,Monovalent
saṃgrāmay,2,2,Monovalent
saṃniras,2,2,Monovalent
sisṛps,2,2,Monovalent
siñj,2,2,Monovalent
sphāy,2,2,Monovalent
stobhay,2,2,Monovalent
stāvay,2,2,Monovalent
svanay,2,2,Monovalent
taraṅgāy,2,2,Monovalent
taruṣ,2,2,Monovalent
taviṣīy,2,2,Monovalent
timiray,2,2,Monovalent
titṛd,2,2,Monovalent
tośay,2,2,Monovalent
tālay,2,2,Monovalent
ucchuṣ,2,2,Monovalent
ucchāday,2,2,Monovalent
udbrū,2,2,Monovalent
udukṣ,2,2,Monovalent
udyudh,2,2,Monovalent
ullap,2,2,Monovalent
upaprastu,2,2,Monovalent
upasaṃrudh,2,2,Monovalent
upeṣ,2,2,Monovalent
upārch,2,2,Monovalent
vapuṣy,2,2,Monovalent
vardhāpay,2,2,Monovalent
varīvṛj,2,2,Monovalent
vimukhay,2,2,Monovalent
vinirbhuj,2,2,Monovalent
vinirmathay,2,2,Monovalent
vipariśṛ,2,2,Monovalent
vivṛts,2,2,Monovalent
vyapohay,2,2,Monovalent
vyavokṣ,2,2,Monovalent
vyupaparīkṣ,2,2,Monovalent
vīrts,2,2,Monovalent
yoktray,2,2,Monovalent
āmīv,2,2,Monovalent
ārtīy,2,2,Monovalent
śabalay,2,2,Monovalent
śalyay,2,2,Monovalent
śikṣāpay,2,2,Monovalent
ślāghay,2,2,Monovalent
śośubh,2,2,Monovalent
śrāṇay,2,2,Monovalent
śṛṅkhalay,2,2,Monovalent
ś￞,2,2,Monovalent
ṣañjay,2,2,Monovalent
prāh,1,1220,Monovalent
anvah,1,337,Monovalent
īpsay,1,280,Monovalent
antargam,1,143,Monovalent
parinirvṛ,1,102,Monovalent
pratyutpad,1,75,Monovalent
puṭay,1,62,Monovalent
cak,1,48,Monovalent
homay,1,48,Monovalent
pratisaṃyuj,1,46,Monovalent
nādh,1,28,Monovalent
sumanasy,1,27,Monovalent
anūpasthā,1,25,Monovalent
vyākhyānay,1,23,Monovalent
śuśubh,1,20,Monovalent
khac,1,18,Monovalent
prendh,1,18,Monovalent
abhisamprekṣ,1,16,Monovalent
hṛṇīy,1,16,Monovalent
abhisaṃkrudh,1,14,Monovalent
abhisaṃkṣip,1,13,Monovalent
unnabhay,1,13,Monovalent
er,1,12,Monovalent
mukulay,1,12,Monovalent
viday,1,12,Monovalent
dhūpāy,1,11,Monovalent
samupāś,1,11,Monovalent
udbudh,1,11,Monovalent
upodyam,1,11,Monovalent
parinirmā,1,10,Monovalent
sīmantay,1,10,Monovalent
unmaday,1,10,Monovalent
īrts,1,10,Monovalent
ṣiñcay,1,10,Monovalent
parisaṃlih,1,9,Monovalent
sakhīy,1,9,Monovalent
samprāś,1,9,Monovalent
samupārjay,1,9,Monovalent
taruṇāy,1,9,Monovalent
vyadhay,1,9,Monovalent
vātāy,1,9,Monovalent
āndolay,1,9,Monovalent
devāy,1,8,Monovalent
dudh,1,8,Monovalent
samudvīkṣ,1,8,Monovalent
śyāmāy,1,8,Monovalent
anuparihṛ,1,7,Monovalent
atyāśay,1,7,Monovalent
bhasm,1,7,Monovalent
gumph,1,7,Monovalent
karuṇāy,1,7,Monovalent
laḍ,1,7,Monovalent
panipn,1,7,Monovalent
raṇv,1,7,Monovalent
tim,1,7,Monovalent
āvirbubhūṣ,1,7,Monovalent
śrathāy,1,7,Monovalent
abhyunnam,1,6,Monovalent
anusaṃrabh,1,6,Monovalent
brahmaṇy,1,6,Monovalent
janīy,1,6,Monovalent
paryah,1,6,Monovalent
pratiyāśru,1,6,Monovalent
prodi,1,6,Monovalent
rjay,1,6,Monovalent
samunmiṣ,1,6,Monovalent
samunnah,1,6,Monovalent
śvit,1,6,Monovalent
ṣekay,1,6,Monovalent
abhinirmuc,1,5,Monovalent
abhisaṃtyaj,1,5,Monovalent
amitray,1,5,Monovalent
anuvyūh,1,5,Monovalent
anūtsad,1,5,Monovalent
avayātay,1,5,Monovalent
garbhīkṛ,1,5,Monovalent
iñj,1,5,Monovalent
khañj,1,5,Monovalent
nire,1,5,Monovalent
paryāsic,1,5,Monovalent
pinvay,1,5,Monovalent
pratinirgrah,1,5,Monovalent
samabhyañj,1,5,Monovalent
samabhyukṣ,1,5,Monovalent
samujjval,1,5,Monovalent
samullaṅghay,1,5,Monovalent
saṃnirīkṣ,1,5,Monovalent
visaṃyuj,1,5,Monovalent
yād,1,5,Monovalent
āñch,1,5,Monovalent
ṣkṝ,1,5,Monovalent
abhyalaṃkṛ,1,4,Monovalent
abhyākṛ,1,4,Monovalent
anupare,1,4,Monovalent
anusaṃcintay,1,4,Monovalent
anusaṃjvar,1,4,Monovalent
anūdas,1,4,Monovalent
ativācay,1,4,Monovalent
aviṣy,1,4,Monovalent
avyaktay,1,4,Monovalent
aṅg,1,4,Monovalent
caṭāy,1,4,Monovalent
cup,1,4,Monovalent
cācal,1,4,Monovalent
duchunāy,1,4,Monovalent
ghuraghurāy,1,4,Monovalent
gṛhṇāpay,1,4,Monovalent
kuṭṭ,1,4,Monovalent
luṇṭhay,1,4,Monovalent
nyer,1,4,Monovalent
ojāy,1,4,Monovalent
panasy,1,4,Monovalent
panīphaṇ,1,4,Monovalent
pariprāpay,1,4,Monovalent
pronmiṣ,1,4,Monovalent
rdh,1,4,Monovalent
rirakṣ,1,4,Monovalent
rṣ,1,4,Monovalent
samullup,1,4,Monovalent
saṃdhay,1,4,Monovalent
saṃvlī,1,4,Monovalent
troṭay,1,4,Monovalent
udañj,1,4,Monovalent
udbhāsay,1,4,Monovalent
udguh,1,4,Monovalent
ujjāpay,1,4,Monovalent
ullokay,1,4,Monovalent
unnaś,1,4,Monovalent
upasaṃbhṛ,1,4,Monovalent
śūlay,1,4,Monovalent
abhinirbhid,1,3,Monovalent
abhisaṃgṛ,1,3,Monovalent
abhivyan,1,3,Monovalent
abhivyukṣ,1,3,Monovalent
abhyunnamay,1,3,Monovalent
abhyutkṣip,1,3,Monovalent
abhyutsad,1,3,Monovalent
amṛtāy,1,3,Monovalent
anuhu,1,3,Monovalent
anuninard,1,3,Monovalent
anuparyukṣ,1,3,Monovalent
anusaṃsāray,1,3,Monovalent
anusaṃvrājay,1,3,Monovalent
anūddiś,1,3,Monovalent
anūtpad,1,3,Monovalent
caṭacaṭāy,1,3,Monovalent
cikalpay,1,3,Monovalent
drū,1,3,Monovalent
dādhṛ,1,3,Monovalent
jhaṇajhaṇāy,1,3,Monovalent
karālay,1,3,Monovalent
kavīy,1,3,Monovalent
markaṭībhū,1,3,Monovalent
masṛṇay,1,3,Monovalent
mukulāy,1,3,Monovalent
narīnart,1,3,Monovalent
paribibādh,1,3,Monovalent
parisaṃtap,1,3,Monovalent
pattray,1,3,Monovalent
pay,1,3,Monovalent
pepiś,1,3,Monovalent
pratiniṣkram,1,3,Monovalent
pratyupalamb,1,3,Monovalent
pratyāsāday,1,3,Monovalent
proccar,1,3,Monovalent
puruṣāy,1,3,Monovalent
puṣp,1,3,Monovalent
rathary,1,3,Monovalent
rājāy,1,3,Monovalent
samadhyās,1,3,Monovalent
samucchal,1,3,Monovalent
saniṣyad,1,3,Monovalent
stabhūy,1,3,Monovalent
sumnāy,1,3,Monovalent
svapnāy,1,3,Monovalent
sviṣṭakṛ,1,3,Monovalent
tvaṅg,1,3,Monovalent
udbhā,1,3,Monovalent
udgal,1,3,Monovalent
udghaṭṭay,1,3,Monovalent
upapragrah,1,3,Monovalent
uperts,1,3,Monovalent
utpā,1,3,Monovalent
vevīy,1,3,Monovalent
vikṣālay,1,3,Monovalent
vilok,1,3,Monovalent
vinirbharts,1,3,Monovalent
viniṣkṛṣ,1,3,Monovalent
viniṣpad,1,3,Monovalent
visaṃhan,1,3,Monovalent
vyāyātay,1,3,Monovalent
vīps,1,3,Monovalent
ślathay,1,3,Monovalent
śundhay,1,3,Monovalent
ṣkuṣ,1,3,Monovalent
ṣplāvay,1,3,Monovalent
ṣpṛ,1,3,Monovalent
abhiparyūh,1,2,Monovalent
abhipratye,1,2,Monovalent
abhipreray,1,2,Monovalent
abhiprārthay,1,2,Monovalent
abhiprāvṛ,1,2,Monovalent
abhisaṃgup,1,2,Monovalent
abhisaṃhan,1,2,Monovalent
abhisaṃnī,1,2,Monovalent
abhisaṃstambh,1,2,Monovalent
abhisaṃsthāpay,1,2,Monovalent
abhisaṃstu,1,2,Monovalent
abhisaṃtṛ,1,2,Monovalent
abhisaṃvye,1,2,Monovalent
abhisaṃvṛdh,1,2,Monovalent
abhivihan,1,2,Monovalent
abhivīkṣay,1,2,Monovalent
abhyadhiric,1,2,Monovalent
abhyam,1,2,Monovalent
abhyatirecay,1,2,Monovalent
abhyavanejay,1,2,Monovalent
abhyucchanday,1,2,Monovalent
abhyuddiś,1,2,Monovalent
abhyupasic,1,2,Monovalent
abhyutkrāmay,1,2,Monovalent
abhyākanikrad,1,2,Monovalent
adhikṛṣ,1,2,Monovalent
adhisaṃvas,1,2,Monovalent
adhvary,1,2,Monovalent
adhyavasāyay,1,2,Monovalent
agghay,1,2,Monovalent
alar,1,2,Monovalent
annīy,1,2,Monovalent
anuniveṣṭ,1,2,Monovalent
anuparikalpay,1,2,Monovalent
anuparimṛj,1,2,Monovalent
anuproh,1,2,Monovalent
anuprās,1,2,Monovalent
anusaṃdṛś,1,2,Monovalent
anusaṃkhyāpay,1,2,Monovalent
anusaṃsparśay,1,2,Monovalent
anusaṃvid,1,2,Monovalent
anusaṃvā,1,2,Monovalent
anuvardhay,1,2,Monovalent
anuvibhā,1,2,Monovalent
anūdan,1,2,Monovalent
anūdgā,1,2,Monovalent
anūdvā,1,2,Monovalent
anūpadas,1,2,Monovalent
apajval,1,2,Monovalent
apapre,1,2,Monovalent
aparībhū,1,2,Monovalent
apej,1,2,Monovalent
apodūh,1,2,Monovalent
apyarjay,1,2,Monovalent
apātī,1,2,Monovalent
atiji,1,2,Monovalent
atyarjay,1,2,Monovalent
atyākṛ,1,2,Monovalent
avoh,1,2,Monovalent
balīy,1,2,Monovalent
baṃh,1,2,Monovalent
baṃhay,1,2,Monovalent
bhairavāy,1,2,Monovalent
bhaṇḍay,1,2,Monovalent
bubhūrṣ,1,2,Monovalent
būm,1,2,Monovalent
bṛhay,1,2,Monovalent
can,1,2,Monovalent
carcar,1,2,Monovalent
cichits,1,2,Monovalent
cūṣay,1,2,Monovalent
dadhīy,1,2,Monovalent
dhvasay,1,2,Monovalent
dhīray,1,2,Monovalent
dhūrṇāpay,1,2,Monovalent
dodhav,1,2,Monovalent
dudrukṣ,1,2,Monovalent
duḥkh,1,2,Monovalent
duḥkhay,1,2,Monovalent
dvaṃdvībhū,1,2,Monovalent
dveṣay,1,2,Monovalent
heḍay,1,2,Monovalent
hikk,1,2,Monovalent
iṣaṇ,1,2,Monovalent
jijaniṣ,1,2,Monovalent
jīvāpay,1,2,Monovalent
kalahāy,1,2,Monovalent
kathāpay,1,2,Monovalent
khal,1,2,Monovalent
khaṇakhaṇāy,1,2,Monovalent
klībay,1,2,Monovalent
kratūy,1,2,Monovalent
kvaṇay,1,2,Monovalent
kāṭay,1,2,Monovalent
kṣemay,1,2,Monovalent
kṣāmay,1,2,Monovalent
lāgay,1,2,Monovalent
lāḍay,1,2,Monovalent
maitrāy,1,2,Monovalent
may,1,2,Monovalent
maṇṭ,1,2,Monovalent
mekṣay,1,2,Monovalent
momuh,1,2,Monovalent
mreḍ,1,2,Monovalent
mānuṣībhū,1,2,Monovalent
māṃsīy,1,2,Monovalent
mūrchāpay,1,2,Monovalent
mṛch,1,2,Monovalent
mṛkṣay,1,2,Monovalent
mṛt,1,2,Monovalent
nagarāy,1,2,Monovalent
narmay,1,2,Monovalent
nikṛ,1,2,Monovalent
nimeṣay,1,2,Monovalent
nirjigamiṣ,1,2,Monovalent
niṣku,1,2,Monovalent
niṣvar,1,2,Monovalent
nyuṣ,1,2,Monovalent
nyūṅkh,1,2,Monovalent
nyṛj,1,2,Monovalent
nīlāy,1,2,Monovalent
panāy,1,2,Monovalent
pariprāp,1,2,Monovalent
parisaṃsthā,1,2,Monovalent
parisaṃstu,1,2,Monovalent
pattīy,1,2,Monovalent
patīy,1,2,Monovalent
phenāy,1,2,Monovalent
plavāy,1,2,Monovalent
prasaṃdhā,1,2,Monovalent
pratigranth,1,2,Monovalent
pratinirdiś,1,2,Monovalent
pratisaṃhan,1,2,Monovalent
pratisaṃrudh,1,2,Monovalent
pratisaṃviś,1,2,Monovalent
pratyabhiṣic,1,2,Monovalent
pratyudvāday,1,2,Monovalent
pratīpay,1,2,Monovalent
procchri,1,2,Monovalent
prodyam,1,2,Monovalent
pronnam,1,2,Monovalent
protkaṇṭhay,1,2,Monovalent
protkṣip,1,2,Monovalent
proḍḍī,1,2,Monovalent
pupukṣ,1,2,Monovalent
pīḍ,1,2,Monovalent
rajay,1,2,Monovalent
rephāy,1,2,Monovalent
rips,1,2,Monovalent
rāhay,1,2,Monovalent
sabhāgay,1,2,Monovalent
samabhipre,1,2,Monovalent
samabhiprekṣ,1,2,Monovalent
samabhisaṃdhā,1,2,Monovalent
samabhivyañj,1,2,Monovalent
samer,1,2,Monovalent
sampratīṣ,1,2,Monovalent
samucchvi,1,2,Monovalent
samudgā,1,2,Monovalent
samullāsay,1,2,Monovalent
samunmā,1,2,Monovalent
samunnamay,1,2,Monovalent
samutkvāthay,1,2,Monovalent
samutsāhay,1,2,Monovalent
samāśleṣay,1,2,Monovalent
saniṣṇ,1,2,Monovalent
saṃkṣṇu,1,2,Monovalent
saṃniṣpāday,1,2,Monovalent
saṃpradhāv,1,2,Monovalent
saṃprasarpay,1,2,Monovalent
saṃprendh,1,2,Monovalent
saṃprāh,1,2,Monovalent
saṃrej,1,2,Monovalent
sisīrṣ,1,2,Monovalent
sthirāy,1,2,Monovalent
sumnay,1,2,Monovalent
svaray,1,2,Monovalent
tanūkṛ,1,2,Monovalent
timay,1,2,Monovalent
tiray,1,2,Monovalent
titarpay,1,2,Monovalent
tujay,1,2,Monovalent
tāv,1,2,Monovalent
ucchocay,1,2,Monovalent
udvadh,1,2,Monovalent
udvṛṣ,1,2,Monovalent
udṛṣ,1,2,Monovalent
ullāghay,1,2,Monovalent
ullālay,1,2,Monovalent
unmahay,1,2,Monovalent
unmeṣay,1,2,Monovalent
unnāday,1,2,Monovalent
upadhā,1,2,Monovalent
upanikṣ,1,2,Monovalent
upapalyāy,1,2,Monovalent
upaplāy,1,2,Monovalent
upasaṃprach,1,2,Monovalent
upasaṃyuj,1,2,Monovalent
upodi,1,2,Monovalent
utpradā,1,2,Monovalent
uñchay,1,2,Monovalent
vacasy,1,2,Monovalent
valgay,1,2,Monovalent
valgūy,1,2,Monovalent
vastray,1,2,Monovalent
veveṣṭ,1,2,Monovalent
vidhuray,1,2,Monovalent
vinirbhā,1,2,Monovalent
vinirlikh,1,2,Monovalent
vinirṇī,1,2,Monovalent
viniṣpīḍay,1,2,Monovalent
viprachid,1,2,Monovalent
visaṃmuh,1,2,Monovalent
visaṃvāday,1,2,Monovalent
viṣāy,1,2,Monovalent
vlag,1,2,Monovalent
vrīḍay,1,2,Monovalent
vyavabhid,1,2,Monovalent
vyavaśad,1,2,Monovalent
vyavās,1,2,Monovalent
vyādhīy,1,2,Monovalent
vīkṣay,1,2,Monovalent
vīṅg,1,2,Monovalent
yeṣ,1,2,Monovalent
śakalay,1,2,Monovalent
śapathīy,1,2,Monovalent
śaraṇīkṛ,1,2,Monovalent
ślath,1,2,Monovalent
ślokay,1,2,Monovalent
śuj,1,2,Monovalent
śāśvas,1,2,Monovalent
śītay,1,2,Monovalent
śṛṅgār,1,2,Monovalent
ūṣmāy,1,2,Monovalent
ṇu,1,2,Monovalent
ṛtay,1,2,Monovalent
ṣkhan,1,2,Monovalent
ṣkūj,1,2,Monovalent
ṣpātay,1,2,Monovalent
ṣpāyay,1,2,Monovalent
ṣpṛc,1,2,Monovalent
ṣvap,1,2,Monovalent
abhavastṛ,1,1,Monovalent
abhici,1,1,Monovalent
abhicāray,1,1,Monovalent
abhidāhay,1,1,Monovalent
abhihas,1,1,Monovalent
abhimukhay,1,1,Monovalent
abhimīl,1,1,Monovalent
abhinidarśay,1,1,Monovalent
abhinigrah,1,1,Monovalent
abhinirbharts,1,1,Monovalent
abhinirvad,1,1,Monovalent
abhinirṇud,1,1,Monovalent
abhiniṣkrāmay,1,1,Monovalent
abhiniṣkṛ,1,1,Monovalent
abhiniṣpū,1,1,Monovalent
abhiparihan,1,1,Monovalent
abhiparihāray,1,1,Monovalent
abhiparyañj,1,1,Monovalent
abhiparyukṣ,1,1,Monovalent
abhipragam,1,1,Monovalent
abhipratyave,1,1,Monovalent
abhiprer,1,1,Monovalent
abhipreṣay,1,1,Monovalent
abhiprās,1,1,Monovalent
abhiroṣay,1,1,Monovalent
abhisaṃbhañj,1,1,Monovalent
abhisaṃchad,1,1,Monovalent
abhisaṃchāday,1,1,Monovalent
abhisaṃcintay,1,1,Monovalent
abhisaṃdah,1,1,Monovalent
abhisaṃdarśay,1,1,Monovalent
abhisaṃdih,1,1,Monovalent
abhisaṃhāray,1,1,Monovalent
abhisaṃhṛṣ,1,1,Monovalent
abhisaṃjvar,1,1,Monovalent
abhisaṃkalpay,1,1,Monovalent
abhisaṃkhyā,1,1,Monovalent
abhisaṃkruś,1,1,Monovalent
abhisaṃkṛ,1,1,Monovalent
abhisaṃlabh,1,1,Monovalent
abhisaṃmad,1,1,Monovalent
abhisaṃmuh,1,1,Monovalent
abhisaṃmṛś,1,1,Monovalent
abhisaṃrañj,1,1,Monovalent
abhisaṃrudh,1,1,Monovalent
abhisaṃsmṛ,1,1,Monovalent
abhisaṃspṛś,1,1,Monovalent
abhisaṃsthā,1,1,Monovalent
abhisaṃsvañj,1,1,Monovalent
abhisaṃsīv,1,1,Monovalent
abhisaṃsṛj,1,1,Monovalent
abhisaṃtras,1,1,Monovalent
abhisaṃvap,1,1,Monovalent
abhisaṃveṣṭ,1,1,Monovalent
abhisaṃvyadh,1,1,Monovalent
abhisaṃyat,1,1,Monovalent
abhisaṃyā,1,1,Monovalent
abhisaṃśleṣay,1,1,Monovalent
abhistanay,1,1,Monovalent
abhivinivartay,1,1,Monovalent
abhivinyas,1,1,Monovalent
abhiviparihṛ,1,1,Monovalent
abhiviṣyanday,1,1,Monovalent
abhivyavān,1,1,Monovalent
abhiśriṣ,1,1,Monovalent
abhyadhikībhū,1,1,Monovalent
abhyanumṛj,1,1,Monovalent
abhyarthīy,1,1,Monovalent
abhyatyṛj,1,1,Monovalent
abhyavagāhay,1,1,Monovalent
abhyavasnāpay,1,1,Monovalent
abhyavān,1,1,Monovalent
abhyavās,1,1,Monovalent
abhyudan,1,1,Monovalent
abhyudūh,1,1,Monovalent
abhyujji,1,1,Monovalent
abhyujjuṣ,1,1,Monovalent
abhyullas,1,1,Monovalent
abhyupās,1,1,Monovalent
abhyutsarj,1,1,Monovalent
abhyutsu,1,1,Monovalent
abhyutsṛp,1,1,Monovalent
adbhutāy,1,1,Monovalent
adharay,1,1,Monovalent
adhikhād,1,1,Monovalent
adhinirdham,1,1,Monovalent
adhinivap,1,1,Monovalent
adhinyas,1,1,Monovalent
adhipat,1,1,Monovalent
adhipraṇī,1,1,Monovalent
adhisaṃbhū,1,1,Monovalent
adhisaṃviś,1,1,Monovalent
adhisaṃyat,1,1,Monovalent
adhisnā,1,1,Monovalent
adhistṛ,1,1,Monovalent
adhyah,1,1,Monovalent
adhyaś,1,1,Monovalent
adhyupadhā,1,1,Monovalent
adhyāpat,1,1,Monovalent
adhyāyay,1,1,Monovalent
adhyṛdh,1,1,Monovalent
adhyṛṣ,1,1,Monovalent
adhīps,1,1,Monovalent
ajirāy,1,1,Monovalent
ajñānay,1,1,Monovalent
alasay,1,1,Monovalent
alaṃkāray,1,1,Monovalent
amalay,1,1,Monovalent
amitrāy,1,1,Monovalent
amṛtasādbhū,1,1,Monovalent
anaikāntikīkṛ,1,1,Monovalent
anaruṣkṛ,1,1,Monovalent
andhakāray,1,1,Monovalent
anniy,1,1,Monovalent
anubhakṣay,1,1,Monovalent
anuguṇībhū,1,1,Monovalent
anuhuṃkṛ,1,1,Monovalent
anukhan,1,1,Monovalent
anulamb,1,1,Monovalent
anunigad,1,1,Monovalent
anunirgam,1,1,Monovalent
anunyañj,1,1,Monovalent
anunyṛch,1,1,Monovalent
anupariviṣ,1,1,Monovalent
anuparye,1,1,Monovalent
anuparābhāvay,1,1,Monovalent
anupradiś,1,1,Monovalent
anuprajijñās,1,1,Monovalent
anupratihan,1,1,Monovalent
anupreray,1,1,Monovalent
anusamprayā,1,1,Monovalent
anusaṃbandh,1,1,Monovalent
anusaṃbhṛ,1,1,Monovalent
anusaṃci,1,1,Monovalent
anusaṃcāray,1,1,Monovalent
anusaṃdah,1,1,Monovalent
anusaṃdih,1,1,Monovalent
anusaṃdiś,1,1,Monovalent
anusaṃdru,1,1,Monovalent
anusaṃgrah,1,1,Monovalent
anusaṃjigamiṣ,1,1,Monovalent
anusaṃkālay,1,1,Monovalent
anusaṃmṛś,1,1,Monovalent
anusaṃpiṣ,1,1,Monovalent
anusaṃsādhay,1,1,Monovalent
anusaṃsṛ,1,1,Monovalent
anusaṃsṛj,1,1,Monovalent
anusaṃtṛp,1,1,Monovalent
anusaṃvah,1,1,Monovalent
anusaṃveday,1,1,Monovalent
anusaṃviś,1,1,Monovalent
anusaṃvāday,1,1,Monovalent
anusaṃvṛ,1,1,Monovalent
anuvimuc,1,1,Monovalent
anuvipravas,1,1,Monovalent
anuvyas,1,1,Monovalent
anuvyaś,1,1,Monovalent
anuṣvap,1,1,Monovalent
anvabhidhāv,1,1,Monovalent
anvapān,1,1,Monovalent
anvatī,1,1,Monovalent
anvavayaj,1,1,Monovalent
anvavekṣay,1,1,Monovalent
anvavās,1,1,Monovalent
anvāhan,1,1,Monovalent
anvāsāday,1,1,Monovalent
anvī,1,1,Monovalent
anvīkṣay,1,1,Monovalent
anūccāray,1,1,Monovalent
anūddhṛ,1,1,Monovalent
anūnmad,1,1,Monovalent
anūpadhāray,1,1,Monovalent
anūpayaj,1,1,Monovalent
anūtsāday,1,1,Monovalent
anūttiṣṭhās,1,1,Monovalent
apadhvaṃsay,1,1,Monovalent
apadā,1,1,Monovalent
apamṛś,1,1,Monovalent
apasaṃhṛ,1,1,Monovalent
apasaṃnah,1,1,Monovalent
apasaṃvas,1,1,Monovalent
apastambh,1,1,Monovalent
apasy,1,1,Monovalent
apavitray,1,1,Monovalent
apavātay,1,1,Monovalent
apekṣay,1,1,Monovalent
apipāthay,1,1,Monovalent
apive,1,1,Monovalent
apohay,1,1,Monovalent
apojjigāṃs,1,1,Monovalent
apotkram,1,1,Monovalent
apotsṛj,1,1,Monovalent
apyad,1,1,Monovalent
apyatyṛj,1,1,Monovalent
apye,1,1,Monovalent
apyūh,1,1,Monovalent
araṃkṛ,1,1,Monovalent
ardīy,1,1,Monovalent
argalay,1,1,Monovalent
aruṇāy,1,1,Monovalent
arātiy,1,1,Monovalent
arūkṛ,1,1,Monovalent
astaṃgamay,1,1,Monovalent
atipari,1,1,Monovalent
atipravṛ,1,1,Monovalent
atipreray,1,1,Monovalent
atipreṣ,1,1,Monovalent
atisad,1,1,Monovalent
atisaṃrudh,1,1,Monovalent
atisaṃvṛdh,1,1,Monovalent
atisisṛps,1,1,Monovalent
atitvaray,1,1,Monovalent
ativitsay,1,1,Monovalent
atyah,1,1,Monovalent
atye,1,1,Monovalent
atyujjhā,1,1,Monovalent
atyunnamay,1,1,Monovalent
atyupadhā,1,1,Monovalent
atyādhāv,1,1,Monovalent
atyānī,1,1,Monovalent
atyāvap,1,1,Monovalent
atīṣ,1,1,Monovalent
avadrā,1,1,Monovalent
avakampay,1,1,Monovalent
avamīmāṃs,1,1,Monovalent
avaplāvay,1,1,Monovalent
avarj,1,1,Monovalent
avasṛ,1,1,Monovalent
avatarpay,1,1,Monovalent
avavip,1,1,Monovalent
avavṛdh,1,1,Monovalent
avelay,1,1,Monovalent
aveṣ,1,1,Monovalent
aviśeṣay,1,1,Monovalent
avāj,1,1,Monovalent
avāpoh,1,1,Monovalent
avāvad,1,1,Monovalent
aśnāy,1,1,Monovalent
aḍhaṇḍholay,1,1,Monovalent
aṅkūy,1,1,Monovalent
baddhay,1,1,Monovalent
badh,1,1,Monovalent
badhiray,1,1,Monovalent
baladībhū,1,1,Monovalent
balbal,1,1,Monovalent
bandīkṛ,1,1,Monovalent
bebhid,1,1,Monovalent
bhajay,1,1,Monovalent
bhakṣaṃkṛ,1,1,Monovalent
bhandanāy,1,1,Monovalent
bhartsāpay,1,1,Monovalent
bhaṅguray,1,1,Monovalent
bheṣ,1,1,Monovalent
bhikṣay,1,1,Monovalent
bhiṣakkṛ,1,1,Monovalent
bhrāśay,1,1,Monovalent
bhrī,1,1,Monovalent
bhuraj,1,1,Monovalent
bhyas,1,1,Monovalent
bhāpay,1,1,Monovalent
bhāṭay,1,1,Monovalent
bhūṣaṇīkṛ,1,1,Monovalent
bhṛtyāy,1,1,Monovalent
bhṛśāy,1,1,Monovalent
bhṛṅgāy,1,1,Monovalent
bibhakṣay,1,1,Monovalent
bibhaṇiṣ,1,1,Monovalent
bobudh,1,1,Monovalent
bālāy,1,1,Monovalent
bāṇāy,1,1,Monovalent
bāṣpāy,1,1,Monovalent
cand,1,1,Monovalent
candrāy,1,1,Monovalent
capalāy,1,1,Monovalent
caraṇīy,1,1,Monovalent
carvay,1,1,Monovalent
caṅkṣam,1,1,Monovalent
caṭakāy,1,1,Monovalent
cechid,1,1,Monovalent
chal,1,1,Monovalent
chatrāy,1,1,Monovalent
chaṇṭay,1,1,Monovalent
chāyay,1,1,Monovalent
cicar,1,1,Monovalent
cichid,1,1,Monovalent
cidānandāy,1,1,Monovalent
cihnīkṛ,1,1,Monovalent
cikhādiṣ,1,1,Monovalent
cikīrtayiṣ,1,1,Monovalent
cintāpay,1,1,Monovalent
cittāy,1,1,Monovalent
ciściṣākṛ,1,1,Monovalent
ciṭiciṭāy,1,1,Monovalent
cucumbiṣ,1,1,Monovalent
culukay,1,1,Monovalent
cumacumāy,1,1,Monovalent
cūrṇīy,1,1,Monovalent
dabhāy,1,1,Monovalent
damany,1,1,Monovalent
dan,1,1,Monovalent
dandaś,1,1,Monovalent
danturay,1,1,Monovalent
davay,1,1,Monovalent
dayay,1,1,Monovalent
dedī,1,1,Monovalent
dhiṣaṇy,1,1,Monovalent
dhvānay,1,1,Monovalent
dhūsarībhū,1,1,Monovalent
didhārayiṣ,1,1,Monovalent
dodrav,1,1,Monovalent
dodu,1,1,Monovalent
dravay,1,1,Monovalent
dudhukṣ,1,1,Monovalent
dudhūṣ,1,1,Monovalent
durbalībhū,1,1,Monovalent
durgṛbhīy,1,1,Monovalent
durhaṇāy,1,1,Monovalent
durjanāy,1,1,Monovalent
durlabhībhū,1,1,Monovalent
duḥkhāy,1,1,Monovalent
duḥkhīy,1,1,Monovalent
dyutay,1,1,Monovalent
dādhmā,1,1,Monovalent
dāyay,1,1,Monovalent
dīkṣāpay,1,1,Monovalent
dīrghay,1,1,Monovalent
erts,1,1,Monovalent
gadāy,1,1,Monovalent
gai,1,1,Monovalent
gajībhū,1,1,Monovalent
galahastay,1,1,Monovalent
gard,1,1,Monovalent
garuḍāy,1,1,Monovalent
garv,1,1,Monovalent
gaṅgūy,1,1,Monovalent
gaṇḍūṣay,1,1,Monovalent
ghoṣāpay,1,1,Monovalent
ghṛṇāy,1,1,Monovalent
giray,1,1,Monovalent
gomayāy,1,1,Monovalent
guḍaguḍāy,1,1,Monovalent
guḍguḍāy,1,1,Monovalent
guṇṭh,1,1,Monovalent
gāmay,1,1,Monovalent
gānīkṛ,1,1,Monovalent
gūrdhay,1,1,Monovalent
gṛbhay,1,1,Monovalent
hambhāy,1,1,Monovalent
haritāy,1,1,Monovalent
hastīkṛ,1,1,Monovalent
haṃsībhū,1,1,Monovalent
hel,1,1,Monovalent
hikkay,1,1,Monovalent
huvany,1,1,Monovalent
hvalay,1,1,Monovalent
hvāray,1,1,Monovalent
hāsarasāy,1,1,Monovalent
hūrchay,1,1,Monovalent
hṛṇāy,1,1,Monovalent
icchāpay,1,1,Monovalent
ikramiṣ,1,1,Monovalent
indhanībhū,1,1,Monovalent
indray,1,1,Monovalent
iradh,1,1,Monovalent
iyasy,1,1,Monovalent
iṣaṇay,1,1,Monovalent
iṣūy,1,1,Monovalent
jalāy,1,1,Monovalent
janiy,1,1,Monovalent
jarjaray,1,1,Monovalent
jayadhvajāy,1,1,Monovalent
jañj,1,1,Monovalent
jaṭilay,1,1,Monovalent
jaṭīkṛ,1,1,Monovalent
jegīy,1,1,Monovalent
jigrahayiṣ,1,1,Monovalent
jigās,1,1,Monovalent
jihmāy,1,1,Monovalent
jri,1,1,Monovalent
jugukṣ,1,1,Monovalent
jvālāy,1,1,Monovalent
jyut,1,1,Monovalent
jñīps,1,1,Monovalent
jājṛmbh,1,1,Monovalent
jālāy,1,1,Monovalent
jīrṇay,1,1,Monovalent
kacakac,1,1,Monovalent
kacay,1,1,Monovalent
kadalīvanāy,1,1,Monovalent
kalpalatāvanāy,1,1,Monovalent
kalpāy,1,1,Monovalent
kalāpāy,1,1,Monovalent
kamalāy,1,1,Monovalent
kapilāy,1,1,Monovalent
kapiśay,1,1,Monovalent
karadīkṛ,1,1,Monovalent
kavacay,1,1,Monovalent
kaṇakaṇāy,1,1,Monovalent
kaṇūkay,1,1,Monovalent
kaṣay,1,1,Monovalent
kaṣāyīkṛ,1,1,Monovalent
kaṭākṣay,1,1,Monovalent
kekāy,1,1,Monovalent
kelay,1,1,Monovalent
khaj,1,1,Monovalent
khallay,1,1,Monovalent
khanakhanāy,1,1,Monovalent
kharj,1,1,Monovalent
kharāy,1,1,Monovalent
khaṭṭāy,1,1,Monovalent
khoṭay,1,1,Monovalent
khud,1,1,Monovalent
khurakhurāy,1,1,Monovalent
khurukhurāy,1,1,Monovalent
khātay,1,1,Monovalent
kilakilāy,1,1,Monovalent
kiṃkarīkṛ,1,1,Monovalent
kiṭakiṭāy,1,1,Monovalent
kiṭṭāy,1,1,Monovalent
klāmay,1,1,Monovalent
knopay,1,1,Monovalent
kokūj,1,1,Monovalent
kokūy,1,1,Monovalent
krośay,1,1,Monovalent
krāth,1,1,Monovalent
krāthay,1,1,Monovalent
kuhukuhāy,1,1,Monovalent
kulyāy,1,1,Monovalent
kuraṅgāy,1,1,Monovalent
kuḍ,1,1,Monovalent
kālvālīkṛ,1,1,Monovalent
kāntāy,1,1,Monovalent
kāṅkṣay,1,1,Monovalent
kāṅkṣāy,1,1,Monovalent
kāṇkṣ,1,1,Monovalent
kīray,1,1,Monovalent
kśāpay,1,1,Monovalent
kūḍ,1,1,Monovalent
kūṇay,1,1,Monovalent
kūṭay,1,1,Monovalent
kṛcchrāy,1,1,Monovalent
kṛpaṇ,1,1,Monovalent
kṛpaṇy,1,1,Monovalent
kṛśay,1,1,Monovalent
kṛṣṇāy,1,1,Monovalent
kṣayay,1,1,Monovalent
kṣāmatarīkṛ,1,1,Monovalent
kṣīrodāy,1,1,Monovalent
lagay,1,1,Monovalent
lambāy,1,1,Monovalent
lasay,1,1,Monovalent
lavaṇāy,1,1,Monovalent
lekhāpay,1,1,Monovalent
lekhāy,1,1,Monovalent
lilambiṣ,1,1,Monovalent
lilikṣ,1,1,Monovalent
lilāpayiṣ,1,1,Monovalent
lolup,1,1,Monovalent
lulobhay,1,1,Monovalent
luñcay,1,1,Monovalent
lālāpay,1,1,Monovalent
lālāy,1,1,Monovalent
lūlup,1,1,Monovalent
madhukarāy,1,1,Monovalent
madhuray,1,1,Monovalent
madhurāy,1,1,Monovalent
makarāy,1,1,Monovalent
mamar,1,1,Monovalent
mandarāy,1,1,Monovalent
mandākinīpravāhāy,1,1,Monovalent
marīmṛj,1,1,Monovalent
mathay,1,1,Monovalent
maunāy,1,1,Monovalent
mayūkhāy,1,1,Monovalent
maṇḍalay,1,1,Monovalent
maṇṭay,1,1,Monovalent
mehay,1,1,Monovalent
mekhalāy,1,1,Monovalent
melāpay,1,1,Monovalent
micch,1,1,Monovalent
mitrīy,1,1,Monovalent
mokṣāy,1,1,Monovalent
mraday,1,1,Monovalent
mrit,1,1,Monovalent
mumudiṣ,1,1,Monovalent
mur,1,1,Monovalent
muṇḍāpay,1,1,Monovalent
mālyaguṇāy,1,1,Monovalent
mālāy,1,1,Monovalent
māmad,1,1,Monovalent
mānavasy,1,1,Monovalent
māthay,1,1,Monovalent
māṇikyavṛkṣakavanāy,1,1,Monovalent
mīmāṃsay,1,1,Monovalent
mūkīkṛ,1,1,Monovalent
mṛc,1,1,Monovalent
mṛkṣ,1,1,Monovalent
n,1,1,Monovalent
nabhaḥkusumāy,1,1,Monovalent
nadasy,1,1,Monovalent
nagnaṃkṛ,1,1,Monovalent
navanavāy,1,1,Monovalent
naśāy,1,1,Monovalent
nibhas,1,1,Monovalent
nidhānīkṛ,1,1,Monovalent
nidānay,1,1,Monovalent
nikaṣāy,1,1,Monovalent
nimnīkṛ,1,1,Monovalent
nipreṣ,1,1,Monovalent
niravaji,1,1,Monovalent
nirayāy,1,1,Monovalent
nirbhayībhū,1,1,Monovalent
nirjyā,1,1,Monovalent
nirutsic,1,1,Monovalent
nirvivarīkṛ,1,1,Monovalent
nirvleṣay,1,1,Monovalent
nirvyañj,1,1,Monovalent
nirvyūh,1,1,Monovalent
nirvṛṣ,1,1,Monovalent
nirṛd,1,1,Monovalent
niścintay,1,1,Monovalent
niḥspandīkṛ,1,1,Monovalent
niṣkrīḍay,1,1,Monovalent
niṣprekṣ,1,1,Monovalent
nyarpay,1,1,Monovalent
nye,1,1,Monovalent
nyūh,1,1,Monovalent
nyṛch,1,1,Monovalent
nāthay,1,1,Monovalent
nīrandhray,1,1,Monovalent
nīrogay,1,1,Monovalent
nīḍay,1,1,Monovalent
nṛmaṇasy,1,1,Monovalent
pakṣ,1,1,Monovalent
pakṣāy,1,1,Monovalent
palyāy,1,1,Monovalent
paridṛṃhay,1,1,Monovalent
parighātay,1,1,Monovalent
parighāy,1,1,Monovalent
parigrāhay,1,1,Monovalent
parijigāṃs,1,1,Monovalent
parilips,1,1,Monovalent
parimārg,1,1,Monovalent
parinirhan,1,1,Monovalent
parinirvap,1,1,Monovalent
parinirṇij,1,1,Monovalent
pariniścintay,1,1,Monovalent
pariniṣpāday,1,1,Monovalent
pariprahi,1,1,Monovalent
pariprajan,1,1,Monovalent
paripre,1,1,Monovalent
pariprokṣ,1,1,Monovalent
pariprokṣay,1,1,Monovalent
parisamāpay,1,1,Monovalent
parisamūhay,1,1,Monovalent
parisaṃhṛṣ,1,1,Monovalent
parisaṃkṣip,1,1,Monovalent
parisaṃpat,1,1,Monovalent
parisaṃplu,1,1,Monovalent
parisaṃspṛś,1,1,Monovalent
parisaṃsṛj,1,1,Monovalent
parisaṃtuṣ,1,1,Monovalent
parisaṃvāray,1,1,Monovalent
parisaṃśudh,1,1,Monovalent
parivirāj,1,1,Monovalent
pariśāyay,1,1,Monovalent
pariṣṭambh,1,1,Monovalent
paruṣay,1,1,Monovalent
paryavalup,1,1,Monovalent
paryaṅkhay,1,1,Monovalent
paryudvij,1,1,Monovalent
paryunnī,1,1,Monovalent
paryutpātay,1,1,Monovalent
paryācikīrṣ,1,1,Monovalent
paryākulay,1,1,Monovalent
paryāplu,1,1,Monovalent
paryāvah,1,1,Monovalent
paryāṭay,1,1,Monovalent
parāpruth,1,1,Monovalent
parāstu,1,1,Monovalent
parāyāpay,1,1,Monovalent
pattīyāpay,1,1,Monovalent
paṅktīkṛ,1,1,Monovalent
paṇay,1,1,Monovalent
phalāy,1,1,Monovalent
phull,1,1,Monovalent
picchilay,1,1,Monovalent
piprīṣ,1,1,Monovalent
pipāyiṣ,1,1,Monovalent
pitūy,1,1,Monovalent
piñjaray,1,1,Monovalent
piśaṅgay,1,1,Monovalent
piśunay,1,1,Monovalent
popruth,1,1,Monovalent
potay,1,1,Monovalent
prabibhāvayiṣ,1,1,Monovalent
pradhraj,1,1,Monovalent
prahāvay,1,1,Monovalent
prakṣviḍ,1,1,Monovalent
pramadāy,1,1,Monovalent
pramanday,1,1,Monovalent
pramrad,1,1,Monovalent
pramumodayiṣ,1,1,Monovalent
prapay,1,1,Monovalent
prarohay,1,1,Monovalent
prasaṃcakṣ,1,1,Monovalent
prasaṃpaś,1,1,Monovalent
prastarīkṛ,1,1,Monovalent
prasvar,1,1,Monovalent
prasā,1,1,Monovalent
pratibhuj,1,1,Monovalent
pratidhā,1,1,Monovalent
pratigup,1,1,Monovalent
pratiharay,1,1,Monovalent
pratihiṃkṛ,1,1,Monovalent
pratimokṣ,1,1,Monovalent
pratininī,1,1,Monovalent
pratiniras,1,1,Monovalent
pratinirji,1,1,Monovalent
pratinirmā,1,1,Monovalent
pratiniryātay,1,1,Monovalent
pratinistṛ,1,1,Monovalent
pratinivap,1,1,Monovalent
pratiniṣpū,1,1,Monovalent
pratinyas,1,1,Monovalent
pratiprās,1,1,Monovalent
pratisaṃbodhay,1,1,Monovalent
pratisaṃbudh,1,1,Monovalent
pratisaṃcar,1,1,Monovalent
pratisaṃchad,1,1,Monovalent
pratisaṃchāday,1,1,Monovalent
pratisaṃhā,1,1,Monovalent
pratisaṃhāray,1,1,Monovalent
pratisaṃjan,1,1,Monovalent
pratisaṃkrāmay,1,1,Monovalent
pratisaṃkuñc,1,1,Monovalent
pratisaṃmiśray,1,1,Monovalent
pratisaṃsah,1,1,Monovalent
pratisaṃstambh,1,1,Monovalent
pratisaṃsthā,1,1,Monovalent
pratisaṃveṣṭ,1,1,Monovalent
pratisaṃvid,1,1,Monovalent
pratisaṃvāray,1,1,Monovalent
pratisaṃśru,1,1,Monovalent
prativibhū,1,1,Monovalent
prativiparī,1,1,Monovalent
prativivad,1,1,Monovalent
pratiśāyay,1,1,Monovalent
pratyabhihiṃkṛ,1,1,Monovalent
pratyabhihu,1,1,Monovalent
pratyabhiniryā,1,1,Monovalent
pratyabhiṣu,1,1,Monovalent
pratyabhyarcay,1,1,Monovalent
pratyakṣay,1,1,Monovalent
pratyapakram,1,1,Monovalent
pratyatikram,1,1,Monovalent
pratyavanī,1,1,Monovalent
pratyavasic,1,1,Monovalent
pratyudgrah,1,1,Monovalent
pratyudīr,1,1,Monovalent
pratyunmiṣ,1,1,Monovalent
pratyupanah,1,1,Monovalent
pratyupekṣ,1,1,Monovalent
pratyupās,1,1,Monovalent
pratyutpā,1,1,Monovalent
pratyādṛ,1,1,Monovalent
pratyākṛ,1,1,Monovalent
pratyāpān,1,1,Monovalent
pravinirdhū,1,1,Monovalent
probh,1,1,Monovalent
proccaṭ,1,1,Monovalent
procchal,1,1,Monovalent
procchvāsay,1,1,Monovalent
prodghāṭay,1,1,Monovalent
prodvejay,1,1,Monovalent
projjval,1,1,Monovalent
prollikh,1,1,Monovalent
pronmarday,1,1,Monovalent
pronmṛj,1,1,Monovalent
pronnī,1,1,Monovalent
prothay,1,1,Monovalent
prottolay,1,1,Monovalent
proñch,1,1,Monovalent
prārday,1,1,Monovalent
prāñj,1,1,Monovalent
prāṇāy,1,1,Monovalent
pulināy,1,1,Monovalent
purobhāvay,1,1,Monovalent
putriy,1,1,Monovalent
putrīy,1,1,Monovalent
puñjaray,1,1,Monovalent
pānthāy,1,1,Monovalent
pāpaṭh,1,1,Monovalent
pātray,1,1,Monovalent
pāṇḍurīkṛ,1,1,Monovalent
pāṭalay,1,1,Monovalent
pīyūṣavarṣāy,1,1,Monovalent
pūrvapakṣay,1,1,Monovalent
pūtkṛ,1,1,Monovalent
pṛkṣ,1,1,Monovalent
pṛthulay,1,1,Monovalent
raktasūryāy,1,1,Monovalent
ramāpay,1,1,Monovalent
randhanāy,1,1,Monovalent
rathakām,1,1,Monovalent
rathirāy,1,1,Monovalent
rathīy,1,1,Monovalent
raśanāy,1,1,Monovalent
rebhāy,1,1,Monovalent
rekṇasy,1,1,Monovalent
riph,1,1,Monovalent
riṅg,1,1,Monovalent
romāñc,1,1,Monovalent
roruc,1,1,Monovalent
rorud,1,1,Monovalent
rucay,1,1,Monovalent
ruvaṇy,1,1,Monovalent
rājapathāy,1,1,Monovalent
rārap,1,1,Monovalent
rāsabhāy,1,1,Monovalent
rāṇ,1,1,Monovalent
rūpāy,1,1,Monovalent
sacanasy,1,1,Monovalent
sacasy,1,1,Monovalent
samabhibhū,1,1,Monovalent
samabhivyāp,1,1,Monovalent
samabhivīkṣ,1,1,Monovalent
samabhyuddhṛ,1,1,Monovalent
samabhyudgam,1,1,Monovalent
samabhyūh,1,1,Monovalent
samabhīps,1,1,Monovalent
samadhiropay,1,1,Monovalent
samadhyas,1,1,Monovalent
samagray,1,1,Monovalent
samanveṣay,1,1,Monovalent
samanvi,1,1,Monovalent
samary,1,1,Monovalent
samavakṣi,1,1,Monovalent
samavavṛt,1,1,Monovalent
samavekṣay,1,1,Monovalent
samay,1,1,Monovalent
samparyāp,1,1,Monovalent
sampraṇidhā,1,1,Monovalent
samprer,1,1,Monovalent
samuccal,1,1,Monovalent
samucchad,1,1,Monovalent
samucchvāsay,1,1,Monovalent
samudbandh,1,1,Monovalent
samuddhā,1,1,Monovalent
samuddru,1,1,Monovalent
samuddīpay,1,1,Monovalent
samudgranth,1,1,Monovalent
samudyojay,1,1,Monovalent
samujjṛmbh,1,1,Monovalent
samunmīlay,1,1,Monovalent
samunnad,1,1,Monovalent
samunnāmay,1,1,Monovalent
samupagrah,1,1,Monovalent
samupanṛt,1,1,Monovalent
samupasaṃkram,1,1,Monovalent
samupasāday,1,1,Monovalent
samupaśliṣ,1,1,Monovalent
samutkalpay,1,1,Monovalent
samutkleśay,1,1,Monovalent
samutkūlay,1,1,Monovalent
samutpiṣ,1,1,Monovalent
samutpātay,1,1,Monovalent
samutpīḍay,1,1,Monovalent
samutpū,1,1,Monovalent
samutsad,1,1,Monovalent
samutsarpay,1,1,Monovalent
samuttras,1,1,Monovalent
samāman,1,1,Monovalent
samāvāp,1,1,Monovalent
samāyu,1,1,Monovalent
samāñj,1,1,Monovalent
saniṣvan,1,1,Monovalent
sanāy,1,1,Monovalent
sapatnāy,1,1,Monovalent
saray,1,1,Monovalent
sarīsṛp,1,1,Monovalent
sattrāy,1,1,Monovalent
satvanāy,1,1,Monovalent
saṃbṛṃh,1,1,Monovalent
saṃcākaś,1,1,Monovalent
saṃheṣ,1,1,Monovalent
saṃhāpay,1,1,Monovalent
saṃjṛmbhay,1,1,Monovalent
saṃkranday,1,1,Monovalent
saṃlaṅghay,1,1,Monovalent
saṃmukhyas,1,1,Monovalent
saṃnikṛ,1,1,Monovalent
saṃnipad,1,1,Monovalent
saṃnirvā,1,1,Monovalent
saṃniṣkṛṣ,1,1,Monovalent
saṃnyāsay,1,1,Monovalent
saṃpipādayiṣ,1,1,Monovalent
saṃprajvalay,1,1,Monovalent
saṃprakṣud,1,1,Monovalent
saṃpramlā,1,1,Monovalent
saṃpratipālay,1,1,Monovalent
saṃpratyah,1,1,Monovalent
saṃpratyāyay,1,1,Monovalent
saṃpravā,1,1,Monovalent
saṃprāpay,1,1,Monovalent
saṃprārth,1,1,Monovalent
saṃsphāy,1,1,Monovalent
saṃsraṃs,1,1,Monovalent
saṃvaś,1,1,Monovalent
saṃvici,1,1,Monovalent
saṃvyavahār,1,1,Monovalent
saṃvyāp,1,1,Monovalent
saṃvīkṣ,1,1,Monovalent
seṣidh,1,1,Monovalent
siprāy,1,1,Monovalent
siṃhāy,1,1,Monovalent
siṣādh,1,1,Monovalent
skubh,1,1,Monovalent
smeray,1,1,Monovalent
soṣav,1,1,Monovalent
sphar,1,1,Monovalent
sphuray,1,1,Monovalent
srambhay,1,1,Monovalent
sriv,1,1,Monovalent
stabakay,1,1,Monovalent
staumay,1,1,Monovalent
stavay,1,1,Monovalent
staṃs,1,1,Monovalent
sthūlasthūṇāghaṭāy,1,1,Monovalent
stitīrṣ,1,1,Monovalent
stṛh,1,1,Monovalent
subhagay,1,1,Monovalent
sukratūy,1,1,Monovalent
sup,1,1,Monovalent
susmūrṣ,1,1,Monovalent
suvarṇībhū,1,1,Monovalent
suṣups,1,1,Monovalent
svadhay,1,1,Monovalent
svahastay,1,1,Monovalent
svajanāy,1,1,Monovalent
svalpaśilāy,1,1,Monovalent
svatantrīkṛ,1,1,Monovalent
svād,1,1,Monovalent
sākṣādbhū,1,1,Monovalent
sāsah,1,1,Monovalent
sātīy,1,1,Monovalent
sāyakāy,1,1,Monovalent
tandrāy,1,1,Monovalent
tantas,1,1,Monovalent
tantasy,1,1,Monovalent
tanūbhū,1,1,Monovalent
taptabaḍiśāy,1,1,Monovalent
taralīkṛ,1,1,Monovalent
tarjāpay,1,1,Monovalent
taruṣy,1,1,Monovalent
taḍ,1,1,Monovalent
taṃstan,1,1,Monovalent
taṭ,1,1,Monovalent
tilvilāy,1,1,Monovalent
titaṃs,1,1,Monovalent
titṛts,1,1,Monovalent
tiḍ,1,1,Monovalent
tiṣṭhighiṣ,1,1,Monovalent
tiṣṭhās,1,1,Monovalent
totud,1,1,Monovalent
toṣṭuv,1,1,Monovalent
tudāy,1,1,Monovalent
tup,1,1,Monovalent
tuṇḍay,1,1,Monovalent
tuṣay,1,1,Monovalent
tvakṣ,1,1,Monovalent
tvaṃkṛ,1,1,Monovalent
tāntīkṛ,1,1,Monovalent
tātap,1,1,Monovalent
tīkṣṇīkṛ,1,1,Monovalent
tīmay,1,1,Monovalent
tūtūrṣ,1,1,Monovalent
tūṇīrāy,1,1,Monovalent
u,1,1,Monovalent
ucchiṣṭīkṛ,1,1,Monovalent
ucchī,1,1,Monovalent
uccyāvay,1,1,Monovalent
uccṛt,1,1,Monovalent
udah,1,1,Monovalent
udantīkṛ,1,1,Monovalent
udany,1,1,Monovalent
udavāp,1,1,Monovalent
uddham,1,1,Monovalent
uddhvā,1,1,Monovalent
uddṛh,1,1,Monovalent
udgamay,1,1,Monovalent
udgarj,1,1,Monovalent
udrecay,1,1,Monovalent
udruc,1,1,Monovalent
udrudh,1,1,Monovalent
udvas,1,1,Monovalent
udvelay,1,1,Monovalent
udvyudas,1,1,Monovalent
udvṛj,1,1,Monovalent
udāhvā,1,1,Monovalent
udāhāray,1,1,Monovalent
udāsṛ,1,1,Monovalent
ujjan,1,1,Monovalent
ujjigīṣ,1,1,Monovalent
ujjāgaray,1,1,Monovalent
ujjīv,1,1,Monovalent
ujjṛmbh,1,1,Monovalent
ukṣaṇy,1,1,Monovalent
ullasay,1,1,Monovalent
ullaṅgh,1,1,Monovalent
ullekhay,1,1,Monovalent
ullip,1,1,Monovalent
ulliṅg,1,1,Monovalent
ulliṅgay,1,1,Monovalent
ullok,1,1,Monovalent
ullolay,1,1,Monovalent
ulloḍay,1,1,Monovalent
ulluñc,1,1,Monovalent
ullāḍay,1,1,Monovalent
unmarday,1,1,Monovalent
unmathay,1,1,Monovalent
unmi,1,1,Monovalent
unmud,1,1,Monovalent
unmukulay,1,1,Monovalent
unmānay,1,1,Monovalent
unmāpay,1,1,Monovalent
unmūl,1,1,Monovalent
unninīṣ,1,1,Monovalent
upadhāvay,1,1,Monovalent
upadhṛ,1,1,Monovalent
upamīv,1,1,Monovalent
upanamasy,1,1,Monovalent
upanaś,1,1,Monovalent
upanirdiś,1,1,Monovalent
upanirvartay,1,1,Monovalent
upanī,1,1,Monovalent
upapalyay,1,1,Monovalent
upapipādayiṣ,1,1,Monovalent
upaprāp,1,1,Monovalent
upardh,1,1,Monovalent
upasamārabh,1,1,Monovalent
upasaṃbandh,1,1,Monovalent
upasaṃbhid,1,1,Monovalent
upasaṃbhram,1,1,Monovalent
upasaṃcar,1,1,Monovalent
upasaṃghuṣ,1,1,Monovalent
upasaṃjighṛkṣ,1,1,Monovalent
upasaṃkalpay,1,1,Monovalent
upasaṃkramay,1,1,Monovalent
upasaṃkrāmay,1,1,Monovalent
upasaṃkuñc,1,1,Monovalent
upasaṃkṣip,1,1,Monovalent
upasaṃkﾱp,1,1,Monovalent
upasaṃmṛj,1,1,Monovalent
upasaṃnyāsay,1,1,Monovalent
upasaṃrodhay,1,1,Monovalent
upasaṃruh,1,1,Monovalent
upasaṃspṛś,1,1,Monovalent
upasaṃsṛp,1,1,Monovalent
upasaṃvraj,1,1,Monovalent
upasaṃyam,1,1,Monovalent
upasaṃyojay,1,1,Monovalent
upasaṃyu,1,1,Monovalent
upasaṃyā,1,1,Monovalent
upasvar,1,1,Monovalent
upavid,1,1,Monovalent
upavyāvṛt,1,1,Monovalent
upavāday,1,1,Monovalent
upavīṇay,1,1,Monovalent
upendh,1,1,Monovalent
upond,1,1,Monovalent
upotkṛṣ,1,1,Monovalent
upotsnā,1,1,Monovalent
upoṣay,1,1,Monovalent
upānāyay,1,1,Monovalent
upārpay,1,1,Monovalent
upāvapat,1,1,Monovalent
upāñc,1,1,Monovalent
utkalāpay,1,1,Monovalent
utpipatiṣ,1,1,Monovalent
utprāsay,1,1,Monovalent
utpuṃsay,1,1,Monovalent
utpīḍāy,1,1,Monovalent
utsavay,1,1,Monovalent
utsavāy,1,1,Monovalent
utsyand,1,1,Monovalent
uttaṃsīkṛ,1,1,Monovalent
uṣṇāy,1,1,Monovalent
vadhary,1,1,Monovalent
vadiṣ,1,1,Monovalent
vairāy,1,1,Monovalent
vajrāy,1,1,Monovalent
vakray,1,1,Monovalent
vakṣay,1,1,Monovalent
varcay,1,1,Monovalent
varīvar,1,1,Monovalent
varīvarjay,1,1,Monovalent
vasnay,1,1,Monovalent
vasāy,1,1,Monovalent
vaṇṭ,1,1,Monovalent
vehāy,1,1,Monovalent
vellay,1,1,Monovalent
vetālalīlāy,1,1,Monovalent
vevlīy,1,1,Monovalent
vicalay,1,1,Monovalent
vicikalpayiṣ,1,1,Monovalent
vidheyīkṛ,1,1,Monovalent
vidhūmay,1,1,Monovalent
vidṛh,1,1,Monovalent
vihvalīkṛ,1,1,Monovalent
vijigās,1,1,Monovalent
vijihās,1,1,Monovalent
vikrośay,1,1,Monovalent
vimāthīkṛ,1,1,Monovalent
vinirbandh,1,1,Monovalent
vinirbhañj,1,1,Monovalent
vinirbhrāmay,1,1,Monovalent
vinirdham,1,1,Monovalent
vinirgṛ,1,1,Monovalent
vinirjñā,1,1,Monovalent
vinirmajj,1,1,Monovalent
vinirmocay,1,1,Monovalent
vinirvartay,1,1,Monovalent
vinirvāsay,1,1,Monovalent
vinirvṛ,1,1,Monovalent
viniḥsṛp,1,1,Monovalent
viniṣkāray,1,1,Monovalent
viniṣkṛt,1,1,Monovalent
viniṣpiṇḍay,1,1,Monovalent
viniṣpāday,1,1,Monovalent
vinonud,1,1,Monovalent
viparisṛp,1,1,Monovalent
vipariṇī,1,1,Monovalent
vipay,1,1,Monovalent
vipināy,1,1,Monovalent
vipramad,1,1,Monovalent
viprokṣ,1,1,Monovalent
vipulay,1,1,Monovalent
visaṃkas,1,1,Monovalent
vitaṇḍ,1,1,Monovalent
vithury,1,1,Monovalent
vivejay,1,1,Monovalent
vivraj,1,1,Monovalent
vivyats,1,1,Monovalent
vivācayiṣ,1,1,Monovalent
vivṛkṣ,1,1,Monovalent
viśālay,1,1,Monovalent
viṣṭhay,1,1,Monovalent
vrad,1,1,Monovalent
vrajay,1,1,Monovalent
vraṇay,1,1,Monovalent
vyacaskṛ,1,1,Monovalent
vyapasaṃsṛ,1,1,Monovalent
vyapekṣ,1,1,Monovalent
vyapojh,1,1,Monovalent
vyatisaṃdah,1,1,Monovalent
vyativartay,1,1,Monovalent
vyatiśaṅk,1,1,Monovalent
vyavajihīrṣ,1,1,Monovalent
vyavalikh,1,1,Monovalent
vyavasṛ,1,1,Monovalent
vyavaśātay,1,1,Monovalent
vyudānī,1,1,Monovalent
vyutkṛṣ,1,1,Monovalent
vyābhuj,1,1,Monovalent
vyādhay,1,1,Monovalent
vyādhāy,1,1,Monovalent
vyājvalay,1,1,Monovalent
vyālabh,1,1,Monovalent
vyāvap,1,1,Monovalent
vāgurāy,1,1,Monovalent
vārttībhū,1,1,Monovalent
vās,1,1,Monovalent
vāvac,1,1,Monovalent
vāyay,1,1,Monovalent
vīrarasāy,1,1,Monovalent
vīṅkay,1,1,Monovalent
vīṅkh,1,1,Monovalent
vīṅkhay,1,1,Monovalent
vṛjināy,1,1,Monovalent
vṛkāy,1,1,Monovalent
yabh,1,1,Monovalent
yajñāy,1,1,Monovalent
yamāy,1,1,Monovalent
yaṃyam,1,1,Monovalent
yiyaps,1,1,Monovalent
yiyaṃs,1,1,Monovalent
yogāy,1,1,Monovalent
yūh,1,1,Monovalent
yūhay,1,1,Monovalent
ñjay,1,1,Monovalent
ābharaṇāy,1,1,Monovalent
ābṛṃh,1,1,Monovalent
ācikhyās,1,1,Monovalent
āhvāpay,1,1,Monovalent
ākaṇ,1,1,Monovalent
ālay,1,1,Monovalent
āmahay,1,1,Monovalent
āpipayiṣ,1,1,Monovalent
ārogyāpay,1,1,Monovalent
āsaṃji,1,1,Monovalent
āsisaṅkṣ,1,1,Monovalent
ātāray,1,1,Monovalent
āvaraṇīkṛ,1,1,Monovalent
āvekṣ,1,1,Monovalent
āvirdhā,1,1,Monovalent
āyāpay,1,1,Monovalent
īhay,1,1,Monovalent
īj,1,1,Monovalent
īṃkṛ,1,1,Monovalent
īṅkh,1,1,Monovalent
śabalīkṛ,1,1,Monovalent
śabd,1,1,Monovalent
śakracāpāy,1,1,Monovalent
śakrāy,1,1,Monovalent
śarmay,1,1,Monovalent
śastray,1,1,Monovalent
śavalay,1,1,Monovalent
śaṅkay,1,1,Monovalent
śaṅkhāy,1,1,Monovalent
ścal,1,1,Monovalent
ścam,1,1,Monovalent
ścyutay,1,1,Monovalent
ścṛt,1,1,Monovalent
śekharay,1,1,Monovalent
śikhāy,1,1,Monovalent
śithilāy,1,1,Monovalent
śiśiray,1,1,Monovalent
ślathāy,1,1,Monovalent
śodhāpay,1,1,Monovalent
śrathary,1,1,Monovalent
śrāpay,1,1,Monovalent
śubhray,1,1,Monovalent
śubhāy,1,1,Monovalent
śuṇ,1,1,Monovalent
śvasay,1,1,Monovalent
śvañcay,1,1,Monovalent
śvetadvīpāy,1,1,Monovalent
śvetāy,1,1,Monovalent
śāntay,1,1,Monovalent
śārīkṛ,1,1,Monovalent
śīkāy,1,1,Monovalent
śīrṇay,1,1,Monovalent
śītalay,1,1,Monovalent
śūlāy,1,1,Monovalent
śūrīkṛ,1,1,Monovalent
śṛṅgāy,1,1,Monovalent
ūnay,1,1,Monovalent
ūrdhvīkṛ,1,1,Monovalent
ūṅkhay,1,1,Monovalent
ḍhakkay,1,1,Monovalent
ḍolay,1,1,Monovalent
ḍī,1,1,Monovalent
ṇikṣ,1,1,Monovalent
ṇāday,1,1,Monovalent
ṣan,1,1,Monovalent
ṣenay,1,1,Monovalent
ṣkambhay,1,1,Monovalent
ṣpluṣ,1,1,Monovalent
ṣvañj,1,1,Monovalent
ṣvāday,1,1,Monovalent
ṣvāpay,1,1,Monovalent
ṣṇā,1,1,Monovalent
ṣṭhiv,1,1,Monovalent
ṭaṅk,1,1,Monovalent
ṭīk,1,1,Monovalent
