root,valency_path_c,total_tokens,distinct_preverbs,distinct_pratyayas
kṛ,1062,50155,491,25
bhū,504,44848,280,24
dhā,386,17082,70,24
hṛ,368,9296,77,19
vṛt,293,8572,60,20
gam,291,29902,55,24
nī,253,5852,53,22
kram,244,4314,54,20
han,216,14364,43,20
pad,207,7629,41,19
yā,205,10316,52,15
vartay,194,1814,46,17
grah,182,10607,34,23
sṛj,182,6260,44,22
dā,176,17897,38,22
jñā,176,9816,34,20
yuj,172,10312,29,20
car,170,7504,38,16
sthā,166,15989,38,21
pat,164,6052,36,18
viś,163,7095,36,18
kṣip,154,4955,35,16
ruh,153,2855,39,17
yam,146,5299,35,21
diś,136,2654,27,17
muc,135,6170,22,24
vah,133,2676,32,20
kṛṣ,132,1336,28,17
vas,128,4122,27,16
vad,125,4785,28,18
gā,124,2915,31,22
vṛ,121,5094,25,21
rudh,114,3045,21,16
sṛp,113,689,32,14
sṛ,112,1356,34,15
jan,108,11478,24,21
śri,108,2792,31,18
vap,107,2188,24,17
dru,105,2765,38,12
bandh,104,3539,21,16
hā,101,3780,27,21
ji,100,5666,16,21
labh,100,5263,18,17
dah,100,2965,20,18
pāday,100,1513,19,14
kalpay,99,1909,16,18
vac,98,38480,22,19
mṛj,97,1072,24,16
tap,96,3111,20,20
dhāv,96,1549,31,13
veśay,96,1136,20,15
bhāṣ,95,2471,20,15
khyā,94,4255,24,16
sthāpay,93,1954,17,17
sāday,91,3019,18,15
sad,90,3020,25,18
budh,89,2409,19,16
mantray,88,2155,15,14
ci,88,1768,22,17
dhāray,87,2182,18,16
vāray,87,1860,18,16
yojay,86,1821,19,15
śaṃs,85,3408,20,17
mā,85,2734,14,19
vāsay,85,671,19,15
tṛ,84,1947,17,18
stṛ,84,1586,25,18
vyadh,83,2304,23,16
pātay,81,1521,21,14
bhuj,80,3076,20,19
bhaj,80,2054,15,19
mṛś,80,985,21,13
dṛś,79,15392,14,23
pā,79,5661,17,22
bhāvay,79,2033,21,14
sāray,79,708,22,12
śru,78,11586,13,24
tan,78,1677,20,20
ṣṭhā,77,2822,18,16
darśay,77,1850,13,13
vraj,77,1749,22,11
pīḍay,77,1381,21,14
sic,77,1165,21,18
hvā,76,2404,16,18
as,75,36765,13,16
ram,75,2367,16,16
man,74,6008,16,17
kṛt,74,650,19,16
paś,73,5473,20,10
vāhay,73,553,15,12
bhṛ,72,2737,16,22
bhid,72,2661,17,21
cintay,72,2313,15,14
kruś,72,540,20,11
pūray,71,1132,14,15
rabh,70,1847,15,17
veday,70,1308,15,13
vid,69,11773,14,23
ropay,69,739,19,12
cchid,69,596,15,16
plu,68,1028,25,8
cakṣ,67,1563,18,13
vṛj,67,494,16,19
pūjay,66,4071,15,14
yaj,65,7015,15,18
smṛ,65,4689,12,14
jñāpay,64,650,12,15
śvas,63,852,19,12
dhyā,62,1380,17,11
ūh,62,683,12,13
cāray,62,614,15,13
rakṣ,61,2376,10,18
bodhay,61,427,12,14
thā,60,2216,11,14
lip,60,1333,17,10
śās,60,1295,12,17
nam,60,1293,15,17
likh,60,867,13,15
sru,60,768,21,10
dhū,60,712,16,16
bādh,60,646,15,16
i,59,4271,10,17
vṛdh,59,2321,15,18
math,59,794,11,15
lī,59,717,21,8
pracch,57,3286,10,17
mṛd,57,833,12,14
śī,56,1336,15,14
śṛ,56,541,17,17
spṛś,55,2031,12,17
sev,55,1587,13,13
lokay,55,1061,10,12
vāday,55,724,13,14
brū,54,10603,17,8
ṇī,54,799,13,16
tāray,54,491,9,13
ṣic,53,1189,14,17
gāh,53,442,17,13
ghrā,53,437,16,10
lamb,52,494,12,12
lup,52,241,17,12
śam,51,1651,13,15
veṣṭay,51,703,17,11
sah,50,1353,12,20
lakṣay,50,1016,10,13
vā,50,487,14,9
yu,50,393,15,15
dham,49,1470,16,11
kṣi,49,1400,12,17
has,49,1075,10,12
pālay,49,878,8,13
śrāvay,49,750,13,11
vardhay,49,710,10,15
śaṅk,49,447,12,13
hāray,49,190,18,11
tyaj,48,3337,9,15
jīv,48,2504,7,16
varjay,48,2455,13,11
dhṛ,48,1506,14,17
sā,48,500,13,15
hu,47,6881,10,20
āp,47,3101,8,20
īkṣ,47,1333,6,15
śiṣ,47,1286,10,13
sañj,47,1254,9,14
gamay,47,525,14,11
dīpay,47,242,13,12
bhā,46,1450,20,7
yudh,46,1409,9,16
plāvay,46,209,12,11
stu,45,2575,5,22
pū,45,2430,15,12
aś,44,2164,8,17
coday,44,1049,10,16
dṛ,44,586,12,16
gṛ,43,552,13,14
varṇay,43,431,12,12
mad,42,1392,13,15
ṣad,42,992,13,12
yāc,42,847,12,14
khan,42,631,11,14
nud,42,452,13,13
vāpay,42,321,10,11
guh,41,680,12,12
nah,41,598,14,9
lap,41,427,9,12
kamp,41,422,12,9
śvāsay,41,415,11,12
tāpay,41,345,14,11
janay,40,1851,9,13
sādhay,40,1424,9,12
sū,40,1327,11,16
piṣ,40,1186,13,13
śuc,40,907,10,15
cchāday,40,514,13,11
pṛ,39,2105,11,18
kīrtay,39,1874,9,12
krī,39,668,11,13
rādhay,39,517,7,13
lobhay,39,112,10,11
hṛṣ,38,1950,10,12
kāray,38,1733,13,13
añj,38,1217,5,15
ric,38,901,11,18
kﾱp,38,714,12,12
nand,38,625,8,11
mānay,38,514,8,12
vṛh,38,139,9,13
nāmay,38,101,11,13
pac,37,2238,8,19
cyu,37,923,11,15
vṛṣ,37,807,12,11
mohay,37,643,10,12
krīḍ,37,565,11,11
dāpay,36,821,10,12
cal,36,722,8,8
śodhay,36,700,10,11
śoṣay,36,580,7,12
ghātay,36,290,10,11
pāṭay,36,264,9,12
cālay,36,215,9,13
srāvay,36,169,13,8
jap,35,1807,9,11
tarpay,35,1153,10,14
yat,35,1010,11,11
duh,35,845,9,16
dhāpay,35,212,16,6
sidh,34,2659,11,11
muh,34,1308,10,10
ṛdh,34,1072,3,18
kāṅkṣ,34,417,9,9
rādh,34,388,8,16
rocay,34,329,8,12
arcay,33,965,4,12
bhram,33,963,7,10
indh,33,821,6,14
jñapay,33,342,7,11
ruj,33,208,9,13
tṛd,33,146,10,11
jval,32,1079,11,10
rāj,32,855,9,11
rañj,32,705,10,10
śamay,32,512,6,12
lih,32,486,11,9
harṣay,32,258,9,10
pṛc,32,229,9,12
gaṇay,32,202,8,14
mi,32,179,10,9
śram,31,778,11,12
lepay,31,692,12,7
ṛch,31,612,6,15
majj,31,589,13,10
dhṛṣ,31,260,10,12
śuṣ,31,240,10,11
mocay,31,208,8,10
marday,30,1971,11,10
ruc,30,659,9,13
tras,30,524,8,10
bhraṃś,30,520,8,10
nṛt,30,432,12,10
ṣidh,30,305,6,13
śliṣ,30,278,9,9
ṣañj,30,264,10,12
arthay,30,219,5,13
kampay,30,214,10,9
vadh,29,1307,9,18
gad,29,765,9,13
arpay,29,716,3,12
arc,29,638,4,14
nāśay,29,634,6,13
tāḍay,29,500,7,15
kṣar,29,283,10,9
yātay,29,162,6,14
khyāpay,29,116,9,8
mṛ,28,2665,8,17
ās,28,2061,4,15
prī,28,1847,6,16
bhañj,28,875,10,12
cūrṇay,28,759,10,9
rud,28,739,6,15
vand,28,704,8,14
śāmay,28,501,10,9
kāśay,28,347,6,12
skand,28,313,8,10
dhvaṃs,28,288,16,8
vraśc,28,211,7,11
tuṣ,27,1104,8,11
su,27,939,7,14
mud,27,845,6,10
hi,27,666,8,13
sphur,27,471,6,11
dih,27,351,11,9
dāray,27,350,8,11
toṣay,27,331,6,11
nāday,27,311,12,7
grāhay,27,233,6,12
bhās,27,190,11,7
pāray,27,158,6,12
ghuṣ,27,112,14,12
kathay,26,3507,6,12
krudh,26,2250,7,13
naś,26,2022,4,15
kāmay,26,1071,7,12
nad,26,705,7,7
smi,26,620,8,11
dūṣay,26,405,7,11
śikṣ,26,378,4,13
vye,26,299,11,10
jvālay,26,272,9,11
krand,26,225,7,12
ṇud,26,194,9,12
tud,26,159,10,9
kālay,26,90,7,12
ghoṣay,26,89,8,11
bhakṣay,25,1456,5,13
jṛ,25,1441,6,14
tṛp,25,751,7,13
nind,25,701,5,15
kup,25,698,7,11
drāvay,25,409,6,11
stambh,25,367,6,10
rañjay,25,359,8,10
deśay,25,346,8,12
ceṣṭ,25,291,10,10
mī,25,222,3,14
khid,25,218,7,10
loḍay,25,171,8,8
bhāsay,25,148,8,8
tarkay,25,139,8,10
rohay,25,119,8,9
krāmay,25,62,9,11
śak,24,1961,7,17
dīp,24,1480,9,9
hiṃs,24,816,5,13
paṭh,24,609,6,14
do,24,584,10,7
śap,24,515,8,12
yodhay,24,298,7,11
kṣubh,24,290,6,9
rūpay,24,223,6,12
muṣ,24,196,8,13
dharṣay,24,173,7,9
jīvay,24,172,4,12
veṣṭ,24,92,13,9
chid,23,2203,3,17
snā,23,1683,6,11
ṇam,23,1136,8,9
duṣ,23,954,10,7
daṃś,23,369,7,13
mārjay,23,255,10,7
kṣobhay,23,196,4,13
rodhay,23,170,8,7
āpay,23,97,5,11
kramay,23,87,11,6
karṣay,23,82,10,6
svap,22,1326,6,14
kṣālay,22,623,6,10
pācay,22,537,6,9
thāpay,22,286,4,13
sraṃs,22,252,6,11
ghṛṣ,22,217,10,6
ve,22,214,9,9
mṛṣ,22,165,6,11
dīv,22,161,5,13
bhartsay,22,110,4,10
nanday,22,83,6,10
dhvaṃsay,22,60,4,9
vī,21,774,5,12
pāyay,21,403,6,12
ukṣ,21,395,7,7
vam,21,245,7,9
sāntvay,21,223,5,10
mokṣay,21,182,6,10
vic,21,178,7,10
jalp,21,160,8,9
mīlay,21,137,7,7
cyāvay,21,130,5,9
kūj,21,128,11,8
mih,21,110,8,10
māpay,21,86,5,10
bhūṣ,21,69,6,8
śudh,20,3171,5,9
dviṣ,20,1414,6,9
vācay,20,620,6,12
trā,20,520,3,13
kliś,20,326,6,9
garh,20,310,4,10
recay,20,207,5,10
vip,20,206,7,8
yāpay,20,155,4,11
druh,20,114,3,11
dyotay,20,99,7,9
moday,20,99,7,5
śātay,20,73,7,9
īray,19,662,5,10
gup,19,636,9,8
ṣṭhāpay,19,582,6,10
gras,19,525,6,14
puṣ,19,452,6,14
ghāray,19,434,5,8
vyath,19,426,4,12
pyā,19,386,3,13
racay,19,340,4,8
riṣ,19,302,4,13
ṣṭu,19,201,7,9
nard,19,150,8,6
ru,19,134,6,9
tam,19,123,8,9
sphoṭay,19,91,6,9
ṣṭhīv,19,73,8,7
dīkṣ,18,879,6,10
tvar,18,577,5,9
yājay,18,437,2,11
ṇaś,18,331,5,12
bhrāj,18,301,5,10
gal,18,292,10,7
miśray,18,290,6,6
garj,18,223,8,7
cikīrṣ,18,218,9,9
trāsay,18,201,5,9
takṣ,18,175,6,10
jṛmbh,18,171,6,7
stambhay,18,162,3,9
dhūpay,18,157,9,8
laṅghay,18,153,4,9
ghaṭ,18,134,6,12
sūcay,18,132,5,12
cikits,18,131,3,13
mārg,18,110,4,9
cāy,18,96,3,9
cṛt,18,69,8,8
ghaṭay,18,57,4,9
juṣ,17,1236,6,12
ad,17,703,2,16
śobhay,17,569,7,9
bhojay,17,526,4,12
kṣam,17,442,3,14
ṣev,17,399,5,11
sveday,17,389,6,7
māray,17,385,5,13
chāday,17,371,2,11
ṣvaj,17,359,3,13
jāgṛ,17,346,5,11
kāś,17,327,7,8
van,17,230,4,16
ṣecay,17,215,5,10
śeṣay,17,195,6,9
kalay,17,189,4,9
vij,17,146,8,7
nāyay,17,145,4,10
kopay,17,141,5,10
und,17,103,4,9
bheday,17,101,4,11
pothay,17,95,8,6
viṣ,17,93,4,14
namay,17,79,6,6
sarpay,17,39,12,6
prāp,16,6022,1,16
iṣ,16,4844,2,15
upe,16,2226,2,13
bhūṣay,16,924,5,9
av,16,869,3,14
arday,16,591,5,10
pyāyay,16,357,4,11
peṣay,16,323,7,5
cit,16,274,5,12
granth,16,178,5,6
bhakṣ,16,173,4,13
palāy,16,163,5,11
ramay,16,154,4,9
ghaṭṭay,16,107,6,5
hnu,16,95,5,8
lips,16,88,6,8
spand,16,73,6,7
sparśay,16,72,4,8
an,16,35,5,7
bhī,15,1387,3,12
śrī,15,655,6,9
śubh,15,557,6,10
sarjay,15,284,5,10
snāpay,15,201,4,10
san,15,197,2,14
gālay,15,177,7,7
spṛ,15,166,4,11
bandhay,15,143,6,10
dyut,15,129,5,8
prathay,15,115,3,11
jigīṣ,15,85,6,6
majjay,15,78,2,9
das,15,76,4,7
hāpay,15,71,4,8
valg,15,63,7,6
smāray,15,57,4,8
svar,15,56,5,7
dhāvay,15,49,6,7
gur,15,48,5,8
mīl,15,48,5,7
vlī,15,31,3,12
antardhā,14,1011,1,14
jāray,14,671,6,7
cam,14,476,4,8
ardhay,14,407,3,8
prath,14,370,4,9
sac,14,324,2,13
mūrch,14,256,6,6
varay,14,215,3,11
spṛdh,14,198,3,10
kṣapay,14,166,4,10
sphuṭ,14,166,5,7
skhal,14,152,5,5
bhrāmay,14,141,7,7
syand,14,120,4,8
du,14,104,6,7
dabh,14,100,2,11
śīlay,14,96,5,6
dhmāpay,14,94,4,7
jijñās,14,90,3,12
svāday,14,88,3,9
marṣay,14,81,5,9
garhay,14,76,3,8
śocay,14,70,3,11
tarjay,14,68,6,6
hlāday,14,55,4,6
jihīrṣ,14,43,6,7
kṣepay,14,24,6,9
śleṣay,14,20,6,6
avāp,13,1574,1,13
śā,13,1165,5,7
upās,13,1140,1,13
prekṣ,13,576,1,13
pratī,13,423,1,13
khād,13,375,3,10
anviṣ,13,361,1,13
unnī,13,311,1,13
gopāy,13,272,2,10
jighāṃs,13,204,5,7
edh,13,201,2,9
pṛṇ,13,141,2,8
īh,13,141,2,7
phal,13,136,4,7
īr,13,118,5,7
mlā,13,115,6,8
nū,13,106,4,10
kuñc,13,103,6,6
sīv,13,103,5,7
uṣ,13,102,4,9
cetay,13,98,4,8
khaṇḍay,13,78,4,9
dhī,13,76,5,6
dāhay,13,74,4,10
añjay,13,71,4,8
lālay,13,71,5,6
tṛṣ,13,71,5,7
bhājay,13,54,3,9
kleśay,13,52,5,6
mruc,13,49,5,5
ran,13,48,4,10
stāray,13,39,4,7
lambay,13,26,7,7
dhūnay,13,18,5,6
uddhṛ,12,1056,1,12
udi,12,960,1,12
avekṣ,12,690,1,12
vīkṣ,12,497,1,12
prārthay,12,424,1,12
svid,12,397,7,6
mūrchay,12,369,4,8
parīkṣ,12,349,1,12
lag,12,291,7,5
rā,12,233,2,11
pratīkṣ,12,231,1,12
arjay,12,214,2,9
maṇḍay,12,195,3,9
klid,12,183,9,4
vañcay,12,181,2,11
bṛṃhay,12,122,4,7
yantray,12,110,6,5
ghūrṇ,12,100,6,4
lū,12,96,6,6
mand,12,90,3,10
cumb,12,77,5,7
gṛdh,12,70,6,7
dits,12,68,5,6
śvi,12,68,4,9
gopay,12,65,4,9
vījay,12,65,6,6
udghāṭay,12,63,1,12
mahay,12,62,2,11
bhīṣay,12,51,2,8
lāpay,12,41,6,7
noday,12,41,6,6
paṇ,12,39,2,9
kleday,12,32,5,6
varṣay,12,32,4,7
kṣāray,12,27,5,4
lopay,12,26,3,9
dhits,12,20,6,6
arh,11,2382,2,9
e,11,1409,1,11
adhī,11,887,1,11
samprāp,11,804,1,11
nyas,11,798,1,11
alaṃkṛ,11,677,1,11
parī,11,581,1,11
ṣkram,11,386,1,11
kṣan,11,373,7,5
udgā,11,283,1,11
dṛh,11,279,3,9
upekṣ,11,248,1,11
karśay,11,224,6,6
vāñch,11,217,5,6
mnā,11,198,3,7
preray,11,195,1,11
ṣu,11,159,1,11
prāpay,11,155,1,11
dis,11,146,1,11
ṇāmay,11,143,2,9
uccāray,11,139,1,11
pāvay,11,137,1,11
mṛgay,11,108,1,11
bhikṣ,11,104,2,10
kvāthay,11,98,5,6
so,11,92,3,10
sūday,11,88,2,10
svad,11,84,3,11
vāś,11,77,4,8
prach,11,68,3,6
mah,11,64,3,9
aj,11,61,4,7
vyathay,11,61,2,8
laṅgh,11,57,4,7
liṅg,11,54,3,9
hary,11,53,3,6
lolay,11,47,6,5
sraṃsay,11,43,3,6
īkṣay,11,41,4,7
cākaś,11,35,6,6
ṣū,11,35,4,7
vañc,11,34,5,7
tolay,11,32,3,8
bṛṃh,11,31,4,7
udyam,10,942,1,10
pre,10,818,1,10
prāś,10,583,1,10
upasaṃkram,10,476,1,10
īś,10,425,1,10
ucchri,10,360,1,10
īḍ,10,353,2,9
cchad,10,298,10,1
ākarṇay,10,236,1,10
udgrah,10,235,1,10
dīdī,10,200,2,9
udvah,10,189,1,10
abhyupe,10,183,1,10
secay,10,171,6,4
ṣṭambh,10,157,3,6
ṛṣ,10,156,4,5
liṅgay,10,154,3,6
laṣ,10,149,2,8
paryupās,10,149,1,10
adhyāpay,10,130,1,10
ṣah,10,120,2,9
rch,10,102,3,7
vivakṣ,10,94,2,8
glā,10,92,4,7
mudray,10,91,5,4
prīṇay,10,89,3,7
sādh,10,86,1,10
upasaṃhṛ,10,83,1,10
hvṛ,10,74,3,7
yamay,10,70,4,5
ri,10,69,4,6
katth,10,68,2,6
śabday,10,63,5,5
kan,10,62,3,8
ucchid,10,59,1,10
dhanv,10,56,2,6
ras,10,53,3,8
ḍhālay,10,50,4,5
gharṣay,10,49,6,4
asūy,10,43,2,9
lambhay,10,43,4,6
poṣay,10,38,3,8
skanday,10,37,4,6
lekhay,10,35,4,6
vecay,10,35,2,9
tyājay,10,30,3,7
dagh,10,25,5,7
sāyay,10,24,3,8
trap,10,23,3,6
tṛh,10,21,3,8
j,10,19,3,7
krīḍay,10,19,3,7
śas,10,19,2,8
atī,9,856,1,9
preṣay,9,476,1,9
prokṣ,9,461,1,9
puṭ,9,448,3,5
ści,9,410,1,9
mil,9,358,3,5
preṣ,9,304,1,9
śrapay,9,290,1,9
anvi,9,258,1,9
ujji,9,238,1,9
abhī,9,228,1,9
vyapoh,9,202,1,9
śikṣay,9,177,2,8
dīkṣay,9,162,1,9
prāṇ,9,156,1,9
māday,9,153,4,7
devay,9,136,2,7
adhyās,9,131,1,9
ave,9,130,2,8
udīkṣ,9,112,1,9
bubhūṣ,9,108,4,5
jyā,9,93,1,9
jugups,9,82,4,5
kṣud,9,80,3,5
pavay,9,77,4,6
dhyai,9,73,3,7
īps,9,72,3,7
rakṣay,9,69,3,7
ṣkrī,9,67,1,9
sapary,9,66,1,9
tulay,9,62,1,9
cheday,9,56,2,8
ujh,9,56,3,6
vrājay,9,52,2,8
snehay,9,51,4,6
anvavekṣ,9,50,1,9
nenij,9,48,3,4
pratyavekṣ,9,48,1,9
anvās,9,47,1,9
titikṣ,9,47,2,7
tvaray,9,43,3,7
khānay,9,42,2,6
rad,9,39,2,8
nāhay,9,38,3,6
sphūrj,9,38,4,5
cud,9,37,3,6
ṣṭan,9,33,4,4
am,9,28,3,7
pāṭhay,9,27,2,8
sabhājay,9,27,1,9
samucchid,9,26,1,9
svan,9,26,5,5
jvar,9,23,2,6
s,9,23,2,7
ṇāśay,9,18,3,8
vīj,9,16,4,7
kśā,9,14,8,5
ścotay,9,14,4,5
marśay,9,13,5,4
kartay,9,12,6,5
uddiś,8,557,1,8
samuddhṛ,8,447,1,8
lubh,8,335,4,6
vaś,8,302,1,8
dāś,8,290,1,8
jinv,8,289,2,7
vedhay,8,261,3,6
uddhan,8,253,1,8
apekṣ,8,238,1,8
pare,8,201,1,8
daṇḍay,8,176,1,8
udgam,8,172,1,8
abhisaṃbudh,8,148,1,8
las,8,147,3,4
udīr,8,142,1,8
ucchiṣ,8,140,1,8
k￞,8,133,1,8
paryavāp,8,131,1,8
śuśrūṣ,8,110,1,8
pratyudyā,8,105,1,8
sphāray,8,105,2,7
saṃnyas,8,102,1,8
kuñcay,8,100,6,3
tirodhā,8,96,1,8
vājay,8,96,2,6
abhivīkṣ,8,90,1,8
samavāp,8,89,1,8
piṇḍay,8,83,4,5
āvirbhū,8,80,1,8
upārjay,8,79,1,8
vratay,8,79,2,7
bhaṇ,8,73,1,8
bhiṣajy,8,70,1,8
paryaṭ,8,64,1,8
mīmāṃs,8,62,2,7
kuṭṭay,8,60,4,5
apān,8,59,1,8
ṣkāsay,8,58,1,8
lakṣ,8,52,4,5
rāgay,8,51,2,5
jaray,8,49,1,8
randhay,8,45,1,8
anvave,8,43,1,8
abhyuddhṛ,8,42,1,8
bhraṃśay,8,42,4,6
carcay,8,41,2,5
nij,8,41,3,6
svaj,8,40,2,7
unmūlay,8,40,1,8
ḍambay,8,40,1,8
añc,8,38,3,5
snapay,8,38,2,7
tañc,8,36,4,4
śāyay,8,36,3,6
yāvay,8,33,2,7
heṣ,8,30,3,5
jaṅghan,8,30,4,5
ṣyand,8,30,4,5
hiṇḍ,8,29,5,4
anusaṃdhā,8,28,1,8
bhāṣay,8,27,4,4
cūṣ,8,26,3,5
dardar,8,23,2,7
hve,8,23,5,4
mṛdh,8,23,2,7
snu,8,23,4,3
ven,8,22,3,6
ubj,8,21,3,5
jvalay,8,20,2,6
kaṣ,8,18,4,6
pratisaṃdhā,8,17,1,8
titīrṣ,8,17,4,3
dī,8,16,2,6
hiṃsay,8,15,2,6
taṃsay,8,12,4,6
sañjay,8,11,4,6
hāsay,8,10,6,4
manthay,8,10,5,5
lok,8,8,3,5
same,7,641,1,7
dam,7,342,1,7
udīray,7,301,1,7
abhye,7,292,1,7
ape,7,272,1,7
vidh,7,209,1,7
udvāsay,7,188,1,7
paryāp,7,184,1,7
apī,7,178,1,7
namasy,7,161,1,7
carv,7,160,4,4
daṃśay,7,145,1,7
apās,7,144,1,7
snih,7,141,3,5
lajj,7,126,3,4
apoh,7,124,1,7
locay,7,121,3,5
jakṣ,7,118,3,5
melay,7,113,3,5
ṣpat,7,108,1,7
p￞,7,99,2,6
kas,7,95,4,4
bhṛjj,7,94,2,6
paryas,7,92,1,7
kam,7,84,3,5
ude,7,83,1,7
ñj,7,83,2,6
abhyave,7,82,1,7
kutsay,7,78,3,5
unmṛj,7,75,1,7
abhisaṃdhā,7,74,1,7
ghas,7,73,1,7
vivās,7,73,2,5
johav,7,72,2,6
lehay,7,69,3,4
guṇṭhay,7,68,3,3
unmuc,7,65,1,7
ṣā,7,64,3,5
nakṣ,7,62,2,6
svaday,7,60,1,7
upāp,7,55,1,7
ṣpāday,7,52,1,7
saṃpreṣay,7,50,1,7
yas,7,48,5,5
anusaṃcar,7,47,1,7
parīṣ,7,46,1,7
radh,7,45,1,7
ṣkṛṣ,7,42,1,7
unmajj,7,41,1,7
chanday,7,40,2,6
ṣedhay,7,40,2,4
kaṇḍūy,7,37,1,7
roṣay,7,36,3,5
udvartay,7,35,1,7
tambh,7,34,2,5
dhi,7,33,2,5
īṣ,7,33,3,5
mṛṇ,7,30,2,6
drā,7,29,3,5
svāpay,7,29,2,6
gaveṣay,7,23,1,7
parinirvāpay,7,23,1,7
marjay,7,22,2,6
nyubj,7,21,1,7
vyac,7,21,2,6
śnath,7,21,1,7
ṣāday,7,21,2,4
samupās,7,20,1,7
śrath,7,20,2,6
pratisaṃhṛ,7,19,1,7
raṭ,7,19,2,5
sisṛkṣ,7,18,4,5
yācay,7,18,2,6
barhay,7,16,2,5
bhaṣ,7,16,3,5
rūkṣay,7,14,2,5
sajjay,7,14,2,6
āyay,7,14,2,6
ṣkrāmay,7,14,1,7
anveṣay,7,13,1,7
bādhay,7,12,3,6
gāpay,7,12,3,4
gūhay,7,12,4,4
syanday,7,12,3,4
ṣyanday,7,12,4,3
kṛś,7,11,3,5
pru,7,11,4,5
pruth,7,11,3,5
rambhay,7,11,5,3
yāmay,7,10,3,5
kuṭ,7,9,5,3
ṣkand,7,8,3,5
unnam,6,333,1,6
mahīy,6,300,1,6
abhipre,6,186,1,6
ślāgh,6,186,1,6
aṅkay,6,183,1,6
pinv,6,182,1,6
guṇay,6,160,3,4
mṛḍ,6,131,1,6
abhyudi,6,121,1,6
vinirdiś,6,118,1,6
ṣpad,6,115,1,6
dās,6,99,2,5
ullikh,6,96,1,6
prāśay,6,95,1,6
uccar,6,95,1,6
prās,6,94,1,6
jū,6,88,1,6
ej,6,85,1,6
vinirgam,6,76,1,6
samupe,6,73,1,6
pratyudgam,6,72,1,6
anvīkṣ,6,71,1,6
pratye,6,71,1,6
mṛḍay,6,67,1,6
pratīṣ,6,67,1,6
spṛhay,6,66,1,6
lul,6,65,6,1
udvap,6,64,1,6
dohay,6,62,2,5
vāmay,6,61,1,6
prā,6,60,2,5
abhiniṣkram,6,59,1,6
kath,6,57,1,6
samuttejay,6,57,1,6
samavekṣ,6,56,1,6
stubh,6,56,2,5
ṣpīḍay,6,56,1,6
āviṣkṛ,6,55,1,6
ścar,6,55,1,6
iṣay,6,54,1,6
uc,6,53,3,4
vṛṣāy,6,52,2,5
cihnay,6,50,4,3
dhūrv,6,50,1,6
proh,6,50,1,6
udbhid,6,49,1,6
viparyas,6,49,1,6
samudīray,6,48,1,6
upasaṃpad,6,48,1,6
siṣās,6,46,2,5
sthagay,6,46,1,6
viniṣkram,6,45,1,6
ṛj,6,44,1,6
purodhā,6,43,1,6
ṣūday,6,43,4,4
t￞,6,41,1,6
ghṛ,6,38,3,3
piś,6,37,2,5
duvasy,6,36,1,6
tuj,6,36,2,5
unnamay,6,36,1,6
abhinirvartay,6,35,1,6
arhay,6,35,2,5
nartay,6,35,3,4
sukhay,6,34,2,6
udūh,6,33,1,6
mārgay,6,31,1,6
marmṛj,6,30,2,5
prativyūh,6,30,1,6
ullaṅghay,6,30,1,6
kṣu,6,28,3,4
luṭh,6,28,3,5
bhas,6,27,2,5
caṅkram,6,27,2,5
kheday,6,27,2,5
ribh,6,27,2,5
udañc,6,27,1,6
uddru,6,27,1,6
bhramay,6,26,3,4
ṇū,6,26,2,5
ghrāpay,6,25,4,4
varvṛt,6,25,2,4
citay,6,24,1,6
pratyudi,6,24,1,6
vyave,6,24,1,6
yopay,6,24,2,5
abhiniryā,6,23,1,6
cchā,6,23,3,3
sap,6,23,1,6
udās,6,21,1,6
ṇah,6,20,2,4
ṣkambh,6,20,2,5
ṣkṛ,6,20,1,6
coray,6,19,1,6
samudvah,6,19,1,6
śaṃsay,6,18,2,6
bībhats,6,17,2,5
eṣay,6,17,2,5
hrāsay,6,17,4,4
kṣap,6,17,2,5
rundhay,6,17,2,4
ṣīv,6,17,4,3
jāgaray,6,16,1,6
kṣamay,6,16,1,6
upāv,6,16,1,6
śabdāpay,6,16,1,6
jigamiṣ,6,15,3,3
sphālay,6,15,3,4
tānay,6,15,4,4
anvas,6,14,1,6
kranday,6,14,2,5
kṛp,6,14,1,6
luñc,6,14,3,5
si,6,14,2,5
veṣay,6,14,2,5
vāvad,6,14,3,4
yāsay,6,14,3,4
abhyavekṣ,6,13,1,6
atisaṃdhā,6,13,1,6
dhukṣ,6,13,2,5
didhiṣ,6,13,1,6
manth,6,13,2,5
jūrv,6,12,3,4
bobhav,6,11,3,4
karṇay,6,11,3,4
udan,6,11,1,6
udvāhay,6,11,1,6
udyojay,6,11,1,6
ṛd,6,11,3,4
sūtray,6,10,3,4
śrathay,6,10,2,5
dediś,6,9,3,4
pan,6,9,2,6
unmīlay,6,9,1,6
śrāmay,6,9,2,5
koṭay,6,8,2,5
ruruts,6,8,3,4
rāmay,6,8,2,5
sāhay,6,8,1,6
smaray,6,6,3,5
ah,5,9590,5,1
anuprāp,5,372,1,5
vinyas,5,300,1,5
udvij,5,270,1,5
udbhū,5,236,1,5
vyatī,5,143,1,5
samudbhū,5,135,1,5
samave,5,127,1,5
miṣ,5,111,2,3
śrambh,5,110,2,4
dṛp,5,107,2,4
ruṣ,5,103,2,4
upasaṃgrah,5,92,1,5
āśay,5,88,1,5
abhivyañj,5,82,1,5
vyape,5,82,1,5
ṣpiṣ,5,82,1,5
ṣṭap,5,81,1,5
paryūh,5,75,1,5
avokṣ,5,73,1,5
ñc,5,71,1,5
adhyūh,5,70,1,5
unmath,5,69,1,5
prāduṣkṛ,5,65,1,5
pṛtany,5,65,1,5
val,5,64,4,2
ucchvas,5,63,1,5
ṇad,5,60,2,4
unmīl,5,59,1,5
udgṛ,5,57,1,5
upasaṃdhā,5,56,1,5
bharjay,5,53,2,4
lelih,5,52,4,2
uruṣy,5,51,1,5
dhāmay,5,47,2,4
vakṣ,5,47,3,3
dal,5,46,3,3
parisaṃkhyā,5,46,1,5
ścāray,5,46,1,5
nonāv,5,43,2,5
anunirvap,5,42,1,5
jijiñās,5,41,1,5
rej,5,40,1,5
yuyuts,5,39,2,3
day,5,38,1,5
antarbhū,5,36,1,5
nānad,5,36,2,4
prokṣay,5,36,1,5
añcay,5,34,3,3
dhvan,5,34,2,4
upapre,5,32,1,5
raṇ,5,30,1,5
abhyasūy,5,29,1,5
anusaṃtan,5,29,1,5
damay,5,29,1,5
hīḍ,5,29,1,5
nyūṅkhay,5,29,1,5
truṭ,5,29,2,4
hrī,5,28,1,5
parye,5,28,1,5
mith,5,27,3,3
preps,5,26,1,5
abhyunnī,5,25,1,5
utprekṣ,5,24,1,5
viniṣpat,5,23,1,5
chand,5,22,1,5
dhukṣay,5,22,2,4
carkar,5,21,1,5
ninīṣ,5,21,3,3
samupekṣ,5,21,1,5
śāpay,5,21,2,4
abhisaṃśri,5,20,1,5
anupre,5,20,1,5
joṣay,5,20,1,5
veviṣ,5,20,2,4
vyudas,5,20,1,5
anuvīkṣ,5,19,1,5
anve,5,19,1,5
abhinirdiś,5,18,1,5
tejay,5,18,3,3
uccal,5,18,1,5
pravāh,5,17,1,5
samunnī,5,17,1,5
unmāday,5,17,1,5
iṅgay,5,16,3,3
sevay,5,16,4,2
tur,5,16,1,5
choray,5,15,2,4
maday,5,15,1,5
pruṣ,5,15,2,4
samanviṣ,5,15,1,5
uccāṭay,5,15,1,5
uddīp,5,15,1,5
ṣpalāy,5,15,1,5
calay,5,14,3,4
tirobhū,5,14,1,5
vyaṃsay,5,14,1,5
abhisaṃgam,5,13,1,5
abhisaṃpāday,5,13,1,5
anūde,5,13,1,5
avekṣay,5,13,1,5
karikṛ,5,13,3,4
raṇay,5,13,1,5
stabhāy,5,13,1,5
sūrkṣ,5,13,1,5
dhvṛ,5,12,1,5
kṣā,5,12,4,3
sridh,5,12,1,5
āsay,5,12,2,5
ūhay,5,12,4,2
bharts,5,11,3,3
edhay,5,11,2,5
kṝ,5,11,3,3
pūy,5,11,2,4
rap,5,11,1,5
grāsay,5,10,1,5
jas,5,10,2,5
jigāṃs,5,10,3,3
luṇṭh,5,10,3,3
mumukṣ,5,10,2,4
yoyu,5,10,1,5
ḍhauk,5,10,1,5
tarṣay,5,9,4,2
tsar,5,9,2,4
ukṣay,5,9,4,3
vedh,5,9,3,3
vāśay,5,9,2,4
dambhay,5,8,2,5
sampratīkṣ,5,8,1,5
śāsay,5,8,3,3
ḍhaukay,5,8,3,3
ṣkṛt,5,8,1,5
kūlay,5,7,3,3
kṛpay,5,7,1,5
psā,5,7,2,5
ghaṭṭ,5,6,4,4
hrāday,5,6,4,2
manāy,5,6,2,3
ujjīvay,5,6,1,5
vejay,5,6,2,5
akṣ,5,5,2,5
chad,4,368,4,1
unmad,4,278,1,4
samudyam,4,125,1,4
samuddiś,4,116,1,4
unmā,4,109,1,4
abhīps,4,106,1,4
lal,4,102,2,3
samudi,4,101,1,4
kṣudh,4,100,2,3
kvath,4,99,3,2
abhiprekṣ,4,89,1,4
andhay,4,81,1,4
parīps,4,71,1,4
bahiṣkṛ,4,65,1,4
stanay,4,65,1,4
kanikrad,4,61,2,3
paryukṣ,4,61,1,4
avān,4,60,1,4
aṭ,4,60,1,4
udvṛt,4,58,1,4
ṇij,4,57,2,3
udbhram,4,56,1,4
prāv,4,54,1,4
nāth,4,53,2,3
upāś,4,53,1,4
rih,4,50,3,2
rah,4,49,2,2
ullas,4,46,1,4
charday,4,44,1,4
prakaṭay,4,44,1,4
samudīkṣ,4,44,1,4
upasaṃgam,4,41,1,4
viniryā,4,41,1,4
vyatyas,4,41,1,4
upanyas,4,40,1,4
parinirvā,4,39,1,4
udvejay,4,39,1,4
hval,4,38,2,3
inv,4,38,1,4
udvīkṣ,4,38,1,4
srambh,4,37,2,3
nyañc,4,35,1,4
didṛkṣ,4,34,1,4
upasame,4,34,1,4
daśasy,4,33,1,4
udvam,4,32,1,4
cāmay,4,31,1,4
dips,4,31,1,4
abhinirmā,4,30,1,4
samuccāray,4,30,1,4
kvaṇ,4,29,2,3
anuparī,4,28,1,4
jambhay,4,28,1,4
jājval,4,28,1,4
abhīndh,4,27,1,4
dhūmāy,4,27,2,3
iyakṣ,4,27,1,4
jāpay,4,27,2,3
adhīṣ,4,26,1,4
kocay,4,26,1,4
mikṣ,4,26,2,3
mūtray,4,26,1,4
uddīpay,4,24,1,4
vepay,4,24,2,3
dhamay,4,23,2,3
pluṣ,4,23,3,2
sas,4,23,1,4
anuprāṇ,4,22,1,4
paryave,4,22,1,4
ṣṭambhay,4,22,1,4
abhiprāṇ,4,21,1,4
śyā,4,21,2,3
cakās,4,20,1,4
ceṣṭay,4,20,2,3
protsāhay,4,20,1,4
skambh,4,20,1,4
stan,4,20,1,4
aśanāy,4,19,1,4
kṣamāpay,4,19,1,4
śad,4,19,1,4
prer,4,18,1,4
udbhṛ,4,18,1,4
vīray,4,18,2,3
ścut,4,18,4,3
adhyas,4,17,1,4
davidyut,4,17,1,4
nyañj,4,17,1,4
tviṣ,4,17,2,4
udyā,4,17,1,4
upaparīkṣ,4,17,1,4
vipare,4,17,1,4
abhinirhṛ,4,16,1,4
chalay,4,16,1,4
samucci,4,16,1,4
spṛs,4,16,1,4
vinirdah,4,16,1,4
anvabhyave,4,15,1,4
dhe,4,15,1,4
heṭhay,4,15,1,4
tūrv,4,15,2,3
upapreṣ,4,15,1,4
yiyās,4,15,2,3
anulomay,4,14,1,4
cātay,4,14,1,4
irajy,4,14,1,4
lelāy,4,14,1,4
palyay,4,14,2,3
riṣaṇy,4,14,1,4
skabhāy,4,14,1,4
udvā,4,14,1,4
upasaṃnah,4,14,1,4
sagh,4,13,1,4
sūd,4,13,1,4
udaj,4,13,1,4
unnāmay,4,13,1,4
vell,4,13,3,2
śiñj,4,13,2,3
ṣṭubh,4,13,2,4
atyaś,4,12,1,4
dṛṃhay,4,12,1,4
galbh,4,12,2,3
rājay,4,12,2,4
spaṣṭay,4,12,1,4
viprekṣ,4,12,1,4
īṅkhay,4,12,1,4
jarbhur,4,11,3,2
krodhay,4,11,1,4
med,4,11,2,3
muṣāy,4,11,1,4
nas,4,11,2,3
raṃh,4,11,1,4
abhisame,4,10,1,4
abhisaṃyuj,4,10,1,4
jijīviṣ,4,10,2,3
kadarthay,4,10,1,4
khanay,4,10,1,4
kuṇṭhay,4,10,2,4
kās,4,10,1,4
rasay,4,10,1,4
smāpay,4,10,1,4
upasaṃpāday,4,10,1,4
upeps,4,10,1,4
ṇamay,4,10,2,4
apombh,4,9,1,4
chaday,4,9,1,4
dalay,4,9,1,4
paryṛṣ,4,9,1,4
rāpay,4,9,1,4
vivikṣ,4,9,2,3
āday,4,9,1,4
atipāvay,4,8,1,4
dakṣ,4,8,1,4
hāvay,4,8,1,4
kṣoday,4,8,2,3
manasy,4,8,2,4
marmṛś,4,8,2,3
nannam,4,8,1,4
paryās,4,8,1,4
pratisaṃveday,4,8,1,4
samprārthay,4,8,1,4
sukhāy,4,8,1,4
tak,4,8,2,3
tambhay,4,8,1,4
tij,4,8,2,4
vanday,4,8,2,3
abhyudīkṣ,4,7,1,4
apodi,4,7,1,4
dhvanay,4,7,2,4
dṛbh,4,7,4,1
haviṣkṛ,4,7,1,4
jighats,4,7,1,4
kuṣ,4,7,3,2
kṣad,4,7,1,4
parisaṃsthāpay,4,7,1,4
praśnay,4,7,2,3
uduṣ,4,7,1,4
vevid,4,7,2,3
adhyeṣay,4,6,1,4
anusaṃsthā,4,6,1,4
anusaṃyā,4,6,1,4
atyas,4,6,1,4
kṛntay,4,6,3,3
kṣveḍay,4,6,2,4
priyāy,4,6,2,3
ubh,4,6,2,3
cchanday,4,5,3,4
didās,4,5,1,4
dolay,4,5,2,3
ghāṭay,4,5,3,3
glāpay,4,5,2,3
kū,4,5,2,3
kṣāpay,4,5,3,3
lajjay,4,5,2,3
upāj,4,5,1,4
anusaṃvraj,4,4,1,4
indhay,4,4,2,3
krūḍay,4,4,1,4
prapañcay,4,4,1,4
samunmūlay,4,4,1,4
vyavekṣ,4,4,1,4
saṃpreṣ,3,336,1,3
samprekṣ,3,203,1,3
ī,3,193,2,2
uddhū,3,145,1,3
darpay,3,119,2,2
upaniṣkram,3,113,1,3
klam,3,92,2,2
ūrjay,3,90,1,3
abhīṣ,3,82,1,3
samabhyarcay,3,82,1,3
udyuj,3,80,1,3
udric,3,70,1,3
śośuc,3,68,1,3
abhinirvṛt,3,64,1,3
dvaṃdvay,3,54,1,3
vinirbhid,3,54,1,3
vinirji,3,54,1,3
samabhye,3,53,1,3
tapasy,3,53,1,3
cchṛd,3,51,1,3
prāviṣkṛ,3,49,1,3
samatī,3,49,1,3
arātīy,3,42,1,3
samabhyas,3,40,1,3
yavay,3,39,1,3
patay,3,35,1,3
roro,3,35,1,3
spṛh,3,35,2,3
jighṛkṣay,3,34,1,3
unmiṣ,3,34,1,3
eray,3,31,1,3
gṛbhāy,3,29,2,2
samunnam,3,29,1,3
hras,3,28,1,3
paty,3,28,1,3
prasaṃkhyā,3,27,1,3
utkaṇṭh,3,27,1,3
āmay,3,27,1,3
unnad,3,25,1,3
pratiparī,3,24,1,3
śṛdh,3,23,1,3
abhiparī,3,22,1,3
samuttāray,3,22,1,3
vīḍay,3,22,1,3
styai,3,20,2,2
uddyotay,3,20,1,3
udgranth,3,20,1,3
ujjval,3,20,1,3
aghāy,3,19,2,2
mukharay,3,19,1,3
ṣkas,3,19,1,3
glapay,3,18,1,3
pallavay,3,18,1,3
pipās,3,18,1,3
preṅkh,3,18,1,3
vanuṣy,3,18,1,3
anupreṣay,3,17,1,3
dhan,3,17,2,3
kṣviḍ,3,17,1,3
samuccar,3,17,1,3
samudvij,3,17,1,3
abhyatī,3,16,1,3
samprakās,3,16,1,3
unnah,3,16,1,3
upoh,3,16,1,3
chṛd,3,15,1,3
khāday,3,15,1,3
rerih,3,15,2,3
atyṛj,3,14,1,3
ilay,3,14,1,3
samunmṛj,3,14,1,3
udbandh,3,14,1,3
vinirdhū,3,14,1,3
abhyucchri,3,13,1,3
antargā,3,13,1,3
badbadh,3,13,2,2
guñj,3,13,1,3
myakṣ,3,13,1,3
projh,3,13,1,3
stakṣ,3,13,1,3
tuś,3,13,2,2
ujjhā,3,13,1,3
abhiniṣpad,3,12,1,3
apyas,3,12,1,3
camay,3,12,1,3
ccho,3,12,1,3
dakṣay,3,12,1,3
dodhu,3,12,2,2
marcay,3,12,1,3
ṣac,3,12,1,3
abhisaṃci,3,11,1,3
inakṣ,3,11,1,3
jihās,3,11,1,3
kīlay,3,11,2,3
pratyudyam,3,11,1,3
samullas,3,11,1,3
upanirhṛ,3,11,1,3
upoṣ,3,11,1,3
vinirvṛt,3,11,1,3
yup,3,11,1,3
śamāy,3,11,1,3
anūdi,3,10,1,3
anūjji,3,10,1,3
at,3,10,2,2
citrīy,3,10,2,3
dālay,3,10,2,3
kṣṇu,3,10,2,2
nyāsay,3,10,1,3
turaṇy,3,10,1,3
vrādh,3,10,1,3
ṣpā,3,10,1,3
andhray,3,9,1,3
antardhāpay,3,9,1,3
draḍhay,3,9,1,3
eṣ,3,9,1,3
glah,3,9,1,3
panay,3,9,1,3
pratisaṃmoday,3,9,1,3
pruṣāy,3,9,2,3
prāj,3,9,1,3
roday,3,9,1,3
tartar,3,9,2,2
ucchvāsay,3,9,1,3
uddharṣay,3,9,1,3
upaghrāpay,3,9,1,3
vyavān,3,9,1,3
śim,3,9,1,3
ṣpū,3,9,1,3
abhisaṃjñā,3,8,1,3
apaplāvay,3,8,1,3
carkṛṣ,3,8,1,3
citray,3,8,2,2
cyut,3,8,1,3
durasy,3,8,1,3
gāhay,3,8,1,3
pravī,3,8,1,3
pī,3,8,2,2
sampre,3,8,1,3
sarsṛ,3,8,2,2
uddhā,3,8,1,3
uddhāray,3,8,1,3
valay,3,8,1,3
vanīvāh,3,8,1,3
vyuccar,3,8,1,3
vīṣ,3,8,1,3
anūcchri,3,7,1,3
apacikramiṣ,3,7,1,3
bharibhṛ,3,7,2,2
bibhits,3,7,1,3
chā,3,7,1,3
iṣaṇy,3,7,1,3
jañjabh,3,7,2,2
kāsay,3,7,3,3
liś,3,7,1,3
manday,3,7,1,3
mandāy,3,7,1,3
ned,3,7,2,2
nenīy,3,7,2,2
nikṣ,3,7,3,3
niṃs,3,7,1,3
nyṛṣ,3,7,1,3
prārc,3,7,1,3
riñc,3,7,1,3
rurukṣ,3,7,1,3
ucchoṣay,3,7,1,3
udāp,3,7,1,3
upasaṃtan,3,7,1,3
viniścar,3,7,1,3
abhiprokṣ,3,6,1,3
abhiprāp,3,6,1,3
abhisaṃkram,3,6,1,3
abhyutpūray,3,6,1,3
anusaṃsmṛ,3,6,1,3
bharay,3,6,2,2
jyotay,3,6,2,3
lāsay,3,6,2,2
mlāpay,3,6,2,3
naṭ,3,6,1,3
nejay,3,6,1,3
ninday,3,6,1,3
pavitray,3,6,1,3
pratisaṃgrah,3,6,1,3
rahay,3,6,2,3
rup,3,6,1,3
samullikh,3,6,1,3
sedhay,3,6,1,3
sphūrjay,3,6,2,2
tamay,3,6,1,3
udīṣ,3,6,1,3
unmocay,3,6,1,3
upapare,3,6,1,3
upasaṃsṛj,3,6,1,3
vaśay,3,6,1,3
vyucchid,3,6,1,3
yoyup,3,6,1,3
ārdray,3,6,1,3
śruṣ,3,6,1,3
śulkay,3,6,1,3
ṛtīy,3,6,1,3
abhyapān,3,5,1,3
anuprekṣ,3,5,1,3
avadhīray,3,5,1,3
bhiṣaj,3,5,1,3
bubhuts,3,5,1,3
cakṣay,3,5,2,3
caraṇy,3,5,2,2
cikīṣ,3,5,2,2
dhīps,3,5,1,3
gaveṣ,3,5,2,2
hvāyay,3,5,2,2
iñjay,3,5,1,3
kal,3,5,3,3
kṛpāy,3,5,2,3
mathāy,3,5,1,3
mīv,3,5,2,3
nirakṣ,3,5,1,3
prekṣay,3,5,1,3
rapś,3,5,1,3
rejay,3,5,1,3
sampratī,3,5,1,3
spāśay,3,5,1,3
surabhay,3,5,1,3
tirobhāvay,3,5,1,3
trikoṭay,3,5,1,3
tu,3,5,1,3
uddhvaṃs,3,5,1,3
udgāh,3,5,1,3
udvad,3,5,1,3
udve,3,5,1,3
udveṣṭ,3,5,1,3
upode,3,5,1,3
vighnay,3,5,1,3
vātay,3,5,2,3
āvirbhāvay,3,5,1,3
īrṣy,3,5,2,2
ś,3,5,1,3
śubhay,3,5,1,3
abhinirgam,3,4,1,3
anukūlay,3,4,1,3
barbṛh,3,4,2,2
dehay,3,4,2,3
dhanay,3,4,1,3
dhav,3,4,2,3
dhūlay,3,4,2,2
dudhūrṣ,3,4,1,3
hlād,3,4,2,2
irasy,3,4,1,3
jabh,3,4,1,3
jalpay,3,4,1,3
kelāy,3,4,1,3
lālap,3,4,2,2
mamāy,3,4,1,3
nidrāy,3,4,1,3
preṅkhay,3,4,1,3
proccāray,3,4,1,3
proddhṛ,3,4,1,3
protay,3,4,2,3
samabhyave,3,4,1,3
samadhī,3,4,1,3
samucchvas,3,4,1,3
samudgrah,3,4,1,3
samunmajj,3,4,1,3
skhalay,3,4,1,3
spanday,3,4,1,3
sphuṭay,3,4,1,3
sīkṣ,3,4,1,3
tantray,3,4,1,3
unmṛś,3,4,1,3
upasaṃśri,3,4,1,3
uḍḍīy,3,4,1,3
vat,3,4,1,3
vinirhan,3,4,1,3
visaṃvad,3,4,1,3
yakṣ,3,4,2,3
ārogyay,3,4,1,3
śnathay,3,4,1,3
śrambhay,3,4,2,2
śravay,3,4,1,3
ṣevay,3,4,1,3
abhinirvap,3,3,1,3
abhiniṣpat,3,3,1,3
abhyuddru,3,3,1,3
abhyutkramay,3,3,1,3
anusaṃkram,3,3,1,3
apāj,3,3,1,3
bhur,3,3,1,3
ccheday,3,3,2,3
damāy,3,3,1,3
gandhay,3,3,2,2
ganīgam,3,3,2,2
garjay,3,3,1,3
gātuy,3,3,1,3
hūrch,3,3,3,2
jighṛkṣ,3,3,2,2
juhūṣ,3,3,2,2
larday,3,3,1,3
narday,3,3,2,2
nāṭay,3,3,1,3
palyaṅy,3,3,1,3
parikarmay,3,3,1,3
paryudas,3,3,1,3
pipatiṣ,3,3,1,3
pratimīv,3,3,1,3
pratisaṃdiś,3,3,1,3
pratyudīkṣ,3,3,1,3
pratyupe,3,3,1,3
raṃhay,3,3,1,3
reṣay,3,3,1,3
riś,3,3,2,3
rāraj,3,3,2,2
rāvay,3,3,2,3
samparī,3,3,1,3
samunmīl,3,3,1,3
srevay,3,3,1,3
subh,3,3,1,3
takṣay,3,3,2,3
taray,3,3,3,3
udgrāhay,3,3,1,3
udvraj,3,3,1,3
unmanāy,3,3,1,3
unmṛd,3,3,1,3
upodgrah,3,3,1,3
upāvekṣ,3,3,1,3
vivats,3,3,2,2
yuyukṣ,3,3,3,1
śriṣ,3,3,2,2
śyetīkṛ,3,3,1,3
ḍamb,3,3,1,3
vinirmuc,2,229,1,2
viniści,2,92,1,2
vrīḍ,2,84,1,2
samanuprāp,2,79,1,2
bubhukṣ,2,73,1,2
abhisaṃvṛ,2,71,1,2
samucchri,2,66,1,2
kalkay,2,62,1,2
abhisaṃtap,2,55,1,2
jvaray,2,49,1,2
tandray,2,45,1,2
nabh,2,42,2,1
samprokṣ,2,38,1,2
abhisaṃviś,2,36,1,2
didhakṣ,2,35,1,2
pṛtanāy,2,33,1,2
samudgam,2,28,1,2
samuddhū,2,27,1,2
ṛtāy,2,27,1,2
mumūrṣ,2,26,1,2
saṃprokṣay,2,25,1,2
cañc,2,23,1,2
dhavalay,2,23,1,2
lālapy,2,23,1,2
uḍḍī,2,23,1,2
ṣkvāthay,2,23,1,2
dolāy,2,22,1,2
śatrūy,2,22,1,2
anvañj,2,21,1,2
cekit,2,21,1,2
dhyāyay,2,21,1,2
rpay,2,21,1,2
parīkṣay,2,20,1,2
pratibimb,2,20,1,2
udghuṣ,2,20,1,2
parisaṃvah,2,19,1,2
prativīkṣ,2,19,1,2
anusaṃsṛp,2,18,1,2
lohitāy,2,18,1,2
rorūy,2,18,1,2
anusamprāp,2,17,1,2
bhasmay,2,17,1,2
saṃnirmā,2,17,1,2
vi,2,17,1,2
al,2,16,1,2
jarhṛṣ,2,16,1,2
ullāsay,2,16,1,2
upāñj,2,16,1,2
viniṣpiṣ,2,16,1,2
dodhūy,2,15,1,2
iṅg,2,15,1,2
iṣudhy,2,15,1,2
pratisaṃsṛj,2,13,1,2
āvay,2,13,1,2
śravasy,2,13,1,2
anūnnī,2,12,1,2
cirāy,2,12,1,2
pulakay,2,12,1,2
ucci,2,12,1,2
ullup,2,12,1,2
viparī,2,12,1,2
anūddru,2,11,1,2
cat,2,11,1,2
dedīpy,2,11,1,2
j￞,2,11,1,2
pravinyas,2,11,1,2
stud,2,11,1,2
udvepay,2,11,1,2
vamay,2,11,1,2
varey,2,11,1,2
vivits,2,11,1,2
śithilay,2,11,1,2
abhisaṃrabh,2,10,1,2
kaṇḍay,2,10,1,2
prādhī,2,10,1,2
samutkruś,2,10,1,2
tarj,2,10,2,2
upasaṃprāp,2,10,1,2
upātī,2,10,1,2
śabdāy,2,10,1,2
ṇed,2,10,1,2
abhinirji,2,9,1,2
adhvarīy,2,9,1,2
bhuraṇy,2,9,1,2
cañcūry,2,9,1,2
endh,2,9,1,2
nigaḍay,2,9,1,2
uñch,2,9,1,2
vinirhṛ,2,9,1,2
abhyude,2,8,1,2
avās,2,8,1,2
cimicimāy,2,8,1,2
dhraj,2,8,1,2
luj,2,8,2,1
mithyākṛ,2,8,1,2
muṇḍay,2,8,1,2
pratisaṃrabh,2,8,1,2
prārpay,2,8,1,2
prāyaścittīy,2,8,1,2
samutkliś,2,8,1,2
udbhās,2,8,1,2
udvyadh,2,8,1,2
utsarj,2,8,1,2
varivasy,2,8,1,2
vālay,2,8,1,2
vṛṣaṇy,2,8,1,2
ṇenij,2,8,2,1
ṛghāy,2,8,1,2
abhisaṃvas,2,7,1,2
abhivyāp,2,7,1,2
aperay,2,7,1,2
apyṛj,2,7,1,2
bruḍ,2,7,1,2
khel,2,7,1,2
mūtr,2,7,1,2
nidrā,2,7,1,2
paryavekṣ,2,7,1,2
pratisaṃlī,2,7,1,2
pratisaṃmud,2,7,1,2
pyai,2,7,1,2
taṃs,2,7,2,2
tustūrṣ,2,7,1,2
upaprekṣ,2,7,1,2
upokṣ,2,7,1,2
vyuddhṛ,2,7,1,2
śramay,2,7,1,2
ṣkhid,2,7,1,2
abhisamprāp,2,6,1,2
abhisaṃtan,2,6,1,2
anuvī,2,6,1,2
anūpe,2,6,1,2
dāsay,2,6,1,2
jeh,2,6,2,1
kavalay,2,6,1,2
kaṇṭhay,2,6,1,2
kumbhay,2,6,1,2
malinay,2,6,1,2
mreḍay,2,6,1,2
pariniści,2,6,1,2
paryam,2,6,1,2
pratyave,2,6,1,2
retay,2,6,1,2
samabhī,2,6,1,2
siñcay,2,6,1,2
tetij,2,6,1,2
udveṣṭay,2,6,1,2
ullih,2,6,1,2
unmiśray,2,6,1,2
upāve,2,6,1,2
ār,2,6,1,2
ṛjūy,2,6,1,2
abhisaṃbhṛ,2,5,1,2
abhisaṃgrah,2,5,1,2
adhyupekṣ,2,5,1,2
anuprāpay,2,5,1,2
anūtsṛj,2,5,1,2
araṇy,2,5,1,2
bhand,2,5,1,2
ccharday,2,5,1,2
daray,2,5,1,2
dhanāy,2,5,1,2
didhyās,2,5,1,2
ihīrṣ,2,5,1,2
jargur,2,5,2,2
jijyās,2,5,1,2
jijyūṣ,2,5,1,2
kaluṣay,2,5,1,2
ketay,2,5,1,2
kūrd,2,5,2,2
mokṣ,2,5,2,2
niravahan,2,5,1,2
niḥśī,2,5,1,2
nāvay,2,5,1,2
pratyucchri,2,5,1,2
pratyuddīp,2,5,1,2
prollas,2,5,1,2
samudghāṭay,2,5,1,2
saṃpare,2,5,1,2
saṃpreray,2,5,1,2
sku,2,5,2,2
taviṣy,2,5,1,2
udvṛh,2,5,1,2
unmudray,2,5,1,2
upasaṃvye,2,5,1,2
vipalyaṅgay,2,5,1,2
vipre,2,5,1,2
viṣṭ,2,5,2,1
vyapās,2,5,1,2
ṇoday,2,5,1,2
ṣkramay,2,5,1,2
abhinyubj,2,4,1,2
abhisaṃnam,2,4,1,2
anusaṃhṛ,2,4,1,2
ativālay,2,4,1,2
bhan,2,4,1,2
bhañjay,2,4,1,2
bhreṣ,2,4,1,2
bhrājay,2,4,2,1
caṭ,2,4,2,1
chidray,2,4,1,2
dandah,2,4,1,2
dhandhāy,2,4,1,2
dhīkṣ,2,4,1,2
granthay,2,4,1,2
hrepay,2,4,1,2
kalahay,2,4,1,2
likhāpay,2,4,1,2
līlāy,2,4,1,2
meday,2,4,2,1
nabhay,2,4,1,2
paryañj,2,4,1,2
paryaś,2,4,1,2
paryeṣay,2,4,1,2
phālay,2,4,2,2
pipīṣ,2,4,1,2
poplūy,2,4,1,2
pratinirvap,2,4,1,2
pratipare,2,4,1,2
pratisaṃkhyā,2,4,1,2
rī,2,4,1,2
samude,2,4,1,2
samutkṛ,2,4,1,2
stenay,2,4,1,2
svapasy,2,4,1,2
sīvay,2,4,1,2
taralay,2,4,1,2
titṛps,2,4,1,2
udubj,2,4,1,2
upaniḥsṛp,2,4,1,2
vasay,2,4,2,2
vācālay,2,4,1,2
ākulay,2,4,1,2
āmahīy,2,4,1,2
ṣṭyai,2,4,1,2
abhijvalay,2,3,1,2
abhiniras,2,3,1,2
abhyupekṣ,2,3,1,2
adhihan,2,3,1,2
anuniṣkram,2,3,1,2
anvarj,2,3,1,2
anvavān,2,3,1,2
anvāp,2,3,1,2
anūtkram,2,3,1,2
arth,2,3,1,2
atikṛ,2,3,1,2
atikṣāray,2,3,1,2
avakarṇay,2,3,1,2
avarohay,2,3,1,2
aśiśiṣ,2,3,1,2
bharv,2,3,1,2
chup,2,3,1,2
cicīṣ,2,3,2,1
ciray,2,3,2,1
coṣkūy,2,3,1,2
cumbay,2,3,1,2
dasyusādbhū,2,3,1,2
dhūmay,2,3,1,2
dudukṣ,2,3,1,2
ghar,2,3,1,2
ghūrṇay,2,3,1,2
golay,2,3,1,2
hvānay,2,3,1,2
hās,2,3,1,2
jaṅgah,2,3,2,1
joguv,2,3,1,2
jāsay,2,3,2,2
kandalay,2,3,1,2
kaṇ,2,3,1,2
kaṭakaṭāyay,2,3,1,2
kothay,2,3,1,2
krīḍāpay,2,3,1,2
makhasy,2,3,1,2
maṃhay,2,3,1,2
memy,2,3,2,1
mūlay,2,3,2,2
naday,2,3,1,2
nibhālay,2,3,1,2
nonud,2,3,1,2
nyund,2,3,1,2
nīrājay,2,3,1,2
pariniṣpad,2,3,1,2
parinyas,2,3,1,2
parisaṃcakṣ,2,3,1,2
paryanviṣ,2,3,1,2
paṇāy,2,3,1,2
pepīy,2,3,1,2
phāṇay,2,3,1,2
pramāṇay,2,3,1,2
pratiniryā,2,3,1,2
pratisaṃyat,2,3,1,2
pratyujjīv,2,3,1,2
pratyādhāv,2,3,1,2
pronmīlay,2,3,1,2
rip,2,3,1,2
samanvīkṣ,2,3,1,2
samudyā,2,3,1,2
samunmath,2,3,1,2
saraṇy,2,3,1,2
sarj,2,3,1,2
saṃnirvap,2,3,1,2
saṃprāśay,2,3,1,2
spāray,2,3,1,2
stigh,2,3,1,2
svādhyāy,2,3,1,2
tand,2,3,1,2
turay,2,3,1,2
uccheday,2,3,1,2
udbādh,2,3,1,2
uddhvaṃsay,2,3,1,2
uddih,2,3,1,2
udghṛṣ,2,3,1,2
ujjvalay,2,3,1,2
ullambay,2,3,1,2
unmajjay,2,3,1,2
unmārjay,2,3,1,2
upamīmāṃs,2,3,1,2
upaniṣkramay,2,3,1,2
upasaṃveśay,2,3,1,2
upasaṃviś,2,3,1,2
upasaṃśaṃs,2,3,1,2
utsukay,2,3,2,2
valh,2,3,2,2
vasūy,2,3,1,2
vevij,2,3,1,2
viparyūh,2,3,1,2
vividiṣ,2,3,1,2
viśaday,2,3,1,2
vānay,2,3,1,2
vāvāś,2,3,1,2
yuyūṣ,2,3,1,2
śardhay,2,3,2,2
śiśayiṣ,2,3,2,1
śyānay,2,3,1,2
ṇāyay,2,3,2,2
abhinirmi,2,2,1,2
abhinirīkṣ,2,2,1,2
abhinyas,2,2,1,2
abhipratī,2,2,1,2
abhipreṣ,2,2,1,2
abhisaṃcar,2,2,1,2
abhisaṃmīl,2,2,1,2
abhisaṃnah,2,2,1,2
abhisaṃyam,2,2,1,2
abhisaṃśliṣ,2,2,1,2
abhivyañjay,2,2,1,2
abhyatyūh,2,2,1,2
abhyudīray,2,2,1,2
abhyujjīv,2,2,1,2
abhīkṣ,2,2,1,2
adhisaṃdhā,2,2,1,2
adhyāsay,2,2,1,2
ahaṃkṛ,2,2,1,2
anuparilikh,2,2,1,2
anuparind,2,2,1,2
anupariplu,2,2,1,2
anusaṃnud,2,2,1,2
anusaṃtṛ,2,2,1,2
anusaṃvarṇay,2,2,1,2
anusaṃvye,2,2,1,2
anuvyave,2,2,1,2
anvaś,2,2,1,2
anūpaviś,2,2,1,2
apuvāy,2,2,1,2
balay,2,2,2,1
bhāray,2,2,2,2
bhārāy,2,2,1,2
bhāyay,2,2,1,2
canasy,2,2,1,2
caniṣkad,2,2,1,2
churay,2,2,1,2
cikrīḍ,2,2,1,2
cikrīṣ,2,2,2,2
cyavay,2,2,1,2
cyotay,2,2,2,1
dad,2,2,1,2
dasay,2,2,1,2
daṃsay,2,2,1,2
dhardhṛ,2,2,1,2
dharmay,2,2,1,2
dhiyāy,2,2,1,2
dhunay,2,2,1,2
dhyāpay,2,2,2,1
dhūsarīkṛ,2,2,1,2
didhīrṣ,2,2,1,2
didīkṣiṣ,2,2,1,2
div,2,2,1,2
drumāy,2,2,1,2
drāghay,2,2,1,2
durmanāy,2,2,1,2
ejay,2,2,1,2
gadh,2,2,2,1
grahay,2,2,1,2
grathay,2,2,2,2
haray,2,2,2,2
hreṣ,2,2,1,2
jaḍay,2,2,1,2
jehrīy,2,2,1,2
jṛmbhay,2,2,1,2
kac,2,2,2,1
kadarth,2,2,1,2
kaṭṭay,2,2,2,1
khelay,2,2,1,2
krāpay,2,2,1,2
kuts,2,2,1,2
kārāpay,2,2,1,2
kūḍay,2,2,1,2
laghūy,2,2,1,2
luḍ,2,2,2,1
malay,2,2,1,2
mithunīsaṃbhū,2,2,1,2
mlech,2,2,1,2
moṣay,2,2,2,2
mrad,2,2,2,2
muñcay,2,2,1,2
mṛg,2,2,2,1
nimrad,2,2,1,2
ninits,2,2,1,2
nirgṛ,2,2,1,2
niḥsvar,2,2,1,2
niṣpattray,2,2,1,2
nu,2,2,2,2
palpūlay,2,2,1,2
parekṣ,2,2,1,2
parisaṃstṛ,2,2,1,2
paryupe,2,2,1,2
parīndh,2,2,1,2
paṅkay,2,2,1,2
pibd,2,2,2,1
praparīkṣ,2,2,1,2
pratilomay,2,2,1,2
pratisaṃhṛṣ,2,2,1,2
pratisaṃkram,2,2,1,2
pratyavarohay,2,2,1,2
pratyuccāray,2,2,1,2
pratyādhā,2,2,1,2
praścotay,2,2,1,2
praṇaś,2,2,1,2
protkṛt,2,2,1,2
prārjay,2,2,1,2
pāpac,2,2,1,2
pāpat,2,2,1,2
pūrṇay,2,2,2,2
rac,2,2,2,2
randhray,2,2,1,2
ririkṣ,2,2,1,2
rj,2,2,1,2
samavadhāray,2,2,1,2
samavaśamay,2,2,1,2
samunmuc,2,2,1,2
samārurukṣ,2,2,1,2
saphalay,2,2,1,2
saṃgrāmay,2,2,1,2
saṃniras,2,2,1,2
sisṛps,2,2,2,2
siñj,2,2,2,1
sphāy,2,2,1,2
stobhay,2,2,1,2
stāvay,2,2,2,2
svanay,2,2,2,2
taraṅgāy,2,2,1,2
taruṣ,2,2,1,2
taviṣīy,2,2,1,2
timiray,2,2,1,2
titṛd,2,2,2,2
tośay,2,2,2,1
tālay,2,2,1,2
ucchuṣ,2,2,1,2
ucchāday,2,2,1,2
udbrū,2,2,1,2
udukṣ,2,2,1,2
udyudh,2,2,1,2
ullap,2,2,1,2
upaprastu,2,2,1,2
upasaṃrudh,2,2,1,2
upeṣ,2,2,1,2
upārch,2,2,1,2
vapuṣy,2,2,1,2
vardhāpay,2,2,1,2
varīvṛj,2,2,2,2
vimukhay,2,2,1,2
vinirbhuj,2,2,1,2
vinirmathay,2,2,1,2
vipariśṛ,2,2,1,2
vivṛts,2,2,2,2
vyapohay,2,2,1,2
vyavokṣ,2,2,1,2
vyupaparīkṣ,2,2,1,2
vīrts,2,2,1,2
yoktray,2,2,1,2
āmīv,2,2,1,2
ārtīy,2,2,2,2
śabalay,2,2,1,2
śalyay,2,2,2,2
śikṣāpay,2,2,1,2
ślāghay,2,2,1,2
śośubh,2,2,1,2
śrāṇay,2,2,1,2
śṛṅkhalay,2,2,1,2
ś￞,2,2,1,2
ṣañjay,2,2,2,2
prāh,1,1220,1,1
anvah,1,337,1,1
īpsay,1,280,1,1
antargam,1,143,1,1
parinirvṛ,1,102,1,1
pratyutpad,1,75,1,1
puṭay,1,62,1,1
cak,1,48,1,1
homay,1,48,1,1
pratisaṃyuj,1,46,1,1
nādh,1,28,1,1
sumanasy,1,27,1,1
anūpasthā,1,25,1,1
vyākhyānay,1,23,1,1
śuśubh,1,20,1,1
khac,1,18,1,1
prendh,1,18,1,1
abhisamprekṣ,1,16,1,1
hṛṇīy,1,16,1,1
abhisaṃkrudh,1,14,1,1
abhisaṃkṣip,1,13,1,1
unnabhay,1,13,1,1
er,1,12,1,1
mukulay,1,12,1,1
viday,1,12,1,1
dhūpāy,1,11,1,1
samupāś,1,11,1,1
udbudh,1,11,1,1
upodyam,1,11,1,1
parinirmā,1,10,1,1
sīmantay,1,10,1,1
unmaday,1,10,1,1
īrts,1,10,1,1
ṣiñcay,1,10,1,1
parisaṃlih,1,9,1,1
sakhīy,1,9,1,1
samprāś,1,9,1,1
samupārjay,1,9,1,1
taruṇāy,1,9,1,1
vyadhay,1,9,1,1
vātāy,1,9,1,1
āndolay,1,9,1,1
devāy,1,8,1,1
dudh,1,8,1,1
samudvīkṣ,1,8,1,1
śyāmāy,1,8,1,1
anuparihṛ,1,7,1,1
atyāśay,1,7,1,1
bhasm,1,7,1,1
gumph,1,7,1,1
karuṇāy,1,7,1,1
laḍ,1,7,1,1
panipn,1,7,1,1
raṇv,1,7,1,1
tim,1,7,1,1
āvirbubhūṣ,1,7,1,1
śrathāy,1,7,1,1
abhyunnam,1,6,1,1
anusaṃrabh,1,6,1,1
brahmaṇy,1,6,1,1
janīy,1,6,1,1
paryah,1,6,1,1
pratiyāśru,1,6,1,1
prodi,1,6,1,1
rjay,1,6,1,1
samunmiṣ,1,6,1,1
samunnah,1,6,1,1
śvit,1,6,1,1
ṣekay,1,6,1,1
abhinirmuc,1,5,1,1
abhisaṃtyaj,1,5,1,1
amitray,1,5,1,1
anuvyūh,1,5,1,1
anūtsad,1,5,1,1
avayātay,1,5,1,1
garbhīkṛ,1,5,1,1
iñj,1,5,1,1
khañj,1,5,1,1
nire,1,5,1,1
paryāsic,1,5,1,1
pinvay,1,5,1,1
pratinirgrah,1,5,1,1
samabhyañj,1,5,1,1
samabhyukṣ,1,5,1,1
samujjval,1,5,1,1
samullaṅghay,1,5,1,1
saṃnirīkṣ,1,5,1,1
visaṃyuj,1,5,1,1
yād,1,5,1,1
āñch,1,5,1,1
ṣkṝ,1,5,1,1
abhyalaṃkṛ,1,4,1,1
abhyākṛ,1,4,1,1
anupare,1,4,1,1
anusaṃcintay,1,4,1,1
anusaṃjvar,1,4,1,1
anūdas,1,4,1,1
ativācay,1,4,1,1
aviṣy,1,4,1,1
avyaktay,1,4,1,1
aṅg,1,4,1,1
caṭāy,1,4,1,1
cup,1,4,1,1
cācal,1,4,1,1
duchunāy,1,4,1,1
ghuraghurāy,1,4,1,1
gṛhṇāpay,1,4,1,1
kuṭṭ,1,4,1,1
luṇṭhay,1,4,1,1
nyer,1,4,1,1
ojāy,1,4,1,1
panasy,1,4,1,1
panīphaṇ,1,4,1,1
pariprāpay,1,4,1,1
pronmiṣ,1,4,1,1
rdh,1,4,1,1
rirakṣ,1,4,1,1
rṣ,1,4,1,1
samullup,1,4,1,1
saṃdhay,1,4,1,1
saṃvlī,1,4,1,1
troṭay,1,4,1,1
udañj,1,4,1,1
udbhāsay,1,4,1,1
udguh,1,4,1,1
ujjāpay,1,4,1,1
ullokay,1,4,1,1
unnaś,1,4,1,1
upasaṃbhṛ,1,4,1,1
śūlay,1,4,1,1
abhinirbhid,1,3,1,1
abhisaṃgṛ,1,3,1,1
abhivyan,1,3,1,1
abhivyukṣ,1,3,1,1
abhyunnamay,1,3,1,1
abhyutkṣip,1,3,1,1
abhyutsad,1,3,1,1
amṛtāy,1,3,1,1
anuhu,1,3,1,1
anuninard,1,3,1,1
anuparyukṣ,1,3,1,1
anusaṃsāray,1,3,1,1
anusaṃvrājay,1,3,1,1
anūddiś,1,3,1,1
anūtpad,1,3,1,1
caṭacaṭāy,1,3,1,1
cikalpay,1,3,1,1
drū,1,3,1,1
dādhṛ,1,3,1,1
jhaṇajhaṇāy,1,3,1,1
karālay,1,3,1,1
kavīy,1,3,1,1
markaṭībhū,1,3,1,1
masṛṇay,1,3,1,1
mukulāy,1,3,1,1
narīnart,1,3,1,1
paribibādh,1,3,1,1
parisaṃtap,1,3,1,1
pattray,1,3,1,1
pay,1,3,1,1
pepiś,1,3,1,1
pratiniṣkram,1,3,1,1
pratyupalamb,1,3,1,1
pratyāsāday,1,3,1,1
proccar,1,3,1,1
puruṣāy,1,3,1,1
puṣp,1,3,1,1
rathary,1,3,1,1
rājāy,1,3,1,1
samadhyās,1,3,1,1
samucchal,1,3,1,1
saniṣyad,1,3,1,1
stabhūy,1,3,1,1
sumnāy,1,3,1,1
svapnāy,1,3,1,1
sviṣṭakṛ,1,3,1,1
tvaṅg,1,3,1,1
udbhā,1,3,1,1
udgal,1,3,1,1
udghaṭṭay,1,3,1,1
upapragrah,1,3,1,1
uperts,1,3,1,1
utpā,1,3,1,1
vevīy,1,3,1,1
vikṣālay,1,3,1,1
vilok,1,3,1,1
vinirbharts,1,3,1,1
viniṣkṛṣ,1,3,1,1
viniṣpad,1,3,1,1
visaṃhan,1,3,1,1
vyāyātay,1,3,1,1
vīps,1,3,1,1
ślathay,1,3,1,1
śundhay,1,3,1,1
ṣkuṣ,1,3,1,1
ṣplāvay,1,3,1,1
ṣpṛ,1,3,1,1
abhiparyūh,1,2,1,1
abhipratye,1,2,1,1
abhipreray,1,2,1,1
abhiprārthay,1,2,1,1
abhiprāvṛ,1,2,1,1
abhisaṃgup,1,2,1,1
abhisaṃhan,1,2,1,1
abhisaṃnī,1,2,1,1
abhisaṃstambh,1,2,1,1
abhisaṃsthāpay,1,2,1,1
abhisaṃstu,1,2,1,1
abhisaṃtṛ,1,2,1,1
abhisaṃvye,1,2,1,1
abhisaṃvṛdh,1,2,1,1
abhivihan,1,2,1,1
abhivīkṣay,1,2,1,1
abhyadhiric,1,2,1,1
abhyam,1,2,1,1
abhyatirecay,1,2,1,1
abhyavanejay,1,2,1,1
abhyucchanday,1,2,1,1
abhyuddiś,1,2,1,1
abhyupasic,1,2,1,1
abhyutkrāmay,1,2,1,1
abhyākanikrad,1,2,1,1
adhikṛṣ,1,2,1,1
adhisaṃvas,1,2,1,1
adhvary,1,2,1,1
adhyavasāyay,1,2,1,1
agghay,1,2,1,1
alar,1,2,1,1
annīy,1,2,1,1
anuniveṣṭ,1,2,1,1
anuparikalpay,1,2,1,1
anuparimṛj,1,2,1,1
anuproh,1,2,1,1
anuprās,1,2,1,1
anusaṃdṛś,1,2,1,1
anusaṃkhyāpay,1,2,1,1
anusaṃsparśay,1,2,1,1
anusaṃvid,1,2,1,1
anusaṃvā,1,2,1,1
anuvardhay,1,2,1,1
anuvibhā,1,2,1,1
anūdan,1,2,1,1
anūdgā,1,2,1,1
anūdvā,1,2,1,1
anūpadas,1,2,1,1
apajval,1,2,1,1
apapre,1,2,1,1
aparībhū,1,2,1,1
apej,1,2,1,1
apodūh,1,2,1,1
apyarjay,1,2,1,1
apātī,1,2,1,1
atiji,1,2,1,1
atyarjay,1,2,1,1
atyākṛ,1,2,1,1
avoh,1,2,1,1
balīy,1,2,1,1
baṃh,1,2,1,1
baṃhay,1,2,1,1
bhairavāy,1,2,1,1
bhaṇḍay,1,2,1,1
bubhūrṣ,1,2,1,1
būm,1,2,1,1
bṛhay,1,2,1,1
can,1,2,1,1
carcar,1,2,1,1
cichits,1,2,1,1
cūṣay,1,2,1,1
dadhīy,1,2,1,1
dhvasay,1,2,1,1
dhīray,1,2,1,1
dhūrṇāpay,1,2,1,1
dodhav,1,2,1,1
dudrukṣ,1,2,1,1
duḥkh,1,2,1,1
duḥkhay,1,2,1,1
dvaṃdvībhū,1,2,1,1
dveṣay,1,2,1,1
heḍay,1,2,1,1
hikk,1,2,1,1
iṣaṇ,1,2,1,1
jijaniṣ,1,2,1,1
jīvāpay,1,2,1,1
kalahāy,1,2,1,1
kathāpay,1,2,1,1
khal,1,2,1,1
khaṇakhaṇāy,1,2,1,1
klībay,1,2,1,1
kratūy,1,2,1,1
kvaṇay,1,2,1,1
kāṭay,1,2,1,1
kṣemay,1,2,1,1
kṣāmay,1,2,1,1
lāgay,1,2,1,1
lāḍay,1,2,1,1
maitrāy,1,2,1,1
may,1,2,1,1
maṇṭ,1,2,1,1
mekṣay,1,2,1,1
momuh,1,2,1,1
mreḍ,1,2,1,1
mānuṣībhū,1,2,1,1
māṃsīy,1,2,1,1
mūrchāpay,1,2,1,1
mṛch,1,2,1,1
mṛkṣay,1,2,1,1
mṛt,1,2,1,1
nagarāy,1,2,1,1
narmay,1,2,1,1
nikṛ,1,2,1,1
nimeṣay,1,2,1,1
nirjigamiṣ,1,2,1,1
niṣku,1,2,1,1
niṣvar,1,2,1,1
nyuṣ,1,2,1,1
nyūṅkh,1,2,1,1
nyṛj,1,2,1,1
nīlāy,1,2,1,1
panāy,1,2,1,1
pariprāp,1,2,1,1
parisaṃsthā,1,2,1,1
parisaṃstu,1,2,1,1
pattīy,1,2,1,1
patīy,1,2,1,1
phenāy,1,2,1,1
plavāy,1,2,1,1
prasaṃdhā,1,2,1,1
pratigranth,1,2,1,1
pratinirdiś,1,2,1,1
pratisaṃhan,1,2,1,1
pratisaṃrudh,1,2,1,1
pratisaṃviś,1,2,1,1
pratyabhiṣic,1,2,1,1
pratyudvāday,1,2,1,1
pratīpay,1,2,1,1
procchri,1,2,1,1
prodyam,1,2,1,1
pronnam,1,2,1,1
protkaṇṭhay,1,2,1,1
protkṣip,1,2,1,1
proḍḍī,1,2,1,1
pupukṣ,1,2,1,1
pīḍ,1,2,1,1
rajay,1,2,1,1
rephāy,1,2,1,1
rips,1,2,1,1
rāhay,1,2,1,1
sabhāgay,1,2,1,1
samabhipre,1,2,1,1
samabhiprekṣ,1,2,1,1
samabhisaṃdhā,1,2,1,1
samabhivyañj,1,2,1,1
samer,1,2,1,1
sampratīṣ,1,2,1,1
samucchvi,1,2,1,1
samudgā,1,2,1,1
samullāsay,1,2,1,1
samunmā,1,2,1,1
samunnamay,1,2,1,1
samutkvāthay,1,2,1,1
samutsāhay,1,2,1,1
samāśleṣay,1,2,1,1
saniṣṇ,1,2,1,1
saṃkṣṇu,1,2,1,1
saṃniṣpāday,1,2,1,1
saṃpradhāv,1,2,1,1
saṃprasarpay,1,2,1,1
saṃprendh,1,2,1,1
saṃprāh,1,2,1,1
saṃrej,1,2,1,1
sisīrṣ,1,2,1,1
sthirāy,1,2,1,1
sumnay,1,2,1,1
svaray,1,2,1,1
tanūkṛ,1,2,1,1
timay,1,2,1,1
tiray,1,2,1,1
titarpay,1,2,1,1
tujay,1,2,1,1
tāv,1,2,1,1
ucchocay,1,2,1,1
udvadh,1,2,1,1
udvṛṣ,1,2,1,1
udṛṣ,1,2,1,1
ullāghay,1,2,1,1
ullālay,1,2,1,1
unmahay,1,2,1,1
unmeṣay,1,2,1,1
unnāday,1,2,1,1
upadhā,1,2,1,1
upanikṣ,1,2,1,1
upapalyāy,1,2,1,1
upaplāy,1,2,1,1
upasaṃprach,1,2,1,1
upasaṃyuj,1,2,1,1
upodi,1,2,1,1
utpradā,1,2,1,1
uñchay,1,2,1,1
vacasy,1,2,1,1
valgay,1,2,1,1
valgūy,1,2,1,1
vastray,1,2,1,1
veveṣṭ,1,2,1,1
vidhuray,1,2,1,1
vinirbhā,1,2,1,1
vinirlikh,1,2,1,1
vinirṇī,1,2,1,1
viniṣpīḍay,1,2,1,1
viprachid,1,2,1,1
visaṃmuh,1,2,1,1
visaṃvāday,1,2,1,1
viṣāy,1,2,1,1
vlag,1,2,1,1
vrīḍay,1,2,1,1
vyavabhid,1,2,1,1
vyavaśad,1,2,1,1
vyavās,1,2,1,1
vyādhīy,1,2,1,1
vīkṣay,1,2,1,1
vīṅg,1,2,1,1
yeṣ,1,2,1,1
śakalay,1,2,1,1
śapathīy,1,2,1,1
śaraṇīkṛ,1,2,1,1
ślath,1,2,1,1
ślokay,1,2,1,1
śuj,1,2,1,1
śāśvas,1,2,1,1
śītay,1,2,1,1
śṛṅgār,1,2,1,1
ūṣmāy,1,2,1,1
ṇu,1,2,1,1
ṛtay,1,2,1,1
ṣkhan,1,2,1,1
ṣkūj,1,2,1,1
ṣpātay,1,2,1,1
ṣpāyay,1,2,1,1
ṣpṛc,1,2,1,1
ṣvap,1,2,1,1
abhavastṛ,1,1,1,1
abhici,1,1,1,1
abhicāray,1,1,1,1
abhidāhay,1,1,1,1
abhihas,1,1,1,1
abhimukhay,1,1,1,1
abhimīl,1,1,1,1
abhinidarśay,1,1,1,1
abhinigrah,1,1,1,1
abhinirbharts,1,1,1,1
abhinirvad,1,1,1,1
abhinirṇud,1,1,1,1
abhiniṣkrāmay,1,1,1,1
abhiniṣkṛ,1,1,1,1
abhiniṣpū,1,1,1,1
abhiparihan,1,1,1,1
abhiparihāray,1,1,1,1
abhiparyañj,1,1,1,1
abhiparyukṣ,1,1,1,1
abhipragam,1,1,1,1
abhipratyave,1,1,1,1
abhiprer,1,1,1,1
abhipreṣay,1,1,1,1
abhiprās,1,1,1,1
abhiroṣay,1,1,1,1
abhisaṃbhañj,1,1,1,1
abhisaṃchad,1,1,1,1
abhisaṃchāday,1,1,1,1
abhisaṃcintay,1,1,1,1
abhisaṃdah,1,1,1,1
abhisaṃdarśay,1,1,1,1
abhisaṃdih,1,1,1,1
abhisaṃhāray,1,1,1,1
abhisaṃhṛṣ,1,1,1,1
abhisaṃjvar,1,1,1,1
abhisaṃkalpay,1,1,1,1
abhisaṃkhyā,1,1,1,1
abhisaṃkruś,1,1,1,1
abhisaṃkṛ,1,1,1,1
abhisaṃlabh,1,1,1,1
abhisaṃmad,1,1,1,1
abhisaṃmuh,1,1,1,1
abhisaṃmṛś,1,1,1,1
abhisaṃrañj,1,1,1,1
abhisaṃrudh,1,1,1,1
abhisaṃsmṛ,1,1,1,1
abhisaṃspṛś,1,1,1,1
abhisaṃsthā,1,1,1,1
abhisaṃsvañj,1,1,1,1
abhisaṃsīv,1,1,1,1
abhisaṃsṛj,1,1,1,1
abhisaṃtras,1,1,1,1
abhisaṃvap,1,1,1,1
abhisaṃveṣṭ,1,1,1,1
abhisaṃvyadh,1,1,1,1
abhisaṃyat,1,1,1,1
abhisaṃyā,1,1,1,1
abhisaṃśleṣay,1,1,1,1
abhistanay,1,1,1,1
abhivinivartay,1,1,1,1
abhivinyas,1,1,1,1
abhiviparihṛ,1,1,1,1
abhiviṣyanday,1,1,1,1
abhivyavān,1,1,1,1
abhiśriṣ,1,1,1,1
abhyadhikībhū,1,1,1,1
abhyanumṛj,1,1,1,1
abhyarthīy,1,1,1,1
abhyatyṛj,1,1,1,1
abhyavagāhay,1,1,1,1
abhyavasnāpay,1,1,1,1
abhyavān,1,1,1,1
abhyavās,1,1,1,1
abhyudan,1,1,1,1
abhyudūh,1,1,1,1
abhyujji,1,1,1,1
abhyujjuṣ,1,1,1,1
abhyullas,1,1,1,1
abhyupās,1,1,1,1
abhyutsarj,1,1,1,1
abhyutsu,1,1,1,1
abhyutsṛp,1,1,1,1
adbhutāy,1,1,1,1
adharay,1,1,1,1
adhikhād,1,1,1,1
adhinirdham,1,1,1,1
adhinivap,1,1,1,1
adhinyas,1,1,1,1
adhipat,1,1,1,1
adhipraṇī,1,1,1,1
adhisaṃbhū,1,1,1,1
adhisaṃviś,1,1,1,1
adhisaṃyat,1,1,1,1
adhisnā,1,1,1,1
adhistṛ,1,1,1,1
adhyah,1,1,1,1
adhyaś,1,1,1,1
adhyupadhā,1,1,1,1
adhyāpat,1,1,1,1
adhyāyay,1,1,1,1
adhyṛdh,1,1,1,1
adhyṛṣ,1,1,1,1
adhīps,1,1,1,1
ajirāy,1,1,1,1
ajñānay,1,1,1,1
alasay,1,1,1,1
alaṃkāray,1,1,1,1
amalay,1,1,1,1
amitrāy,1,1,1,1
amṛtasādbhū,1,1,1,1
anaikāntikīkṛ,1,1,1,1
anaruṣkṛ,1,1,1,1
andhakāray,1,1,1,1
anniy,1,1,1,1
anubhakṣay,1,1,1,1
anuguṇībhū,1,1,1,1
anuhuṃkṛ,1,1,1,1
anukhan,1,1,1,1
anulamb,1,1,1,1
anunigad,1,1,1,1
anunirgam,1,1,1,1
anunyañj,1,1,1,1
anunyṛch,1,1,1,1
anupariviṣ,1,1,1,1
anuparye,1,1,1,1
anuparābhāvay,1,1,1,1
anupradiś,1,1,1,1
anuprajijñās,1,1,1,1
anupratihan,1,1,1,1
anupreray,1,1,1,1
anusamprayā,1,1,1,1
anusaṃbandh,1,1,1,1
anusaṃbhṛ,1,1,1,1
anusaṃci,1,1,1,1
anusaṃcāray,1,1,1,1
anusaṃdah,1,1,1,1
anusaṃdih,1,1,1,1
anusaṃdiś,1,1,1,1
anusaṃdru,1,1,1,1
anusaṃgrah,1,1,1,1
anusaṃjigamiṣ,1,1,1,1
anusaṃkālay,1,1,1,1
anusaṃmṛś,1,1,1,1
anusaṃpiṣ,1,1,1,1
anusaṃsādhay,1,1,1,1
anusaṃsṛ,1,1,1,1
anusaṃsṛj,1,1,1,1
anusaṃtṛp,1,1,1,1
anusaṃvah,1,1,1,1
anusaṃveday,1,1,1,1
anusaṃviś,1,1,1,1
anusaṃvāday,1,1,1,1
anusaṃvṛ,1,1,1,1
anuvimuc,1,1,1,1
anuvipravas,1,1,1,1
anuvyas,1,1,1,1
anuvyaś,1,1,1,1
anuṣvap,1,1,1,1
anvabhidhāv,1,1,1,1
anvapān,1,1,1,1
anvatī,1,1,1,1
anvavayaj,1,1,1,1
anvavekṣay,1,1,1,1
anvavās,1,1,1,1
anvāhan,1,1,1,1
anvāsāday,1,1,1,1
anvī,1,1,1,1
anvīkṣay,1,1,1,1
anūccāray,1,1,1,1
anūddhṛ,1,1,1,1
anūnmad,1,1,1,1
anūpadhāray,1,1,1,1
anūpayaj,1,1,1,1
anūtsāday,1,1,1,1
anūttiṣṭhās,1,1,1,1
apadhvaṃsay,1,1,1,1
apadā,1,1,1,1
apamṛś,1,1,1,1
apasaṃhṛ,1,1,1,1
apasaṃnah,1,1,1,1
apasaṃvas,1,1,1,1
apastambh,1,1,1,1
apasy,1,1,1,1
apavitray,1,1,1,1
apavātay,1,1,1,1
apekṣay,1,1,1,1
apipāthay,1,1,1,1
apive,1,1,1,1
apohay,1,1,1,1
apojjigāṃs,1,1,1,1
apotkram,1,1,1,1
apotsṛj,1,1,1,1
apyad,1,1,1,1
apyatyṛj,1,1,1,1
apye,1,1,1,1
apyūh,1,1,1,1
araṃkṛ,1,1,1,1
ardīy,1,1,1,1
argalay,1,1,1,1
aruṇāy,1,1,1,1
arātiy,1,1,1,1
arūkṛ,1,1,1,1
astaṃgamay,1,1,1,1
atipari,1,1,1,1
atipravṛ,1,1,1,1
atipreray,1,1,1,1
atipreṣ,1,1,1,1
atisad,1,1,1,1
atisaṃrudh,1,1,1,1
atisaṃvṛdh,1,1,1,1
atisisṛps,1,1,1,1
atitvaray,1,1,1,1
ativitsay,1,1,1,1
atyah,1,1,1,1
atye,1,1,1,1
atyujjhā,1,1,1,1
atyunnamay,1,1,1,1
atyupadhā,1,1,1,1
atyādhāv,1,1,1,1
atyānī,1,1,1,1
atyāvap,1,1,1,1
atīṣ,1,1,1,1
avadrā,1,1,1,1
avakampay,1,1,1,1
avamīmāṃs,1,1,1,1
avaplāvay,1,1,1,1
avarj,1,1,1,1
avasṛ,1,1,1,1
avatarpay,1,1,1,1
avavip,1,1,1,1
avavṛdh,1,1,1,1
avelay,1,1,1,1
aveṣ,1,1,1,1
aviśeṣay,1,1,1,1
avāj,1,1,1,1
avāpoh,1,1,1,1
avāvad,1,1,1,1
aśnāy,1,1,1,1
aḍhaṇḍholay,1,1,1,1
aṅkūy,1,1,1,1
baddhay,1,1,1,1
badh,1,1,1,1
badhiray,1,1,1,1
baladībhū,1,1,1,1
balbal,1,1,1,1
bandīkṛ,1,1,1,1
bebhid,1,1,1,1
bhajay,1,1,1,1
bhakṣaṃkṛ,1,1,1,1
bhandanāy,1,1,1,1
bhartsāpay,1,1,1,1
bhaṅguray,1,1,1,1
bheṣ,1,1,1,1
bhikṣay,1,1,1,1
bhiṣakkṛ,1,1,1,1
bhrāśay,1,1,1,1
bhrī,1,1,1,1
bhuraj,1,1,1,1
bhyas,1,1,1,1
bhāpay,1,1,1,1
bhāṭay,1,1,1,1
bhūṣaṇīkṛ,1,1,1,1
bhṛtyāy,1,1,1,1
bhṛśāy,1,1,1,1
bhṛṅgāy,1,1,1,1
bibhakṣay,1,1,1,1
bibhaṇiṣ,1,1,1,1
bobudh,1,1,1,1
bālāy,1,1,1,1
bāṇāy,1,1,1,1
bāṣpāy,1,1,1,1
cand,1,1,1,1
candrāy,1,1,1,1
capalāy,1,1,1,1
caraṇīy,1,1,1,1
carvay,1,1,1,1
caṅkṣam,1,1,1,1
caṭakāy,1,1,1,1
cechid,1,1,1,1
chal,1,1,1,1
chatrāy,1,1,1,1
chaṇṭay,1,1,1,1
chāyay,1,1,1,1
cicar,1,1,1,1
cichid,1,1,1,1
cidānandāy,1,1,1,1
cihnīkṛ,1,1,1,1
cikhādiṣ,1,1,1,1
cikīrtayiṣ,1,1,1,1
cintāpay,1,1,1,1
cittāy,1,1,1,1
ciściṣākṛ,1,1,1,1
ciṭiciṭāy,1,1,1,1
cucumbiṣ,1,1,1,1
culukay,1,1,1,1
cumacumāy,1,1,1,1
cūrṇīy,1,1,1,1
dabhāy,1,1,1,1
damany,1,1,1,1
dan,1,1,1,1
dandaś,1,1,1,1
danturay,1,1,1,1
davay,1,1,1,1
dayay,1,1,1,1
dedī,1,1,1,1
dhiṣaṇy,1,1,1,1
dhvānay,1,1,1,1
dhūsarībhū,1,1,1,1
didhārayiṣ,1,1,1,1
dodrav,1,1,1,1
dodu,1,1,1,1
dravay,1,1,1,1
dudhukṣ,1,1,1,1
dudhūṣ,1,1,1,1
durbalībhū,1,1,1,1
durgṛbhīy,1,1,1,1
durhaṇāy,1,1,1,1
durjanāy,1,1,1,1
durlabhībhū,1,1,1,1
duḥkhāy,1,1,1,1
duḥkhīy,1,1,1,1
dyutay,1,1,1,1
dādhmā,1,1,1,1
dāyay,1,1,1,1
dīkṣāpay,1,1,1,1
dīrghay,1,1,1,1
erts,1,1,1,1
gadāy,1,1,1,1
gai,1,1,1,1
gajībhū,1,1,1,1
galahastay,1,1,1,1
gard,1,1,1,1
garuḍāy,1,1,1,1
garv,1,1,1,1
gaṅgūy,1,1,1,1
gaṇḍūṣay,1,1,1,1
ghoṣāpay,1,1,1,1
ghṛṇāy,1,1,1,1
giray,1,1,1,1
gomayāy,1,1,1,1
guḍaguḍāy,1,1,1,1
guḍguḍāy,1,1,1,1
guṇṭh,1,1,1,1
gāmay,1,1,1,1
gānīkṛ,1,1,1,1
gūrdhay,1,1,1,1
gṛbhay,1,1,1,1
hambhāy,1,1,1,1
haritāy,1,1,1,1
hastīkṛ,1,1,1,1
haṃsībhū,1,1,1,1
hel,1,1,1,1
hikkay,1,1,1,1
huvany,1,1,1,1
hvalay,1,1,1,1
hvāray,1,1,1,1
hāsarasāy,1,1,1,1
hūrchay,1,1,1,1
hṛṇāy,1,1,1,1
icchāpay,1,1,1,1
ikramiṣ,1,1,1,1
indhanībhū,1,1,1,1
indray,1,1,1,1
iradh,1,1,1,1
iyasy,1,1,1,1
iṣaṇay,1,1,1,1
iṣūy,1,1,1,1
jalāy,1,1,1,1
janiy,1,1,1,1
jarjaray,1,1,1,1
jayadhvajāy,1,1,1,1
jañj,1,1,1,1
jaṭilay,1,1,1,1
jaṭīkṛ,1,1,1,1
jegīy,1,1,1,1
jigrahayiṣ,1,1,1,1
jigās,1,1,1,1
jihmāy,1,1,1,1
jri,1,1,1,1
jugukṣ,1,1,1,1
jvālāy,1,1,1,1
jyut,1,1,1,1
jñīps,1,1,1,1
jājṛmbh,1,1,1,1
jālāy,1,1,1,1
jīrṇay,1,1,1,1
kacakac,1,1,1,1
kacay,1,1,1,1
kadalīvanāy,1,1,1,1
kalpalatāvanāy,1,1,1,1
kalpāy,1,1,1,1
kalāpāy,1,1,1,1
kamalāy,1,1,1,1
kapilāy,1,1,1,1
kapiśay,1,1,1,1
karadīkṛ,1,1,1,1
kavacay,1,1,1,1
kaṇakaṇāy,1,1,1,1
kaṇūkay,1,1,1,1
kaṣay,1,1,1,1
kaṣāyīkṛ,1,1,1,1
kaṭākṣay,1,1,1,1
kekāy,1,1,1,1
kelay,1,1,1,1
khaj,1,1,1,1
khallay,1,1,1,1
khanakhanāy,1,1,1,1
kharj,1,1,1,1
kharāy,1,1,1,1
khaṭṭāy,1,1,1,1
khoṭay,1,1,1,1
khud,1,1,1,1
khurakhurāy,1,1,1,1
khurukhurāy,1,1,1,1
khātay,1,1,1,1
kilakilāy,1,1,1,1
kiṃkarīkṛ,1,1,1,1
kiṭakiṭāy,1,1,1,1
kiṭṭāy,1,1,1,1
klāmay,1,1,1,1
knopay,1,1,1,1
kokūj,1,1,1,1
kokūy,1,1,1,1
krośay,1,1,1,1
krāth,1,1,1,1
krāthay,1,1,1,1
kuhukuhāy,1,1,1,1
kulyāy,1,1,1,1
kuraṅgāy,1,1,1,1
kuḍ,1,1,1,1
kālvālīkṛ,1,1,1,1
kāntāy,1,1,1,1
kāṅkṣay,1,1,1,1
kāṅkṣāy,1,1,1,1
kāṇkṣ,1,1,1,1
kīray,1,1,1,1
kśāpay,1,1,1,1
kūḍ,1,1,1,1
kūṇay,1,1,1,1
kūṭay,1,1,1,1
kṛcchrāy,1,1,1,1
kṛpaṇ,1,1,1,1
kṛpaṇy,1,1,1,1
kṛśay,1,1,1,1
kṛṣṇāy,1,1,1,1
kṣayay,1,1,1,1
kṣāmatarīkṛ,1,1,1,1
kṣīrodāy,1,1,1,1
lagay,1,1,1,1
lambāy,1,1,1,1
lasay,1,1,1,1
lavaṇāy,1,1,1,1
lekhāpay,1,1,1,1
lekhāy,1,1,1,1
lilambiṣ,1,1,1,1
lilikṣ,1,1,1,1
lilāpayiṣ,1,1,1,1
lolup,1,1,1,1
lulobhay,1,1,1,1
luñcay,1,1,1,1
lālāpay,1,1,1,1
lālāy,1,1,1,1
lūlup,1,1,1,1
madhukarāy,1,1,1,1
madhuray,1,1,1,1
madhurāy,1,1,1,1
makarāy,1,1,1,1
mamar,1,1,1,1
mandarāy,1,1,1,1
mandākinīpravāhāy,1,1,1,1
marīmṛj,1,1,1,1
mathay,1,1,1,1
maunāy,1,1,1,1
mayūkhāy,1,1,1,1
maṇḍalay,1,1,1,1
maṇṭay,1,1,1,1
mehay,1,1,1,1
mekhalāy,1,1,1,1
melāpay,1,1,1,1
micch,1,1,1,1
mitrīy,1,1,1,1
mokṣāy,1,1,1,1
mraday,1,1,1,1
mrit,1,1,1,1
mumudiṣ,1,1,1,1
mur,1,1,1,1
muṇḍāpay,1,1,1,1
mālyaguṇāy,1,1,1,1
mālāy,1,1,1,1
māmad,1,1,1,1
mānavasy,1,1,1,1
māthay,1,1,1,1
māṇikyavṛkṣakavanāy,1,1,1,1
mīmāṃsay,1,1,1,1
mūkīkṛ,1,1,1,1
mṛc,1,1,1,1
mṛkṣ,1,1,1,1
n,1,1,1,1
nabhaḥkusumāy,1,1,1,1
nadasy,1,1,1,1
nagnaṃkṛ,1,1,1,1
navanavāy,1,1,1,1
naśāy,1,1,1,1
nibhas,1,1,1,1
nidhānīkṛ,1,1,1,1
nidānay,1,1,1,1
nikaṣāy,1,1,1,1
nimnīkṛ,1,1,1,1
nipreṣ,1,1,1,1
niravaji,1,1,1,1
nirayāy,1,1,1,1
nirbhayībhū,1,1,1,1
nirjyā,1,1,1,1
nirutsic,1,1,1,1
nirvivarīkṛ,1,1,1,1
nirvleṣay,1,1,1,1
nirvyañj,1,1,1,1
nirvyūh,1,1,1,1
nirvṛṣ,1,1,1,1
nirṛd,1,1,1,1
niścintay,1,1,1,1
niḥspandīkṛ,1,1,1,1
niṣkrīḍay,1,1,1,1
niṣprekṣ,1,1,1,1
nyarpay,1,1,1,1
nye,1,1,1,1
nyūh,1,1,1,1
nyṛch,1,1,1,1
nāthay,1,1,1,1
nīrandhray,1,1,1,1
nīrogay,1,1,1,1
nīḍay,1,1,1,1
nṛmaṇasy,1,1,1,1
pakṣ,1,1,1,1
pakṣāy,1,1,1,1
palyāy,1,1,1,1
paridṛṃhay,1,1,1,1
parighātay,1,1,1,1
parighāy,1,1,1,1
parigrāhay,1,1,1,1
parijigāṃs,1,1,1,1
parilips,1,1,1,1
parimārg,1,1,1,1
parinirhan,1,1,1,1
parinirvap,1,1,1,1
parinirṇij,1,1,1,1
pariniścintay,1,1,1,1
pariniṣpāday,1,1,1,1
pariprahi,1,1,1,1
pariprajan,1,1,1,1
paripre,1,1,1,1
pariprokṣ,1,1,1,1
pariprokṣay,1,1,1,1
parisamāpay,1,1,1,1
parisamūhay,1,1,1,1
parisaṃhṛṣ,1,1,1,1
parisaṃkṣip,1,1,1,1
parisaṃpat,1,1,1,1
parisaṃplu,1,1,1,1
parisaṃspṛś,1,1,1,1
parisaṃsṛj,1,1,1,1
parisaṃtuṣ,1,1,1,1
parisaṃvāray,1,1,1,1
parisaṃśudh,1,1,1,1
parivirāj,1,1,1,1
pariśāyay,1,1,1,1
pariṣṭambh,1,1,1,1
paruṣay,1,1,1,1
paryavalup,1,1,1,1
paryaṅkhay,1,1,1,1
paryudvij,1,1,1,1
paryunnī,1,1,1,1
paryutpātay,1,1,1,1
paryācikīrṣ,1,1,1,1
paryākulay,1,1,1,1
paryāplu,1,1,1,1
paryāvah,1,1,1,1
paryāṭay,1,1,1,1
parāpruth,1,1,1,1
parāstu,1,1,1,1
parāyāpay,1,1,1,1
pattīyāpay,1,1,1,1
paṅktīkṛ,1,1,1,1
paṇay,1,1,1,1
phalāy,1,1,1,1
phull,1,1,1,1
picchilay,1,1,1,1
piprīṣ,1,1,1,1
pipāyiṣ,1,1,1,1
pitūy,1,1,1,1
piñjaray,1,1,1,1
piśaṅgay,1,1,1,1
piśunay,1,1,1,1
popruth,1,1,1,1
potay,1,1,1,1
prabibhāvayiṣ,1,1,1,1
pradhraj,1,1,1,1
prahāvay,1,1,1,1
prakṣviḍ,1,1,1,1
pramadāy,1,1,1,1
pramanday,1,1,1,1
pramrad,1,1,1,1
pramumodayiṣ,1,1,1,1
prapay,1,1,1,1
prarohay,1,1,1,1
prasaṃcakṣ,1,1,1,1
prasaṃpaś,1,1,1,1
prastarīkṛ,1,1,1,1
prasvar,1,1,1,1
prasā,1,1,1,1
pratibhuj,1,1,1,1
pratidhā,1,1,1,1
pratigup,1,1,1,1
pratiharay,1,1,1,1
pratihiṃkṛ,1,1,1,1
pratimokṣ,1,1,1,1
pratininī,1,1,1,1
pratiniras,1,1,1,1
pratinirji,1,1,1,1
pratinirmā,1,1,1,1
pratiniryātay,1,1,1,1
pratinistṛ,1,1,1,1
pratinivap,1,1,1,1
pratiniṣpū,1,1,1,1
pratinyas,1,1,1,1
pratiprās,1,1,1,1
pratisaṃbodhay,1,1,1,1
pratisaṃbudh,1,1,1,1
pratisaṃcar,1,1,1,1
pratisaṃchad,1,1,1,1
pratisaṃchāday,1,1,1,1
pratisaṃhā,1,1,1,1
pratisaṃhāray,1,1,1,1
pratisaṃjan,1,1,1,1
pratisaṃkrāmay,1,1,1,1
pratisaṃkuñc,1,1,1,1
pratisaṃmiśray,1,1,1,1
pratisaṃsah,1,1,1,1
pratisaṃstambh,1,1,1,1
pratisaṃsthā,1,1,1,1
pratisaṃveṣṭ,1,1,1,1
pratisaṃvid,1,1,1,1
pratisaṃvāray,1,1,1,1
pratisaṃśru,1,1,1,1
prativibhū,1,1,1,1
prativiparī,1,1,1,1
prativivad,1,1,1,1
pratiśāyay,1,1,1,1
pratyabhihiṃkṛ,1,1,1,1
pratyabhihu,1,1,1,1
pratyabhiniryā,1,1,1,1
pratyabhiṣu,1,1,1,1
pratyabhyarcay,1,1,1,1
pratyakṣay,1,1,1,1
pratyapakram,1,1,1,1
pratyatikram,1,1,1,1
pratyavanī,1,1,1,1
pratyavasic,1,1,1,1
pratyudgrah,1,1,1,1
pratyudīr,1,1,1,1
pratyunmiṣ,1,1,1,1
pratyupanah,1,1,1,1
pratyupekṣ,1,1,1,1
pratyupās,1,1,1,1
pratyutpā,1,1,1,1
pratyādṛ,1,1,1,1
pratyākṛ,1,1,1,1
pratyāpān,1,1,1,1
pravinirdhū,1,1,1,1
probh,1,1,1,1
proccaṭ,1,1,1,1
procchal,1,1,1,1
procchvāsay,1,1,1,1
prodghāṭay,1,1,1,1
prodvejay,1,1,1,1
projjval,1,1,1,1
prollikh,1,1,1,1
pronmarday,1,1,1,1
pronmṛj,1,1,1,1
pronnī,1,1,1,1
prothay,1,1,1,1
prottolay,1,1,1,1
proñch,1,1,1,1
prārday,1,1,1,1
prāñj,1,1,1,1
prāṇāy,1,1,1,1
pulināy,1,1,1,1
purobhāvay,1,1,1,1
putriy,1,1,1,1
putrīy,1,1,1,1
puñjaray,1,1,1,1
pānthāy,1,1,1,1
pāpaṭh,1,1,1,1
pātray,1,1,1,1
pāṇḍurīkṛ,1,1,1,1
pāṭalay,1,1,1,1
pīyūṣavarṣāy,1,1,1,1
pūrvapakṣay,1,1,1,1
pūtkṛ,1,1,1,1
pṛkṣ,1,1,1,1
pṛthulay,1,1,1,1
raktasūryāy,1,1,1,1
ramāpay,1,1,1,1
randhanāy,1,1,1,1
rathakām,1,1,1,1
rathirāy,1,1,1,1
rathīy,1,1,1,1
raśanāy,1,1,1,1
rebhāy,1,1,1,1
rekṇasy,1,1,1,1
riph,1,1,1,1
riṅg,1,1,1,1
romāñc,1,1,1,1
roruc,1,1,1,1
rorud,1,1,1,1
rucay,1,1,1,1
ruvaṇy,1,1,1,1
rājapathāy,1,1,1,1
rārap,1,1,1,1
rāsabhāy,1,1,1,1
rāṇ,1,1,1,1
rūpāy,1,1,1,1
sacanasy,1,1,1,1
sacasy,1,1,1,1
samabhibhū,1,1,1,1
samabhivyāp,1,1,1,1
samabhivīkṣ,1,1,1,1
samabhyuddhṛ,1,1,1,1
samabhyudgam,1,1,1,1
samabhyūh,1,1,1,1
samabhīps,1,1,1,1
samadhiropay,1,1,1,1
samadhyas,1,1,1,1
samagray,1,1,1,1
samanveṣay,1,1,1,1
samanvi,1,1,1,1
samary,1,1,1,1
samavakṣi,1,1,1,1
samavavṛt,1,1,1,1
samavekṣay,1,1,1,1
samay,1,1,1,1
samparyāp,1,1,1,1
sampraṇidhā,1,1,1,1
samprer,1,1,1,1
samuccal,1,1,1,1
samucchad,1,1,1,1
samucchvāsay,1,1,1,1
samudbandh,1,1,1,1
samuddhā,1,1,1,1
samuddru,1,1,1,1
samuddīpay,1,1,1,1
samudgranth,1,1,1,1
samudyojay,1,1,1,1
samujjṛmbh,1,1,1,1
samunmīlay,1,1,1,1
samunnad,1,1,1,1
samunnāmay,1,1,1,1
samupagrah,1,1,1,1
samupanṛt,1,1,1,1
samupasaṃkram,1,1,1,1
samupasāday,1,1,1,1
samupaśliṣ,1,1,1,1
samutkalpay,1,1,1,1
samutkleśay,1,1,1,1
samutkūlay,1,1,1,1
samutpiṣ,1,1,1,1
samutpātay,1,1,1,1
samutpīḍay,1,1,1,1
samutpū,1,1,1,1
samutsad,1,1,1,1
samutsarpay,1,1,1,1
samuttras,1,1,1,1
samāman,1,1,1,1
samāvāp,1,1,1,1
samāyu,1,1,1,1
samāñj,1,1,1,1
saniṣvan,1,1,1,1
sanāy,1,1,1,1
sapatnāy,1,1,1,1
saray,1,1,1,1
sarīsṛp,1,1,1,1
sattrāy,1,1,1,1
satvanāy,1,1,1,1
saṃbṛṃh,1,1,1,1
saṃcākaś,1,1,1,1
saṃheṣ,1,1,1,1
saṃhāpay,1,1,1,1
saṃjṛmbhay,1,1,1,1
saṃkranday,1,1,1,1
saṃlaṅghay,1,1,1,1
saṃmukhyas,1,1,1,1
saṃnikṛ,1,1,1,1
saṃnipad,1,1,1,1
saṃnirvā,1,1,1,1
saṃniṣkṛṣ,1,1,1,1
saṃnyāsay,1,1,1,1
saṃpipādayiṣ,1,1,1,1
saṃprajvalay,1,1,1,1
saṃprakṣud,1,1,1,1
saṃpramlā,1,1,1,1
saṃpratipālay,1,1,1,1
saṃpratyah,1,1,1,1
saṃpratyāyay,1,1,1,1
saṃpravā,1,1,1,1
saṃprāpay,1,1,1,1
saṃprārth,1,1,1,1
saṃsphāy,1,1,1,1
saṃsraṃs,1,1,1,1
saṃvaś,1,1,1,1
saṃvici,1,1,1,1
saṃvyavahār,1,1,1,1
saṃvyāp,1,1,1,1
saṃvīkṣ,1,1,1,1
seṣidh,1,1,1,1
siprāy,1,1,1,1
siṃhāy,1,1,1,1
siṣādh,1,1,1,1
skubh,1,1,1,1
smeray,1,1,1,1
soṣav,1,1,1,1
sphar,1,1,1,1
sphuray,1,1,1,1
srambhay,1,1,1,1
sriv,1,1,1,1
stabakay,1,1,1,1
staumay,1,1,1,1
stavay,1,1,1,1
staṃs,1,1,1,1
sthūlasthūṇāghaṭāy,1,1,1,1
stitīrṣ,1,1,1,1
stṛh,1,1,1,1
subhagay,1,1,1,1
sukratūy,1,1,1,1
sup,1,1,1,1
susmūrṣ,1,1,1,1
suvarṇībhū,1,1,1,1
suṣups,1,1,1,1
svadhay,1,1,1,1
svahastay,1,1,1,1
svajanāy,1,1,1,1
svalpaśilāy,1,1,1,1
svatantrīkṛ,1,1,1,1
svād,1,1,1,1
sākṣādbhū,1,1,1,1
sāsah,1,1,1,1
sātīy,1,1,1,1
sāyakāy,1,1,1,1
tandrāy,1,1,1,1
tantas,1,1,1,1
tantasy,1,1,1,1
tanūbhū,1,1,1,1
taptabaḍiśāy,1,1,1,1
taralīkṛ,1,1,1,1
tarjāpay,1,1,1,1
taruṣy,1,1,1,1
taḍ,1,1,1,1
taṃstan,1,1,1,1
taṭ,1,1,1,1
tilvilāy,1,1,1,1
titaṃs,1,1,1,1
titṛts,1,1,1,1
tiḍ,1,1,1,1
tiṣṭhighiṣ,1,1,1,1
tiṣṭhās,1,1,1,1
totud,1,1,1,1
toṣṭuv,1,1,1,1
tudāy,1,1,1,1
tup,1,1,1,1
tuṇḍay,1,1,1,1
tuṣay,1,1,1,1
tvakṣ,1,1,1,1
tvaṃkṛ,1,1,1,1
tāntīkṛ,1,1,1,1
tātap,1,1,1,1
tīkṣṇīkṛ,1,1,1,1
tīmay,1,1,1,1
tūtūrṣ,1,1,1,1
tūṇīrāy,1,1,1,1
u,1,1,1,1
ucchiṣṭīkṛ,1,1,1,1
ucchī,1,1,1,1
uccyāvay,1,1,1,1
uccṛt,1,1,1,1
udah,1,1,1,1
udantīkṛ,1,1,1,1
udany,1,1,1,1
udavāp,1,1,1,1
uddham,1,1,1,1
uddhvā,1,1,1,1
uddṛh,1,1,1,1
udgamay,1,1,1,1
udgarj,1,1,1,1
udrecay,1,1,1,1
udruc,1,1,1,1
udrudh,1,1,1,1
udvas,1,1,1,1
udvelay,1,1,1,1
udvyudas,1,1,1,1
udvṛj,1,1,1,1
udāhvā,1,1,1,1
udāhāray,1,1,1,1
udāsṛ,1,1,1,1
ujjan,1,1,1,1
ujjigīṣ,1,1,1,1
ujjāgaray,1,1,1,1
ujjīv,1,1,1,1
ujjṛmbh,1,1,1,1
ukṣaṇy,1,1,1,1
ullasay,1,1,1,1
ullaṅgh,1,1,1,1
ullekhay,1,1,1,1
ullip,1,1,1,1
ulliṅg,1,1,1,1
ulliṅgay,1,1,1,1
ullok,1,1,1,1
ullolay,1,1,1,1
ulloḍay,1,1,1,1
ulluñc,1,1,1,1
ullāḍay,1,1,1,1
unmarday,1,1,1,1
unmathay,1,1,1,1
unmi,1,1,1,1
unmud,1,1,1,1
unmukulay,1,1,1,1
unmānay,1,1,1,1
unmāpay,1,1,1,1
unmūl,1,1,1,1
unninīṣ,1,1,1,1
upadhāvay,1,1,1,1
upadhṛ,1,1,1,1
upamīv,1,1,1,1
upanamasy,1,1,1,1
upanaś,1,1,1,1
upanirdiś,1,1,1,1
upanirvartay,1,1,1,1
upanī,1,1,1,1
upapalyay,1,1,1,1
upapipādayiṣ,1,1,1,1
upaprāp,1,1,1,1
upardh,1,1,1,1
upasamārabh,1,1,1,1
upasaṃbandh,1,1,1,1
upasaṃbhid,1,1,1,1
upasaṃbhram,1,1,1,1
upasaṃcar,1,1,1,1
upasaṃghuṣ,1,1,1,1
upasaṃjighṛkṣ,1,1,1,1
upasaṃkalpay,1,1,1,1
upasaṃkramay,1,1,1,1
upasaṃkrāmay,1,1,1,1
upasaṃkuñc,1,1,1,1
upasaṃkṣip,1,1,1,1
upasaṃkﾱp,1,1,1,1
upasaṃmṛj,1,1,1,1
upasaṃnyāsay,1,1,1,1
upasaṃrodhay,1,1,1,1
upasaṃruh,1,1,1,1
upasaṃspṛś,1,1,1,1
upasaṃsṛp,1,1,1,1
upasaṃvraj,1,1,1,1
upasaṃyam,1,1,1,1
upasaṃyojay,1,1,1,1
upasaṃyu,1,1,1,1
upasaṃyā,1,1,1,1
upasvar,1,1,1,1
upavid,1,1,1,1
upavyāvṛt,1,1,1,1
upavāday,1,1,1,1
upavīṇay,1,1,1,1
upendh,1,1,1,1
upond,1,1,1,1
upotkṛṣ,1,1,1,1
upotsnā,1,1,1,1
upoṣay,1,1,1,1
upānāyay,1,1,1,1
upārpay,1,1,1,1
upāvapat,1,1,1,1
upāñc,1,1,1,1
utkalāpay,1,1,1,1
utpipatiṣ,1,1,1,1
utprāsay,1,1,1,1
utpuṃsay,1,1,1,1
utpīḍāy,1,1,1,1
utsavay,1,1,1,1
utsavāy,1,1,1,1
utsyand,1,1,1,1
uttaṃsīkṛ,1,1,1,1
uṣṇāy,1,1,1,1
vadhary,1,1,1,1
vadiṣ,1,1,1,1
vairāy,1,1,1,1
vajrāy,1,1,1,1
vakray,1,1,1,1
vakṣay,1,1,1,1
varcay,1,1,1,1
varīvar,1,1,1,1
varīvarjay,1,1,1,1
vasnay,1,1,1,1
vasāy,1,1,1,1
vaṇṭ,1,1,1,1
vehāy,1,1,1,1
vellay,1,1,1,1
vetālalīlāy,1,1,1,1
vevlīy,1,1,1,1
vicalay,1,1,1,1
vicikalpayiṣ,1,1,1,1
vidheyīkṛ,1,1,1,1
vidhūmay,1,1,1,1
vidṛh,1,1,1,1
vihvalīkṛ,1,1,1,1
vijigās,1,1,1,1
vijihās,1,1,1,1
vikrośay,1,1,1,1
vimāthīkṛ,1,1,1,1
vinirbandh,1,1,1,1
vinirbhañj,1,1,1,1
vinirbhrāmay,1,1,1,1
vinirdham,1,1,1,1
vinirgṛ,1,1,1,1
vinirjñā,1,1,1,1
vinirmajj,1,1,1,1
vinirmocay,1,1,1,1
vinirvartay,1,1,1,1
vinirvāsay,1,1,1,1
vinirvṛ,1,1,1,1
viniḥsṛp,1,1,1,1
viniṣkāray,1,1,1,1
viniṣkṛt,1,1,1,1
viniṣpiṇḍay,1,1,1,1
viniṣpāday,1,1,1,1
vinonud,1,1,1,1
viparisṛp,1,1,1,1
vipariṇī,1,1,1,1
vipay,1,1,1,1
vipināy,1,1,1,1
vipramad,1,1,1,1
viprokṣ,1,1,1,1
vipulay,1,1,1,1
visaṃkas,1,1,1,1
vitaṇḍ,1,1,1,1
vithury,1,1,1,1
vivejay,1,1,1,1
vivraj,1,1,1,1
vivyats,1,1,1,1
vivācayiṣ,1,1,1,1
vivṛkṣ,1,1,1,1
viśālay,1,1,1,1
viṣṭhay,1,1,1,1
vrad,1,1,1,1
vrajay,1,1,1,1
vraṇay,1,1,1,1
vyacaskṛ,1,1,1,1
vyapasaṃsṛ,1,1,1,1
vyapekṣ,1,1,1,1
vyapojh,1,1,1,1
vyatisaṃdah,1,1,1,1
vyativartay,1,1,1,1
vyatiśaṅk,1,1,1,1
vyavajihīrṣ,1,1,1,1
vyavalikh,1,1,1,1
vyavasṛ,1,1,1,1
vyavaśātay,1,1,1,1
vyudānī,1,1,1,1
vyutkṛṣ,1,1,1,1
vyābhuj,1,1,1,1
vyādhay,1,1,1,1
vyādhāy,1,1,1,1
vyājvalay,1,1,1,1
vyālabh,1,1,1,1
vyāvap,1,1,1,1
vāgurāy,1,1,1,1
vārttībhū,1,1,1,1
vās,1,1,1,1
vāvac,1,1,1,1
vāyay,1,1,1,1
vīrarasāy,1,1,1,1
vīṅkay,1,1,1,1
vīṅkh,1,1,1,1
vīṅkhay,1,1,1,1
vṛjināy,1,1,1,1
vṛkāy,1,1,1,1
yabh,1,1,1,1
yajñāy,1,1,1,1
yamāy,1,1,1,1
yaṃyam,1,1,1,1
yiyaps,1,1,1,1
yiyaṃs,1,1,1,1
yogāy,1,1,1,1
yūh,1,1,1,1
yūhay,1,1,1,1
ñjay,1,1,1,1
ābharaṇāy,1,1,1,1
ābṛṃh,1,1,1,1
ācikhyās,1,1,1,1
āhvāpay,1,1,1,1
ākaṇ,1,1,1,1
ālay,1,1,1,1
āmahay,1,1,1,1
āpipayiṣ,1,1,1,1
ārogyāpay,1,1,1,1
āsaṃji,1,1,1,1
āsisaṅkṣ,1,1,1,1
ātāray,1,1,1,1
āvaraṇīkṛ,1,1,1,1
āvekṣ,1,1,1,1
āvirdhā,1,1,1,1
āyāpay,1,1,1,1
īhay,1,1,1,1
īj,1,1,1,1
īṃkṛ,1,1,1,1
īṅkh,1,1,1,1
śabalīkṛ,1,1,1,1
śabd,1,1,1,1
śakracāpāy,1,1,1,1
śakrāy,1,1,1,1
śarmay,1,1,1,1
śastray,1,1,1,1
śavalay,1,1,1,1
śaṅkay,1,1,1,1
śaṅkhāy,1,1,1,1
ścal,1,1,1,1
ścam,1,1,1,1
ścyutay,1,1,1,1
ścṛt,1,1,1,1
śekharay,1,1,1,1
śikhāy,1,1,1,1
śithilāy,1,1,1,1
śiśiray,1,1,1,1
ślathāy,1,1,1,1
śodhāpay,1,1,1,1
śrathary,1,1,1,1
śrāpay,1,1,1,1
śubhray,1,1,1,1
śubhāy,1,1,1,1
śuṇ,1,1,1,1
śvasay,1,1,1,1
śvañcay,1,1,1,1
śvetadvīpāy,1,1,1,1
śvetāy,1,1,1,1
śāntay,1,1,1,1
śārīkṛ,1,1,1,1
śīkāy,1,1,1,1
śīrṇay,1,1,1,1
śītalay,1,1,1,1
śūlāy,1,1,1,1
śūrīkṛ,1,1,1,1
śṛṅgāy,1,1,1,1
ūnay,1,1,1,1
ūrdhvīkṛ,1,1,1,1
ūṅkhay,1,1,1,1
ḍhakkay,1,1,1,1
ḍolay,1,1,1,1
ḍī,1,1,1,1
ṇikṣ,1,1,1,1
ṇāday,1,1,1,1
ṣan,1,1,1,1
ṣenay,1,1,1,1
ṣkambhay,1,1,1,1
ṣpluṣ,1,1,1,1
ṣvañj,1,1,1,1
ṣvāday,1,1,1,1
ṣvāpay,1,1,1,1
ṣṇā,1,1,1,1
ṣṭhiv,1,1,1,1
ṭaṅk,1,1,1,1
ṭīk,1,1,1,1
