corpus,style,rank,root,valency,tokens,pct_of_corpus_tokens,in_canonical_polyvalent
Ṛgveda,śruti,1,as,10,1380,4.14,
Ṛgveda,śruti,2,kṛ,44,1227,3.68,yes
Ṛgveda,śruti,3,dhā,40,1037,3.11,yes
Ṛgveda,śruti,4,bhū,26,849,2.55,yes
Ṛgveda,śruti,5,pā,24,727,2.18,
Ṛgveda,śruti,6,gam,38,634,1.90,yes
Ṛgveda,śruti,7,pū,13,611,1.83,
Ṛgveda,śruti,8,i,16,607,1.82,
Ṛgveda,śruti,9,vid,24,602,1.81,
Ṛgveda,śruti,10,yā,30,590,1.77,
Ṛgveda,śruti,11,jan,24,553,1.66,
Ṛgveda,śruti,12,bhṛ,34,519,1.56,
Ṛgveda,śruti,13,su,11,505,1.52,
Ṛgveda,śruti,14,hvā,17,454,1.36,
Ṛgveda,śruti,15,han,36,396,1.19,
Ṛgveda,śruti,16,dā,32,385,1.16,yes
Ṛgveda,śruti,17,vah,26,379,1.14,
Ṛgveda,śruti,18,av,14,367,1.10,
Ṛgveda,śruti,19,vṛdh,16,364,1.09,
Ṛgveda,śruti,20,śru,21,363,1.09,
Ṛgveda,śruti,21,sthā,25,362,1.09,yes
Ṛgveda,śruti,22,vṛ,39,330,0.99,
Ṛgveda,śruti,23,yam,27,329,0.99,
Ṛgveda,śruti,24,sad,25,278,0.83,
Ṛgveda,śruti,25,yaj,18,277,0.83,
Ṛgveda,śruti,26,stu,19,264,0.79,
Ṛgveda,śruti,27,juṣ,11,261,0.78,
Ṛgveda,śruti,28,mad,17,240,0.72,
Ṛgveda,śruti,29,sṛj,24,226,0.68,
Ṛgveda,śruti,30,dāś,8,224,0.67,
Ṛgveda,śruti,31,gṛ,10,222,0.67,
Ṛgveda,śruti,32,yuj,20,221,0.66,
Ṛgveda,śruti,33,vac,20,211,0.63,
Ṛgveda,śruti,34,car,20,208,0.62,
Ṛgveda,śruti,35,aś,13,199,0.60,
Ṛgveda,śruti,36,gā,19,196,0.59,
Ṛgveda,śruti,37,tṛ,22,193,0.58,
Ṛgveda,śruti,38,indh,12,191,0.57,
Ṛgveda,śruti,39,cit,14,177,0.53,
Ṛgveda,śruti,40,hu,15,173,0.52,
Ṛgveda,śruti,41,ji,19,170,0.51,
Ṛgveda,śruti,42,vas,21,169,0.51,
Ṛgveda,śruti,43,vaś,6,165,0.50,
Ṛgveda,śruti,44,sac,12,164,0.49,
Ṛgveda,śruti,45,nī,21,162,0.49,yes
Ṛgveda,śruti,46,pṛ,13,158,0.47,
Ṛgveda,śruti,47,hi,11,152,0.46,
Ṛgveda,śruti,48,paś,18,150,0.45,
Ṛgveda,śruti,49,duh,13,146,0.44,
Ṛgveda,śruti,50,īḍ,8,143,0.43,
Atharvaveda (Śaunaka),śruti,1,as,14,934,6.42,
Atharvaveda (Śaunaka),śruti,2,kṛ,39,665,4.57,yes
Atharvaveda (Śaunaka),śruti,3,bhū,35,554,3.81,yes
Atharvaveda (Śaunaka),śruti,4,vid,21,482,3.31,
Atharvaveda (Śaunaka),śruti,5,dhā,61,467,3.21,yes
Atharvaveda (Śaunaka),śruti,6,han,27,268,1.84,
Atharvaveda (Śaunaka),śruti,7,gam,35,266,1.83,yes
Atharvaveda (Śaunaka),śruti,8,i,14,263,1.81,
Atharvaveda (Śaunaka),śruti,9,dā,35,258,1.77,yes
Atharvaveda (Śaunaka),śruti,10,jan,18,254,1.74,
Atharvaveda (Śaunaka),śruti,11,muc,18,222,1.52,
Atharvaveda (Śaunaka),śruti,12,bhṛ,23,188,1.29,
Atharvaveda (Śaunaka),śruti,13,dviṣ,7,174,1.20,
Atharvaveda (Śaunaka),śruti,14,sthā,21,171,1.17,yes
Atharvaveda (Śaunaka),śruti,15,hvā,13,132,0.91,
Atharvaveda (Śaunaka),śruti,16,sṛj,26,125,0.86,
Atharvaveda (Śaunaka),śruti,17,ji,20,125,0.86,
Atharvaveda (Śaunaka),śruti,18,pā,17,121,0.83,
Atharvaveda (Śaunaka),śruti,19,viś,22,115,0.79,
Atharvaveda (Śaunaka),śruti,20,car,16,114,0.78,
Atharvaveda (Śaunaka),śruti,21,hu,9,112,0.77,
Atharvaveda (Śaunaka),śruti,22,vah,25,110,0.76,
Atharvaveda (Śaunaka),śruti,23,duh,7,110,0.76,
Atharvaveda (Śaunaka),śruti,24,e,9,108,0.74,
Atharvaveda (Śaunaka),śruti,25,ruh,23,108,0.74,
Atharvaveda (Śaunaka),śruti,26,brū,11,105,0.72,
Atharvaveda (Śaunaka),śruti,27,vad,24,105,0.72,
Atharvaveda (Śaunaka),śruti,28,yam,25,102,0.70,
Atharvaveda (Śaunaka),śruti,29,yaj,9,102,0.70,
Atharvaveda (Śaunaka),śruti,30,paś,17,93,0.64,
Atharvaveda (Śaunaka),śruti,31,kram,22,92,0.63,
Atharvaveda (Śaunaka),śruti,32,hṛ,19,92,0.63,yes
Atharvaveda (Śaunaka),śruti,33,ah,1,88,0.60,
Atharvaveda (Śaunaka),śruti,34,grah,21,86,0.59,
Atharvaveda (Śaunaka),śruti,35,mā,22,85,0.58,
Atharvaveda (Śaunaka),śruti,36,nī,19,83,0.57,yes
Atharvaveda (Śaunaka),śruti,37,jīv,11,83,0.57,
Atharvaveda (Śaunaka),śruti,38,yā,15,83,0.57,
Atharvaveda (Śaunaka),śruti,39,ad,7,79,0.54,
Atharvaveda (Śaunaka),śruti,40,vṛ,19,77,0.53,
Atharvaveda (Śaunaka),śruti,41,bandh,16,75,0.52,
Atharvaveda (Śaunaka),śruti,42,hā,17,75,0.52,
Atharvaveda (Śaunaka),śruti,43,rakṣ,8,75,0.52,
Atharvaveda (Śaunaka),śruti,44,gā,19,73,0.50,
Atharvaveda (Śaunaka),śruti,45,pṛ,9,70,0.48,
Atharvaveda (Śaunaka),śruti,46,vas,14,67,0.46,
Atharvaveda (Śaunaka),śruti,47,vac,13,65,0.45,
Atharvaveda (Śaunaka),śruti,48,yuj,12,65,0.45,
Atharvaveda (Śaunaka),śruti,49,tan,20,64,0.44,
Atharvaveda (Śaunaka),śruti,50,pat,23,64,0.44,
Mahābhārata,smriti,1,vac,38,12152,5.60,
Mahābhārata,smriti,2,kṛ,255,10461,4.82,yes
Mahābhārata,smriti,3,gam,175,8377,3.86,yes
Mahābhārata,smriti,4,bhū,105,7831,3.61,yes
Mahābhārata,smriti,5,as,31,6338,2.92,
Mahābhārata,smriti,6,han,113,5541,2.55,
Mahābhārata,smriti,7,dṛś,49,5488,2.53,
Mahābhārata,smriti,8,sthā,106,3970,1.83,yes
Mahābhārata,smriti,9,śru,38,3940,1.82,
Mahābhārata,smriti,10,brū,25,3706,1.71,
Mahābhārata,smriti,11,dā,90,3469,1.60,yes
Mahābhārata,smriti,12,yā,135,3002,1.38,
Mahābhārata,smriti,13,vṛt,142,2853,1.31,
Mahābhārata,smriti,14,jñā,109,2550,1.17,yes
Mahābhārata,smriti,15,vid,34,2387,1.10,
Mahābhārata,smriti,16,yuj,101,2182,1.01,
Mahābhārata,smriti,17,pat,83,2154,0.99,
Mahābhārata,smriti,18,prāp,12,2079,0.96,
Mahābhārata,smriti,19,man,45,2050,0.94,
Mahābhārata,smriti,20,ji,46,1952,0.90,
Mahābhārata,smriti,21,grah,86,1815,0.84,
Mahābhārata,smriti,22,hṛ,155,1798,0.83,yes
Mahābhārata,smriti,23,pad,93,1766,0.81,
Mahābhārata,smriti,24,paś,40,1743,0.80,
Mahābhārata,smriti,25,viś,82,1737,0.80,
Mahābhārata,smriti,26,jan,47,1729,0.80,
Mahābhārata,smriti,27,iṣ,11,1696,0.78,
Mahābhārata,smriti,28,car,89,1686,0.78,
Mahābhārata,smriti,29,muc,67,1570,0.72,
Mahābhārata,smriti,30,dhā,132,1500,0.69,yes
Mahābhārata,smriti,31,vṛ,48,1468,0.68,
Mahābhārata,smriti,32,sṛj,81,1426,0.66,
Mahābhārata,smriti,33,krudh,19,1408,0.65,
Mahābhārata,smriti,34,vyadh,50,1326,0.61,
Mahābhārata,smriti,35,yam,63,1269,0.58,
Mahābhārata,smriti,36,labh,49,1170,0.54,
Mahābhārata,smriti,37,vas,62,1143,0.53,
Mahābhārata,smriti,38,dru,58,1128,0.52,
Mahābhārata,smriti,39,pūjay,40,1107,0.51,
Mahābhārata,smriti,40,vāray,57,1040,0.48,
Mahābhārata,smriti,41,chid,17,1005,0.46,
Mahābhārata,smriti,42,arh,6,999,0.46,
Mahābhārata,smriti,43,tyaj,40,998,0.46,
Mahābhārata,smriti,44,sāday,51,957,0.44,
Mahābhārata,smriti,45,hā,51,948,0.44,
Mahābhārata,smriti,46,yudh,36,934,0.43,
Mahābhārata,smriti,47,kram,112,908,0.42,
Mahābhārata,smriti,48,nī,97,907,0.42,yes
Mahābhārata,smriti,49,pracch,42,875,0.40,
Mahābhārata,smriti,50,hṛṣ,26,856,0.39,
Rāmāyaṇa,smriti,1,gam,124,2799,5.48,yes
Rāmāyaṇa,smriti,2,kṛ,125,2595,5.08,yes
Rāmāyaṇa,smriti,3,dṛś,26,1764,3.46,
Rāmāyaṇa,smriti,4,vac,20,1578,3.09,
Rāmāyaṇa,smriti,5,bhū,49,1437,2.81,yes
Rāmāyaṇa,smriti,6,han,56,1335,2.62,
Rāmāyaṇa,smriti,7,brū,12,1200,2.35,
Rāmāyaṇa,smriti,8,śru,26,1161,2.27,
Rāmāyaṇa,smriti,9,as,13,1093,2.14,
Rāmāyaṇa,smriti,10,sthā,70,1044,2.05,yes
Rāmāyaṇa,smriti,11,pat,58,755,1.48,
Rāmāyaṇa,smriti,12,dā,47,695,1.36,yes
Rāmāyaṇa,smriti,13,viś,53,627,1.23,
Rāmāyaṇa,smriti,14,yā,73,600,1.18,
Rāmāyaṇa,smriti,15,grah,55,583,1.14,
Rāmāyaṇa,smriti,16,vṛt,83,550,1.08,
Rāmāyaṇa,smriti,17,jñā,66,530,1.04,yes
Rāmāyaṇa,smriti,18,vṛ,22,476,0.93,
Rāmāyaṇa,smriti,19,paś,19,455,0.89,
Rāmāyaṇa,smriti,20,hṛ,87,453,0.89,yes
Rāmāyaṇa,smriti,21,prāp,11,437,0.86,
Rāmāyaṇa,smriti,22,yuj,41,428,0.84,
Rāmāyaṇa,smriti,23,pad,59,421,0.82,
Rāmāyaṇa,smriti,24,hṛṣ,14,404,0.79,
Rāmāyaṇa,smriti,25,nī,76,391,0.77,yes
Rāmāyaṇa,smriti,26,kram,72,368,0.72,
Rāmāyaṇa,smriti,27,krudh,7,363,0.71,
Rāmāyaṇa,smriti,28,vas,38,340,0.67,
Rāmāyaṇa,smriti,29,iṣ,8,331,0.65,
Rāmāyaṇa,smriti,30,dhā,75,320,0.63,yes
Rāmāyaṇa,smriti,31,arh,2,307,0.60,
Rāmāyaṇa,smriti,32,muc,38,300,0.59,
Rāmāyaṇa,smriti,33,man,31,292,0.57,
Rāmāyaṇa,smriti,34,car,50,289,0.57,
Rāmāyaṇa,smriti,35,tyaj,27,284,0.56,
Rāmāyaṇa,smriti,36,sāday,29,277,0.54,
Rāmāyaṇa,smriti,37,sṛj,34,259,0.51,
Rāmāyaṇa,smriti,38,jan,21,245,0.48,
Rāmāyaṇa,smriti,39,dīp,7,239,0.47,
Rāmāyaṇa,smriti,40,ji,22,223,0.44,
Rāmāyaṇa,smriti,41,kṣip,49,222,0.43,
Rāmāyaṇa,smriti,42,hā,28,218,0.43,
Rāmāyaṇa,smriti,43,yam,20,217,0.43,
Rāmāyaṇa,smriti,44,tap,24,210,0.41,
Rāmāyaṇa,smriti,45,vid,13,209,0.41,
Rāmāyaṇa,smriti,46,cintay,32,203,0.40,
Rāmāyaṇa,smriti,47,khyā,24,202,0.40,
Rāmāyaṇa,smriti,48,bhāṣ,37,202,0.40,
Rāmāyaṇa,smriti,49,pūjay,29,201,0.39,
Rāmāyaṇa,smriti,50,bhid,20,192,0.38,
Aṣṭāvakragīta,smriti (gītā),1,kṛ,11,60,7.26,yes
Aṣṭāvakragīta,smriti (gītā),2,as,7,44,5.33,
Aṣṭāvakragīta,smriti (gītā),3,dṛś,6,40,4.84,
Aṣṭāvakragīta,smriti (gītā),4,bhū,10,37,4.48,yes
Aṣṭāvakragīta,smriti (gītā),5,sthā,9,35,4.24,yes
Aṣṭāvakragīta,smriti (gītā),6,muc,5,34,4.12,
Aṣṭāvakragīta,smriti (gītā),7,vac,5,27,3.27,
Aṣṭāvakragīta,smriti (gītā),8,śam,7,26,3.15,
Aṣṭāvakragīta,smriti (gītā),9,jñā,7,23,2.78,yes
Aṣṭāvakragīta,smriti (gītā),10,muh,3,20,2.42,
Aṣṭāvakragīta,smriti (gītā),11,gam,8,17,2.06,yes
Aṣṭāvakragīta,smriti (gītā),12,hā,6,17,2.06,
Aṣṭāvakragīta,smriti (gītā),13,śudh,2,13,1.57,
Aṣṭāvakragīta,smriti (gītā),14,āp,3,11,1.33,
Aṣṭāvakragīta,smriti (gītā),15,yā,3,11,1.33,
Aṣṭāvakragīta,smriti (gītā),16,ās,1,11,1.33,
Aṣṭāvakragīta,smriti (gītā),17,tyaj,7,10,1.21,
Aṣṭāvakragīta,smriti (gītā),18,prāp,2,9,1.09,
Aṣṭāvakragīta,smriti (gītā),19,vṛt,6,9,1.09,
Aṣṭāvakragīta,smriti (gītā),20,gal,2,9,1.09,
Aṣṭāvakragīta,smriti (gītā),21,śru,4,8,0.97,
Aṣṭāvakragīta,smriti (gītā),22,sañj,3,8,0.97,
Aṣṭāvakragīta,smriti (gītā),23,tṛp,2,8,0.97,
Aṣṭāvakragīta,smriti (gītā),24,iṣ,2,7,0.85,
Aṣṭāvakragīta,smriti (gītā),25,car,3,7,0.85,
Aṣṭāvakragīta,smriti (gītā),26,ści,2,7,0.85,
Aṣṭāvakragīta,smriti (gītā),27,dā,3,7,0.85,yes
Aṣṭāvakragīta,smriti (gītā),28,paś,4,6,0.73,
Aṣṭāvakragīta,smriti (gītā),29,jan,2,6,0.73,
Aṣṭāvakragīta,smriti (gītā),30,grah,4,6,0.73,
Aṣṭāvakragīta,smriti (gītā),31,khid,3,6,0.73,
Aṣṭāvakragīta,smriti (gītā),32,śubh,1,6,0.73,
Aṣṭāvakragīta,smriti (gītā),33,vid,3,5,0.61,
Aṣṭāvakragīta,smriti (gītā),34,śram,3,5,0.61,
Aṣṭāvakragīta,smriti (gītā),35,kalpay,2,5,0.61,
Aṣṭāvakragīta,smriti (gītā),36,bandh,1,5,0.61,
Aṣṭāvakragīta,smriti (gītā),37,pṛ,1,5,0.61,
Aṣṭāvakragīta,smriti (gītā),38,bhās,2,5,0.61,
Aṣṭāvakragīta,smriti (gītā),39,spṛś,2,5,0.61,
Aṣṭāvakragīta,smriti (gītā),40,udi,2,5,0.61,
Aṣṭāvakragīta,smriti (gītā),41,kup,1,5,0.61,
Aṣṭāvakragīta,smriti (gītā),42,vraj,2,5,0.61,
Aṣṭāvakragīta,smriti (gītā),43,śuc,2,5,0.61,
Aṣṭāvakragīta,smriti (gītā),44,kṣi,1,5,0.61,
Aṣṭāvakragīta,smriti (gītā),45,rāj,2,5,0.61,
Aṣṭāvakragīta,smriti (gītā),46,brū,3,4,0.48,
Aṣṭāvakragīta,smriti (gītā),47,vī,1,4,0.48,
Aṣṭāvakragīta,smriti (gītā),48,bhā,1,4,0.48,
Aṣṭāvakragīta,smriti (gītā),49,bhid,1,4,0.48,
Aṣṭāvakragīta,smriti (gītā),50,rañj,1,4,0.48,
